ID,Nombre,Tipo,Año,Temp_media,Temp_max,Temp_min,Num_pixeles
0,Zona_0,Urbano,2013,42.25065527711867,46.908228920000056,38.592186260000005,236
1,Zona_1,Urbano,2013,38.70248877449212,49.300842920000036,33.24640298000003,443
2,Zona_2,Urbano,2013,43.675197705135155,45.83497064000005,38.380269020000014,74
3,Zona_3,Urbano,2013,43.82190387161292,45.67090568000003,41.524847420000015,279
4,Zona_4,Urbano,2013,39.64465372661657,45.243653180000024,33.677073500000006,133
5,Zona_5,Urbano,2013,41.907300096363656,43.56540536,37.55310817999998,374
6,Zona_6,Urbano,2013,42.691301690997804,45.93751124000005,38.54775200000006,451
7,Zona_7,Urbano,2013,39.48712890100315,44.36864006000002,30.067644380000047,319
8,Zona_8,Urbano,2013,31.60498935200002,40.35588458000001,21.00989138,85
9,Zona_9,Urbano,2013,35.42602656246065,41.162537300000054,31.674113780000027,1016
10,Zona_10,Urbano,2013,38.31146677839026,41.50092128000006,32.593561160000036,410
11,Zona_11,Urbano,2013,32.0896550287623,38.674218740000015,26.54708377999998,1018
12,Zona_12,Urbano,2013,39.124285881015055,42.59126966000002,35.77915580000001,532
13,Zona_13,Urbano,2013,42.56453961234043,45.28808744000003,39.248446100000024,423
14,Zona_14,Urbano,2013,39.963149267887346,44.15672282000003,35.99107304000006,426
15,Zona_15,Urbano,2013,46.106218240675695,52.07627516000002,39.193757780000055,444
16,Zona_16,Urbano,2013,44.21518381169927,48.302781080000045,40.96087412000003,665
17,Zona_17,Urbano,2013,45.8672350829243,52.41807716000005,38.22987613999999,1149
18,Zona_18,Urbano,2013,38.95887680330916,42.97066988000006,29.00122213999998,689
19,Zona_19,Urbano,2013,40.164407850813205,43.192841180000016,33.86506459999998,455
20,Zona_20,Urbano,2013,37.5131134172414,42.85787521999998,33.11651821999999,261
21,Zona_21,Urbano,2013,36.632832542593874,41.44965098,30.395774300000028,293
22,Zona_22,Urbano,2013,36.0121084842637,41.18646344000001,16.976627780000058,713
23,Zona_23,Urbano,2013,38.09450859689798,43.23727544000002,30.952911560000018,490
24,Zona_24,Urbano,2013,41.753386002971446,48.52495238000006,36.85241408000002,350
25,Zona_25,Urbano,2013,45.37620885180329,49.65631700000006,38.00770484000003,366
26,Zona_26,Urbano,2013,44.08095148366974,47.84818442000005,32.51836472000002,327
27,Zona_27,Urbano,2013,42.174516124859835,45.47266051999998,37.57703432000005,321
28,Zona_28,Urbano,2013,43.678771906614806,46.39894393999998,40.32170438000003,257
29,Zona_29,Urbano,2013,38.64345656000001,44.847162860000026,31.284459500000025,276
30,Zona_30,Urbano,2013,42.81690739388103,46.83645050000001,34.26839096000003,353
31,Zona_31,Urbano,2013,43.19535832651165,46.40919800000006,40.74553886000001,258
32,Zona_32,Urbano,2013,40.705710186031766,44.58055730000001,35.4544439,567
33,Zona_33,Urbano,2013,36.83457175166025,41.50092128000006,31.65360566000004,518
34,Zona_34,Urbano,2013,33.81987078000002,38.821193600000015,28.403068640000015,360
35,Zona_35,Urbano,2013,42.104818174262306,45.31884962000004,35.444189840000035,244
36,Zona_36,Urbano,2013,44.54537332703799,46.25196907999998,41.74018268000003,395
37,Zona_37,Urbano,2013,39.682842032402704,46.915064959999995,28.563715580000007,745
38,Zona_38,Urbano,2013,40.60828094257145,44.471180660000016,32.68926571999998,140
39,Zona_39,Urbano,2013,43.54142518015812,45.56494706000001,40.66008836000003,253
40,Zona_40,Urbano,2013,43.28249452433478,55.39517258000001,38.147843660000035,466
41,Zona_41,Urbano,2013,39.65427170273738,45.42822626000003,36.00474512000005,811
42,Zona_42,Urbano,2013,40.64008264775906,42.52974530000006,36.739619420000054,415
43,Zona_43,Urbano,2013,35.72839358405407,37.64197669999999,31.527138920000027,74
44,Zona_44,Urbano,2013,34.143855454210545,47.57816084000001,12.246088100000009,646
45,Zona_45,Urbano,2013,43.316182165478274,45.814462520000006,41.02239847999999,690
46,Zona_46,Urbano,2013,35.63922076439026,41.09075888000001,32.32011956000002,738
47,Zona_47,Urbano,2013,40.962475800869576,43.89695330000001,39.45010927999999,207
48,Zona_48,Urbano,2013,40.19148187098816,41.94184586000006,32.97637940000004,253
49,Zona_49,Urbano,2013,38.071981144307706,40.76262896000003,32.238087080000014,195
50,Zona_50,Urbano,2013,43.093866292222245,46.303239380000036,39.96623030000001,486
51,Zona_51,Urbano,2013,38.3371046713124,44.22166520000002,35.218600519999995,541
52,Zona_52,Urbano,2013,39.04543259111113,41.30609414000003,31.86210488000006,81
53,Zona_53,Urbano,2013,40.33634947299272,43.291963760000044,38.069229199999995,274
54,Zona_54,Urbano,2013,47.9473729849421,50.94491054000002,41.213807599999996,259
55,Zona_55,Urbano,2013,44.433582440000016,49.04790944000001,38.10340940000003,490
56,Zona_56,Urbano,2013,40.477176373831796,45.752938159999985,35.211764480000056,321
57,Zona_57,Urbano,2013,42.597039083829806,44.75829434000002,40.017500600000005,282
58,Zona_58,Urbano,2013,33.28943497538463,38.725489040000014,19.86143665999998,78
59,Zona_59,Urbano,2013,39.31899153561646,42.85787521999998,31.920211220000056,438
60,Zona_60,Urbano,2013,36.024532991792995,40.458425180000006,33.55744279999999,541
61,Zona_61,Urbano,2013,39.53895150753848,43.07321048000006,34.09748996000002,260
62,Zona_62,Urbano,2013,39.72067022912373,46.83303248000004,33.27032912000004,388
63,Zona_63,Urbano,2013,44.61247557500002,47.07571189999999,40.58147389999999,544
64,Zona_64,Urbano,2013,45.41518081700002,54.47230718000003,38.71865300000002,1140
65,Zona_65,Urbano,2013,40.98030435817429,44.85741691999999,36.514030100000014,241
66,Zona_66,Urbano,2013,39.456036408314624,44.471180660000016,36.117539780000016,267
67,Zona_67,Urbano,2013,41.22115818064518,42.74508056000002,36.869504180000035,186
68,Zona_68,Urbano,2013,34.16588711290324,41.05316066,28.21507754000004,1302
69,Zona_69,Urbano,2013,34.53008804264153,40.882259660000045,29.589121579999983,477
70,Zona_70,Urbano,2013,40.92531687597124,42.87154730000003,38.04530306000004,278
71,Zona_71,Urbano,2013,36.84558205176059,42.06147656000002,33.50275448000002,852
72,Zona_72,Urbano,2013,41.26692285397729,45.82129856000006,37.73426324000002,352
73,Zona_73,Urbano,2013,43.36387935806022,45.51709477999998,41.26849592000002,299
74,Zona_74,Urbano,2013,41.94079224703885,43.767068540000025,40.294360220000044,412
75,Zona_75,Urbano,2013,43.67425883367349,46.26905918,38.16151574000003,392
76,Zona_76,Urbano,2013,36.68175085530437,42.23237756000003,33.348943580000025,460
77,Zona_77,Urbano,2013,38.29236893900001,41.24115175999998,34.81527416000006,120
78,Zona_78,Urbano,2013,41.48868032219514,45.178710799999976,38.527243880000015,246
79,Zona_79,Urbano,2013,43.14021695578477,49.49225204000004,34.760585839999976,669
80,Zona_80,Urbano,2013,42.52208218355557,45.32226764000001,39.193757780000055,405
81,Zona_81,Urbano,2013,41.0639011797753,43.53122516000002,37.09167548000005,267
82,Zona_82,Urbano,2013,36.78120195917161,40.38322874000005,30.751248379999993,169
83,Zona_83,Urbano,2013,41.572292346931526,46.590353059999984,34.27864502,730
84,Zona_84,Urbano,2013,36.73584781172416,41.65131416000003,25.767775220000033,580
85,Zona_85,Urbano,2013,43.35734685891119,45.110350400000016,40.41740894000003,349
86,Zona_86,Urbano,2013,43.42310572275864,45.15478466000002,41.849559320000026,174
87,Zona_87,Urbano,2013,45.39108310183434,49.60846472000003,40.23625388000005,338
88,Zona_88,Urbano,2013,36.786228783636375,40.81389926000003,31.219517119999978,66
89,Zona_89,Urbano,2013,40.62804755638144,43.732888340000045,37.74793532000001,409
90,Zona_90,Urbano,2013,39.086482760405424,44.79589256000003,35.16049418,148
91,Zona_91,Urbano,2013,44.16139236116924,45.732430040000054,42.310992020000015,325
92,Zona_92,Urbano,2013,38.11296332503559,43.739724379999984,32.55596294000003,703
93,Zona_93,Urbano,2013,41.151143900000015,49.290588860000014,35.30746904,345
94,Zona_94,Urbano,2013,43.56018622766469,45.165038719999984,41.68207633999998,167
95,Zona_95,Urbano,2013,43.07930469697804,44.37889412000004,40.742120839999984,364
96,Zona_96,Urbano,2013,44.454581599492975,47.171416460000046,40.70110460000001,355
97,Zona_97,Urbano,2013,41.441525318957076,43.42868456000002,38.02821296000002,326
98,Zona_98,Urbano,2013,43.76855973500002,46.699729700000034,40.05509882000001,408
99,Zona_99,Urbano,2013,43.49700158411169,45.61963537999998,38.42470328000002,394
100,Zona_100,Urbano,2013,42.5795880398642,45.84180667999999,38.02479493999999,589
101,Zona_101,Urbano,2013,39.227127929017364,42.26997577999998,36.97204478000003,173
102,Zona_102,Urbano,2013,30.297092996105054,33.81379430000004,27.36057254000002,457
103,Zona_103,Urbano,2013,37.51289532076925,41.76410882000005,27.029024600000014,234
104,Zona_104,Urbano,2013,34.773426933486256,40.85833352000003,29.78736674000004,218
105,Zona_105,Urbano,2013,19.180128602727294,32.16289064,9.846638060000032,396
106,Zona_106,Urbano,2013,39.200834384457494,42.895473440000046,35.86802432000002,341
107,Zona_107,Urbano,2013,38.17612550690268,43.52780714000005,34.24788283999999,226
108,Zona_108,Urbano,2013,47.75340112320315,50.613362600000016,43.910625380000056,256
109,Zona_109,Urbano,2013,36.132526483076944,44.48485274000001,19.888780820000022,182
110,Zona_110,Urbano,2013,43.18739576912208,47.058621800000026,37.71375512000003,467
111,Zona_111,Urbano,2013,44.12445312899566,46.92531902000002,40.98480026000004,458
112,Zona_112,Urbano,2013,40.82717866929506,44.898433160000025,37.93592641999999,383
113,Zona_113,Urbano,2013,38.73987736291779,44.01316598000005,34.07698184000003,377
114,Zona_114,Urbano,2013,42.90074332842107,46.13917442000002,38.29140050000001,323
115,Zona_115,Urbano,2013,43.05128889308272,45.486332600000026,40.62932618000002,266
116,Zona_116,Urbano,2013,37.578273352250015,41.28558601999998,34.65462722000001,480
117,Zona_117,Urbano,2013,41.10558012189658,44.77196642000001,37.90174622000001,116
118,Zona_118,Urbano,2013,42.60992163668877,45.54443894000002,37.32410084000003,302
119,Zona_119,Urbano,2013,43.45968372272002,44.85741691999999,40.181565560000024,375
120,Zona_120,Urbano,2013,35.766682577761216,46.42628810000002,28.850829260000012,1072
121,Zona_121,Urbano,2013,39.882226815542474,44.29686164000003,31.011017900000013,848
122,Zona_122,Urbano,2013,38.9720277407787,43.914043400000025,29.93775962000001,488
123,Zona_123,Urbano,2013,30.735523791712176,36.001327100000026,17.178290960000027,403
124,Zona_124,Urbano,2013,40.29339336972113,41.95551794000005,35.96372888000002,251
125,Zona_125,Urbano,2013,41.654670673213396,46.009289660000036,33.728343800000005,778
126,Zona_126,Urbano,2013,43.70471672636874,47.00735150000003,36.99938894000002,537
127,Zona_127,Urbano,2013,45.29130659338183,50.92440241999998,36.17564612000001,550
128,Zona_128,Urbano,2013,41.92068279005989,46.29640333999998,37.019897060000005,501
129,Zona_129,Urbano,2013,39.37488521963638,43.93113349999999,32.631159379999986,495
130,Zona_130,Urbano,2013,38.53963078448002,42.18794330000003,33.48224635999998,250
131,Zona_131,Urbano,2013,42.824772263270155,47.54398064000003,36.787471700000026,422
132,Zona_132,Urbano,2013,40.22802874320199,44.11912460000002,37.590706400000045,406
133,Zona_133,Urbano,2013,42.48293641557897,44.48485274000001,41.51459336000005,95
134,Zona_134,Urbano,2013,34.67682156320002,38.30165456000003,31.93046528000002,375
135,Zona_135,Urbano,2013,39.201835408461555,44.491688780000004,32.05009598000004,468
136,Zona_136,Urbano,2013,40.52788192603776,43.097136620000015,35.211764480000056,159
137,Zona_137,Urbano,2013,42.418186016321854,45.783700339999996,40.07560694000006,783
138,Zona_138,Urbano,2013,39.635295850769246,44.71044205999999,34.75033178000001,156
139,Zona_139,Urbano,2013,43.28982610579806,45.24023516,39.921796040000004,307
140,Zona_140,Urbano,2013,44.04758565910831,46.993679420000035,40.424244980000026,471
141,Zona_141,Urbano,2013,40.89679033354069,46.06055995999998,32.91485504000002,418
142,Zona_142,Urbano,2013,43.844861305709536,46.57326296000002,41.15911928000003,599
143,Zona_143,Urbano,2013,39.54244200945948,41.965772000000015,37.590706400000045,74
144,Zona_144,Urbano,2013,41.465069493576664,45.05224406000002,36.96862676000001,411
145,Zona_145,Urbano,2013,40.962799972129055,45.67774172000003,36.41490752000004,465
146,Zona_146,Urbano,2013,39.16967875731632,42.59810570000002,36.14488394,313
147,Zona_147,Urbano,2013,38.56562289370609,41.68549436000001,33.793286179999996,626
148,Zona_148,Urbano,2013,44.45064357372884,45.64014350000002,40.89934976000001,236
149,Zona_149,Urbano,2013,34.31759481000002,38.99209460000003,28.761960740000006,306
150,Zona_150,Urbano,2013,46.43574301729579,51.91904624000006,37.23523232000002,710
151,Zona_151,Urbano,2013,32.71716367942817,39.24161006000003,19.611921199999983,1364
152,Zona_152,Urbano,2013,40.74817095783082,44.69335196000003,35.362157360000026,461
153,Zona_153,Urbano,2013,39.13517998896554,43.79441270000001,31.40750822000001,232
154,Zona_154,Urbano,2013,42.24340046557459,47.45853013999999,36.27818672000001,409
155,Zona_155,Urbano,2013,43.77956618184836,49.881906319999985,38.35292486000003,844
156,Zona_156,Urbano,2013,42.25127111528949,47.63284915999998,36.91393844000004,760
157,Zona_157,Urbano,2013,28.69508565759164,34.336751359999994,25.624218380000002,191
158,Zona_158,Urbano,2013,42.049217601701514,46.08106808000002,38.209368020000056,670
159,Zona_159,Urbano,2013,40.79976679363267,43.33298000000002,36.22008038000001,245
160,Zona_160,Urbano,2013,36.799060924062516,41.20355354000003,35.14340407999998,256
161,Zona_161,Urbano,2013,42.42291491227275,44.48827075999998,39.36807680000004,396
162,Zona_162,Urbano,2013,44.744160036654826,48.02250344000004,37.310428760000036,281
163,Zona_163,Urbano,2013,42.17507585116733,48.22074859999998,37.78895155999999,1542
164,Zona_164,Urbano,2013,39.090473444166676,42.41011460000004,33.37286972000004,216
165,Zona_165,Urbano,2013,40.603691030000014,47.342317460000004,35.78940985999998,290
166,Zona_166,Urbano,2013,38.5648748396552,42.181107259999976,33.810376280000014,522
167,Zona_167,Urbano,2013,41.322668128717964,44.58055730000001,37.70350106000001,351
168,Zona_168,Urbano,2013,43.330084955737725,45.59229121999999,40.86516956000003,183
169,Zona_169,Urbano,2013,36.84989619390778,43.421848520000026,34.00178540000002,824
170,Zona_170,Urbano,2013,43.70613726109591,46.14942847999998,40.84466143999998,219
171,Zona_171,Urbano,2013,35.84427269907847,40.48235132000002,32.333791640000015,803
172,Zona_172,Urbano,2013,14.223628751724162,26.553919820000033,9.703081220000058,174
173,Zona_173,Urbano,2013,37.97880517389224,40.472097260000055,31.339147819999994,334
174,Zona_174,Urbano,2013,40.18912586446099,41.80512506000002,38.28798247999998,269
175,Zona_175,Urbano,2013,40.4836522964706,44.160140840000054,35.70395936,289
176,Zona_176,Urbano,2013,46.424563075180735,51.70712900000001,42.54683540000002,747
177,Zona_177,Urbano,2013,40.826507154353585,43.94138756000001,37.28992063999999,379
178,Zona_178,Urbano,2013,43.8067866229091,48.82232012000003,36.94128260000002,495
179,Zona_179,Urbano,2013,42.80833321905194,45.21289100000001,40.45158914000001,443
180,Zona_180,Urbano,2013,39.58053839133335,42.51607322000001,34.39143968000002,270
181,Zona_181,Urbano,2013,43.44136152025318,45.58887320000002,38.458883480000054,632
182,Zona_182,Urbano,2013,38.81844697678573,46.41603404,30.67605193999998,392
183,Zona_183,Urbano,2013,43.44968423471574,45.94092926000002,40.23283586000002,299
184,Zona_184,Urbano,2013,37.12156761854548,40.51653152000006,30.62136362000001,385
185,Zona_185,Urbano,2013,46.43638265240001,50.85262399999999,40.509695480000005,450
186,Zona_186,Urbano,2013,35.892365071893515,42.198197359999995,32.58330710000001,676
187,Zona_187,Urbano,2013,39.925657478810834,43.24069345999999,35.30405102000003,185
188,Zona_188,Urbano,2013,45.92005004068573,48.98296706000002,42.38960648,350
189,Zona_189,Urbano,2013,35.18943918481014,39.344150660000025,32.34746372000001,158
190,Zona_190,Urbano,2013,40.793267410769246,46.945827140000006,30.720486199999982,663
191,Zona_191,Urbano,2013,34.26377829223303,42.950161760000015,20.38439372000005,618
192,Zona_192,Urbano,2013,43.408861801336776,46.51515662000003,39.21426589999999,389
193,Zona_193,Urbano,2013,38.28732667184246,48.162642259999984,29.756604560000028,787
194,Zona_194,Urbano,2013,39.71144191890246,45.59570924000002,31.872358940000026,492
195,Zona_195,Urbano,2013,43.0905635046154,46.21437086000003,40.11662318000003,208
196,Zona_196,Urbano,2013,44.21538510301206,46.70998376,40.92669392000005,332
197,Zona_197,Urbano,2013,39.812626552727295,42.84762116000002,37.35486302000004,99
198,Zona_198,Urbano,2013,34.787164574671834,41.295840080000005,30.101824580000027,1554
199,Zona_199,Urbano,2013,42.923849954540195,52.29844646000004,35.758647680000024,1033
200,Zona_200,Urbano,2013,35.37500738455698,41.63422406000001,22.964998820000005,79
201,Zona_201,Urbano,2013,37.757179021886806,42.721154420000005,31.383582079999996,318
202,Zona_202,Urbano,2013,39.81762591883723,43.72947032000002,35.44077182000001,344
203,Zona_203,Urbano,2013,41.844329857224,45.014645840000014,38.78701339999998,317
204,Zona_204,Urbano,2013,40.81444024158275,46.48097642000005,36.462759800000015,417
205,Zona_205,Urbano,2013,38.79688318556215,42.71431838000001,32.73369997999998,169
206,Zona_206,Urbano,2013,43.47732044720526,46.443378199999984,38.97842251999998,458
207,Zona_207,Urbano,2013,41.22826315561715,45.602545280000015,37.46423966000003,397
208,Zona_208,Urbano,2013,39.647392659480545,42.50240114000002,32.60723324000003,231
209,Zona_209,Urbano,2013,40.3927547010651,42.23921360000003,37.823131760000024,169
210,Zona_210,Urbano,2013,41.879349710000014,44.06785430000002,37.40955134000001,408
211,Zona_211,Urbano,2013,44.79101397638769,46.95266318000006,41.870067440000014,227
212,Zona_212,Urbano,2013,40.993717951278214,47.27737508000001,36.3943994,133
213,Zona_213,Urbano,2013,37.06162213367313,43.473118820000025,30.464134700000045,569
214,Zona_214,Urbano,2013,42.358165769128036,47.77298798000004,37.64197669999999,539
215,Zona_215,Urbano,2013,43.813097876000015,45.64356152000005,40.889095699999984,270
216,Zona_216,Urbano,2013,34.37077229741937,39.76456712000004,29.910415460000024,279
217,Zona_217,Urbano,2013,37.82753375545457,42.51949123999998,32.709773840000025,264
218,Zona_218,Urbano,2013,35.308886925268155,42.36568034000004,28.14329912000005,634
219,Zona_219,Urbano,2013,38.73811969203127,44.030256080000015,31.25027929999999,512
220,Zona_220,Urbano,2013,39.5554351880483,42.07856665999998,35.20834646000003,497
221,Zona_221,Urbano,2013,31.065988913383478,34.83578227999999,27.227269760000013,665
222,Zona_222,Urbano,2013,38.2679517977143,44.25242738000003,32.19365282000001,630
223,Zona_223,Urbano,2013,43.29152625344001,45.59570924000002,39.70304276000002,125
224,Zona_224,Urbano,2013,40.15898591272729,46.65871346000006,27.87327554000001,363
225,Zona_225,Urbano,2013,43.87624949183208,46.87063069999999,40.044844760000046,262
226,Zona_226,Urbano,2013,37.971285866830144,44.324205800000016,12.772463180000045,571
227,Zona_227,Urbano,2013,37.16693533410021,41.83930526000006,34.24104680000005,539
228,Zona_228,Urbano,2013,41.37653434662318,45.390628040000024,36.83190596000003,613
229,Zona_229,Urbano,2013,39.4402209340741,43.95847766000003,30.14284082000006,243
230,Zona_230,Urbano,2013,43.550987027655,47.92338086000001,38.78701339999998,371
231,Zona_231,Urbano,2013,44.45190814002772,48.05668364000002,41.27191393999999,722
232,Zona_232,Urbano,2013,41.7756078541722,44.82323672000001,38.09315534000001,302
233,Zona_233,Urbano,2013,35.385279260000026,41.12152106000002,30.812772740000014,357
234,Zona_234,Urbano,2013,39.77366920873616,43.69529011999998,33.09942812000003,451
235,Zona_235,Urbano,2013,45.61778826818185,49.93317662000004,40.12004120000006,396
236,Zona_236,Urbano,2013,39.2032753605525,44.52586898000004,35.53989439999998,181
237,Zona_237,Urbano,2013,40.605051842536405,42.816858980000006,33.73176182000003,481
238,Zona_238,Urbano,2013,27.714819638461556,31.95439141999998,21.24231673999998,156
239,Zona_239,Urbano,2013,41.37396290698632,46.38185384000002,34.06330976000004,438
240,Zona_240,Urbano,2013,41.996643932935804,44.10545252000003,37.310428760000036,218
241,Zona_241,Urbano,2013,43.628847464045826,47.239776860000006,38.94766034000003,262
242,Zona_242,Urbano,2013,46.760713535906994,49.23590053999999,42.38960648,215
243,Zona_243,Urbano,2013,44.345589266585385,46.80568832000006,40.67034242,328
244,Zona_244,Urbano,2013,41.59888239689322,47.80716818000002,38.69472686000006,103
245,Zona_245,Urbano,2013,39.76301304117157,42.772424720000004,35.300633000000005,717
246,Zona_246,Urbano,2013,40.1498023884286,43.30221782000001,35.97740096000001,140
247,Zona_247,Urbano,2013,34.580117790664474,42.051222499999994,29.069582540000056,602
248,Zona_248,Urbano,2013,31.833007045364532,37.21472419999998,27.107639059999997,727
249,Zona_249,Urbano,2013,38.58767921785491,44.59764740000003,31.236607219999996,317
250,Zona_250,Urbano,2013,41.72335342889476,45.21289100000001,37.607796500000006,380
251,Zona_251,Urbano,2013,37.95989455041771,43.35007010000004,13.972188200000005,407
252,Zona_252,Urbano,2013,41.40576529111112,43.22360336000003,39.00918469999999,243
253,Zona_253,Urbano,2013,41.61373140615386,44.09178043999998,37.98036067999999,221
254,Zona_254,Urbano,2013,41.34512484583556,47.28079309999998,32.299611440000035,754
255,Zona_255,Urbano,2013,43.37612419019457,45.028317920000006,40.017500600000005,257
256,Zona_256,Urbano,2013,39.16611583795457,44.64549968000006,33.36261566000002,264
257,Zona_257,Urbano,2013,43.26274358576549,45.69824984000002,40.49944142000004,614
258,Zona_258,Urbano,2013,44.687594656808535,47.08596596000001,41.18988146000004,282
259,Zona_259,Urbano,2013,44.16894457389579,46.85354060000003,38.558006060000025,403
260,Zona_260,Urbano,2013,40.52908101500002,46.64504138000001,30.894805220000023,204
261,Zona_261,Urbano,2013,32.66948040709679,34.83236426000002,30.05055428000003,279
262,Zona_262,Urbano,2013,44.499689366637185,47.4004238,42.02729636000004,226
263,Zona_263,Urbano,2013,43.08038162000002,46.42287008000005,41.26507790000005,153
264,Zona_264,Urbano,2013,39.8606347952887,42.59810570000002,35.45102588000003,433
265,Zona_265,Urbano,2013,43.90408655913045,45.99219956000002,41.33343830000001,207
266,Zona_266,Urbano,2013,41.6298086505574,44.95653950000002,34.182940460000054,305
267,Zona_267,Urbano,2013,38.72393539454548,40.66350638000006,37.21472419999998,33
268,Zona_268,Urbano,2013,42.50466173523811,45.25048922000002,39.046782920000055,378
269,Zona_269,Urbano,2013,40.90354666508851,45.38037398000006,33.22247684000001,452
270,Zona_270,Urbano,2013,44.75236537406515,48.20024048000005,36.67125901999998,829
271,Zona_271,Rural,2013,25.566131701873005,33.0447398,13.81495928000004,4346
272,Zona_272,Rural,2013,26.769122358540013,33.93342500000006,18.00545180000006,3863
273,Zona_273,Rural,2013,35.96010016013701,43.98582182000001,30.361594100000048,146
274,Zona_274,Rural,2013,26.101302678979305,44.90868722000005,20.51427848000003,9464
275,Zona_275,Rural,2013,23.088430438428173,31.961227460000032,9.14936197999998,3410
276,Zona_276,Rural,2013,23.387318340936275,30.214619240000047,14.276391980000028,3012
277,Zona_277,Rural,2013,32.91518621406443,44.05418222000003,27.09738500000003,3602
278,Zona_278,Rural,2013,28.723571633743994,34.57943078000005,22.951326740000013,3734
279,Zona_279,Rural,2013,25.34471557451556,31.595499320000044,21.584118740000008,1641
280,Zona_280,Rural,2013,32.18170027346061,42.77926076000006,26.26338812000006,3248
281,Zona_281,Rural,2013,27.35704947943456,33.60187705999999,22.216452440000012,8135
282,Zona_282,Rural,2013,27.461903440853785,38.000868800000035,13.667984420000039,16679
283,Zona_283,Rural,2013,28.751449290039076,37.94959849999998,23.638348759999985,4608
284,Zona_284,Rural,2013,31.74886491457748,39.48087146,26.041216820000045,2272
285,Zona_285,Rural,2013,25.497162842394182,32.220996979999995,21.310677140000053,3425
286,Zona_286,Rural,2013,25.864908929638613,31.78349042000002,19.827256460000058,5783
287,Zona_287,Rural,2013,30.561418518698506,36.01499918000002,25.651562539999986,3227
288,Zona_288,Rural,2013,26.10353701749256,29.01147620000006,20.95520306000003,2345
289,Zona_289,Rural,2013,29.619436107259258,38.475973580000016,22.58218058,7414
290,Zona_290,Rural,2013,25.38304466439482,30.758084420000046,21.809708060000048,1925
291,Zona_291,Rural,2013,30.080479393877575,33.82063033999998,25.333686680000028,2303
292,Zona_292,Rural,2013,35.93209956283263,44.864252960000044,24.438165440000034,4194
293,Zona_293,Rural,2013,26.700505202457727,34.760585839999976,19.81016636000004,3133
294,Zona_294,Rural,2013,27.064091550471716,28.895263520000015,24.53045198000001,424
295,Zona_295,Rural,2013,22.7686229282705,33.608713100000045,7.877858540000034,6921
296,Zona_296,Rural,2013,19.10020721321544,30.665797880000014,8.633240960000023,5654
297,Zona_297,Rural,2013,29.22757992109377,33.40704992000002,23.75797946,1152
298,Zona_298,Rural,2013,26.21958916480213,31.71513002000006,20.015247560000034,3411
299,Zona_299,Rural,2013,26.757593572979456,36.38756336000006,14.854037360000007,7441
300,Zona_300,Rural,2013,23.528039613355197,36.527702180000006,13.073248939999985,15567
301,Zona_301,Rural,2013,28.950147905284574,37.75477136000001,21.669569239999987,4428
302,Zona_302,Rural,2013,33.23569777776343,39.952558220000014,27.247777880000058,2629
303,Zona_303,Rural,2013,31.880663384037287,38.609276360000024,24.687680900000032,966
304,Zona_304,Rural,2013,32.37207355765723,42.68013818000003,25.340522720000024,7299
305,Zona_305,Rural,2013,25.985733006298787,46.35450967999998,11.753893220000009,19172
306,Zona_306,Rural,2013,24.62175320608352,30.566675300000043,18.162680720000026,5533
307,Zona_307,Rural,2013,28.667257443540233,43.63034774000005,21.56361062000002,8169
308,Zona_308,Rural,2013,23.06119724120157,32.00224370000001,10.369595119999985,4644
309,Zona_309,Rural,2013,32.684278323398516,40.21232773999998,28.447502900000018,1995
310,Zona_310,Rural,2013,28.495423323579537,36.15855601999999,22.753081580000014,2207
311,Zona_311,Rural,2013,27.878751666554894,36.44225168000003,20.370721640000056,1312
312,Zona_312,Rural,2013,28.787387846829454,32.97979742000001,22.999179020000042,2908
313,Zona_313,Rural,2013,29.2027367104348,35.70395936,24.615902480000045,2185
314,Zona_314,Rural,2013,28.977568829506463,36.10044968,20.046009740000045,9158
315,Zona_315,Rural,2013,25.887803565052018,36.343129100000056,14.730988640000021,10289
316,Zona_316,Rural,2013,22.967055850042716,33.646311319999995,-8.764480839999976,10774
317,Zona_317,Rural,2013,24.07691450875583,31.011017900000013,9.621048739999992,3440
318,Zona_318,Rural,2013,26.996305466672784,33.97785926000006,22.55825444000004,2185
319,Zona_319,Rural,2013,25.72676108256516,42.61861382000001,14.447292980000043,22759
320,Zona_320,Rural,2013,30.93711031968506,37.706919080000034,27.67844839999998,1143
321,Zona_321,Rural,2013,29.88384852418606,34.234210759999996,24.321952760000045,1935
322,Zona_322,Rural,2013,29.220764657285564,35.66294312000002,17.643141679999985,1702
323,Zona_323,Rural,2013,30.359180023081002,39.52872374000003,22.36684532000004,3408
324,Zona_324,Rural,2013,27.61753696947852,33.83430242000003,20.063099840000007,3279
325,Zona_325,Rural,2013,30.270355934730556,36.89001230000002,19.929797060000055,1503
326,Zona_326,Rural,2013,36.95885249659629,41.93159179999998,33.15753446000002,805
327,Zona_327,Rural,2013,36.166217099310366,41.20013552,31.578409220000026,58
328,Zona_328,Rural,2013,38.13506323739132,40.10978713999998,35.02035536000005,207
329,Zona_329,Rural,2013,38.10072643806454,43.702126160000034,32.268849260000025,372
330,Zona_330,Rural,2013,35.02143388113881,40.67717846000005,23.809249760000057,843
331,Zona_331,Rural,2013,32.68388944387464,38.17176979999999,26.512903580000057,2297
0,Zona_0,Urbano,2014,40.43317175186442,46.336961280000025,36.78017736000004,236
1,Zona_1,Urbano,2014,37.976955012866824,46.254928800000016,32.55208662000001,443
2,Zona_2,Urbano,2014,40.39593443594597,42.07469034000002,35.79236958000001,74
3,Zona_3,Urbano,2014,40.97831448387098,43.00780980000002,38.81389926000003,279
4,Zona_4,Urbano,2014,36.7263114207519,41.72605229999999,30.68926571999998,133
5,Zona_5,Urbano,2014,35.71288690636365,40.35542628000002,15.003971940000042,374
6,Zona_6,Urbano,2014,41.55847079614192,44.750999999999976,36.52040784000002,451
7,Zona_7,Urbano,2014,36.077243867586226,40.40327855999999,27.729260400000044,319
8,Zona_8,Urbano,2014,37.84008525600002,38.540457660000015,36.759669239999994,85
9,Zona_9,Urbano,2014,32.069553702047266,39.36420048000002,22.53045198000001,1016
10,Zona_10,Urbano,2014,36.38604630746343,39.56244564000002,30.053514000000007,410
11,Zona_11,Urbano,2014,30.76114486750493,37.183503719999976,21.51188202000003,1018
12,Zona_12,Urbano,2014,36.26192328992484,41.03903028000002,27.24390156000004,532
13,Zona_13,Urbano,2014,39.33957134297874,42.057600240000056,35.720591160000026,423
14,Zona_14,Urbano,2014,37.421810320985934,41.23385742000005,29.88603102000002,426
15,Zona_15,Urbano,2014,44.33992920729731,49.76865336000003,38.000410500000044,444
16,Zona_16,Urbano,2014,41.81202192784964,47.061581520000004,38.755792919999976,665
17,Zona_17,Urbano,2014,36.724522237127964,49.72421910000003,8.308070760000021,1149
18,Zona_18,Urbano,2014,38.595012037271424,42.18748500000004,24.861541620000025,689
19,Zona_19,Urbano,2014,35.29649375538463,38.735284800000045,17.851182600000016,455
20,Zona_20,Urbano,2014,34.269910135172424,40.64937600000002,20.066059559999985,261
21,Zona_21,Urbano,2014,16.473825530375446,31.943679060000022,3.7381780200000208,293
22,Zona_22,Urbano,2014,37.19029661528754,40.635703920000026,31.943679060000022,713
23,Zona_23,Urbano,2014,34.66729690702043,39.56586365999999,25.025606580000044,490
24,Zona_24,Urbano,2014,39.153738339942876,45.54398064000003,34.196154240000055,350
25,Zona_25,Urbano,2014,43.311873497213135,47.153868060000036,35.51550996000003,366
26,Zona_26,Urbano,2014,42.036548581651395,43.43164428,40.69381026000002,327
27,Zona_27,Urbano,2014,33.873774260186934,41.40475842000001,23.93525820000002,321
28,Zona_28,Urbano,2014,40.41580686677044,42.39256620000003,37.12197936000001,257
29,Zona_29,Urbano,2014,40.70051007456524,42.881343060000006,38.86516956000003,276
30,Zona_30,Urbano,2014,38.00512601201136,42.994137720000026,31.81721232000001,353
31,Zona_31,Urbano,2014,42.33852703883723,45.33889943999998,39.57611772000001,258
32,Zona_32,Urbano,2014,36.05692553365081,41.879863200000045,21.012851100000034,567
33,Zona_33,Urbano,2014,31.850580905212368,38.25334398000001,14.098196640000026,518
34,Zona_34,Urbano,2014,29.146096151500025,34.10044968,16.986423540000033,360
35,Zona_35,Urbano,2014,39.5250015110656,42.18748500000004,31.45832022000002,244
36,Zona_36,Urbano,2014,37.42887428992407,42.16355886000002,25.767316919999985,395
37,Zona_37,Urbano,2014,37.734263734630886,44.37501780000002,27.98219388000001,745
38,Zona_38,Urbano,2014,38.38737919285717,41.24752950000004,30.27910331999999,140
39,Zona_39,Urbano,2014,38.33071552363638,43.37011991999998,24.065142960000003,253
40,Zona_40,Urbano,2014,39.14402424746783,49.85410386000001,34.69860318000002,466
41,Zona_41,Urbano,2014,37.885087095240465,43.91358509999998,33.43051776000004,811
42,Zona_42,Urbano,2014,38.97332724346989,41.34665208000001,34.97546280000006,415
43,Zona_43,Urbano,2014,27.50002211270272,29.055452160000016,22.75945932000002,74
44,Zona_44,Urbano,2014,39.389364726315804,44.72707386000002,34.99938894000002,646
45,Zona_45,Urbano,2014,41.43536208313045,44.84328654000001,39.456487020000054,690
46,Zona_46,Urbano,2014,33.503000162439044,39.05657868000003,30.303029460000005,738
47,Zona_47,Urbano,2014,36.56020217913045,39.835887240000034,30.138964500000043,207
48,Zona_48,Urbano,2014,37.53784296332017,39.70600248000005,27.28149977999999,253
49,Zona_49,Urbano,2014,32.58046495015387,36.53407992000001,26.495355180000047,195
50,Zona_50,Urbano,2014,39.19692848888891,42.51903293999999,35.85047592000001,486
51,Zona_51,Urbano,2014,34.21763532687618,39.41547078000002,20.175436200000036,541
52,Zona_52,Urbano,2014,34.75333369777779,36.49989972000003,29.445106440000018,81
53,Zona_53,Urbano,2014,38.190459896715346,40.485311040000056,36.33583476000001,274
54,Zona_54,Urbano,2014,45.510658244247125,48.37410120000004,40.23579558000006,259
55,Zona_55,Urbano,2014,42.295361896530636,46.603566839999985,36.88955400000003,490
56,Zona_56,Urbano,2014,39.78100725532712,44.586935040000014,32.95199495999998,321
57,Zona_57,Urbano,2014,40.50842509723406,43.893076980000046,38.03800871999999,282
58,Zona_58,Urbano,2014,28.7379706869231,31.284001200000034,25.863021480000043,78
59,Zona_59,Urbano,2014,37.47185038438358,41.33298000000002,29.181918900000028,438
60,Zona_60,Urbano,2014,34.69107848162664,38.43449903999999,28.457298659999992,541
61,Zona_61,Urbano,2014,38.58547035415386,41.53464317999999,29.27762346000003,260
62,Zona_62,Urbano,2014,37.02654788922682,43.91016708000001,31.769360040000038,388
63,Zona_63,Urbano,2014,38.028565183125025,42.717278100000044,25.305884220000053,544
64,Zona_64,Urbano,2014,41.55474053794739,49.05770519999999,22.69109892000006,1140
65,Zona_65,Urbano,2014,39.5545884487967,44.06055995999998,36.380269020000014,241
66,Zona_66,Urbano,2014,37.76644895123597,41.507299020000005,34.43883366,267
67,Zona_67,Urbano,2014,39.42991467096776,41.46628278000003,36.05555712,186
68,Zona_68,Urbano,2014,30.584194420092185,38.63616222000002,8.12691570000004,1302
69,Zona_69,Urbano,2014,32.50350344264153,38.00724653999998,27.110598780000032,477
70,Zona_70,Urbano,2014,39.437306763884905,41.45261070000004,37.09121718000006,278
71,Zona_71,Urbano,2014,34.96227614302819,40.15376309999999,28.402610340000024,852
72,Zona_72,Urbano,2014,37.55505803045457,43.458988439999985,24.208699799999977,352
73,Zona_73,Urbano,2014,37.20977331852845,39.641060100000004,35.460821640000006,299
74,Zona_74,Urbano,2014,40.15461760500002,41.507299020000005,37.43301918000003,412
75,Zona_75,Urbano,2014,41.58934021943879,44.38527185999999,36.328998720000016,392
76,Zona_76,Urbano,2014,30.401312395956538,35.74793532000001,16.439540340000008,460
77,Zona_77,Urbano,2014,36.834153592500016,39.59320782000003,33.003265260000035,120
78,Zona_78,Urbano,2014,40.47076361341465,44.36818176000003,36.97158648000004,246
79,Zona_79,Urbano,2014,40.4593412408072,45.90287274000002,31.34210754000003,669
80,Zona_80,Urbano,2014,37.583513334666684,41.39450436000004,23.72334096000003,405
81,Zona_81,Urbano,2014,39.09589231078653,40.816858980000006,35.66932086000003,267
82,Zona_82,Urbano,2014,33.140714158934934,37.51846968000001,27.749768520000032,169
83,Zona_83,Urbano,2014,35.031106292712344,42.36864006000002,11.674820459999978,730
84,Zona_84,Urbano,2014,33.43572729393105,38.50285944000001,16.097738339999978,580
85,Zona_85,Urbano,2014,35.66642190893985,41.47995486000002,13.766648700000019,349
86,Zona_86,Urbano,2014,40.811928387931054,43.20263694000005,36.411031200000025,174
87,Zona_87,Urbano,2014,43.683293474378715,48.00153702,38.23625388000005,338
88,Zona_88,Urbano,2014,33.10477009636365,36.769923300000016,28.600855500000023,66
89,Zona_89,Urbano,2014,37.21448318244501,40.43404074,32.312825220000036,409
90,Zona_90,Urbano,2014,37.895421858648675,42.48485274000001,34.74987348000002,148
91,Zona_91,Urbano,2014,26.201805105415406,40.74508056000002,11.042486760000031,325
92,Zona_92,Urbano,2014,35.11735195741112,40.59810570000002,25.473367199999984,703
93,Zona_93,Urbano,2014,38.268185121913056,43.718757960000005,33.30405102000003,345
94,Zona_94,Urbano,2014,40.25083896143715,42.08494440000004,38.63958023999999,167
95,Zona_95,Urbano,2014,40.25430359489013,42.00632994,32.200030560000016,364
96,Zona_96,Urbano,2014,41.95936345673242,45.01418754000002,37.983320400000025,355
97,Zona_97,Urbano,2014,38.69643889785278,40.95699780000001,34.40123544000005,326
98,Zona_98,Urbano,2014,39.90648443250002,42.74462226000003,36.968168460000015,408
99,Zona_99,Urbano,2014,39.911855770812195,42.42674640000001,34.428579600000035,394
100,Zona_100,Urbano,2014,40.59240706563669,44.00245361999998,33.621926880000046,589
101,Zona_101,Urbano,2014,37.656889611329504,40.228959540000005,35.24548637999999,173
102,Zona_102,Urbano,2014,27.90994426687092,32.99301120000001,24.817107360000023,457
103,Zona_103,Urbano,2014,36.31722554000002,38.82415332000005,26.68676430000005,234
104,Zona_104,Urbano,2014,31.23183719752295,37.248446100000024,27.39771245999998,218
105,Zona_105,Urbano,2014,27.66452517272729,32.661463260000005,23.41230114000001,396
106,Zona_106,Urbano,2014,36.830485402170105,40.895473440000046,33.32114111999999,341
107,Zona_107,Urbano,2014,35.41593366053099,40.25288568000002,27.363532260000056,226
108,Zona_108,Urbano,2014,43.656419149921895,46.64458308000002,40.46822094000004,256
109,Zona_109,Urbano,2014,35.80175974483519,38.082442979999996,32.220538680000004,182
110,Zona_110,Urbano,2014,38.72338394235548,44.39210790000004,29.04861612000002,467
111,Zona_111,Urbano,2014,37.531761150786046,43.831552620000025,16.504482720000055,458
112,Zona_112,Urbano,2014,36.55026866224545,39.49066721999998,29.014435919999983,383
113,Zona_113,Urbano,2014,38.056096120265266,42.66600779999999,33.03060942000002,377
114,Zona_114,Urbano,2014,36.90056997157896,41.55856932000006,27.814710900000023,323
115,Zona_115,Urbano,2014,40.36559039210528,42.72753216000001,37.59708413999999,266
116,Zona_116,Urbano,2014,36.15310598662503,40.34859024000002,33.300633000000005,480
117,Zona_117,Urbano,2014,34.851765834827596,37.904705939999985,32.14534223999999,116
118,Zona_118,Urbano,2014,39.384063477019886,42.72411413999998,35.720591160000026,302
119,Zona_119,Urbano,2014,28.628327266080017,41.51071704000003,12.645538139999985,375
120,Zona_120,Urbano,2014,31.598612085671657,39.54877356000003,8.448209580000025,1072
121,Zona_121,Urbano,2014,36.64931717448115,41.05270236000001,28.074480419999986,848
122,Zona_122,Urbano,2014,37.193022345368874,42.293443620000005,29.592081300000018,488
123,Zona_123,Urbano,2014,23.601649270272972,28.655543820000048,14.79547272000002,403
124,Zona_124,Urbano,2014,36.525214856175324,39.12493907999999,31.041321780000033,251
125,Zona_125,Urbano,2014,27.859496627352204,38.704522620000034,10.266596219999997,778
126,Zona_126,Urbano,2014,41.23430297195532,44.932155060000014,33.95689284000002,537
127,Zona_127,Urbano,2014,42.35148781418184,48.237380400000006,35.231814299999996,550
128,Zona_128,Urbano,2014,39.61138268083834,44.193862739999986,35.590706400000045,501
129,Zona_129,Urbano,2014,35.73292365236366,40.93648968000002,19.73792964000006,495
130,Zona_130,Urbano,2014,33.86389535184002,38.311450320000006,27.53785128000004,250
131,Zona_131,Urbano,2014,40.01752017483414,44.750999999999976,34.81823387999998,422
132,Zona_132,Urbano,2014,37.76772415817736,41.51413506000006,34.76696358000004,406
133,Zona_133,Urbano,2014,39.77407504673686,41.29879979999998,38.735284800000045,95
134,Zona_134,Urbano,2014,33.98249608848001,38.475515280000025,30.238087080000014,375
135,Zona_135,Urbano,2014,37.497004806538484,42.9907197,33.45786192000003,468
136,Zona_136,Urbano,2014,39.37434705509436,41.770486559999995,34.81823387999998,159
137,Zona_137,Urbano,2014,39.549768845517264,42.94970346000002,32.05989174000001,783
138,Zona_138,Urbano,2014,33.93404030884617,37.46719938000001,30.761044140000024,156
139,Zona_139,Urbano,2014,37.99278397328992,41.57224140000005,34.81139784000004,307
140,Zona_140,Urbano,2014,39.268583003312116,42.27293550000002,35.68299294000002,471
141,Zona_141,Urbano,2014,35.27007486358854,39.900829620000025,28.648707779999995,418
142,Zona_142,Urbano,2014,40.1775865282137,42.89159712000003,30.740536020000036,599
143,Zona_143,Urbano,2014,37.01551265594596,39.80854308000005,33.560402520000025,74
144,Zona_144,Urbano,2014,36.53991799795622,42.327623819999985,19.88490450000006,411
145,Zona_145,Urbano,2014,38.22054568916131,43.75977420000004,33.608254800000054,465
146,Zona_146,Urbano,2014,32.14677278511184,37.62784632,22.082691360000013,313
147,Zona_147,Urbano,2014,28.70608792725242,35.218142220000004,20.57534454000006,626
148,Zona_148,Urbano,2014,38.266349835762725,41.79441270000001,32.44270998000002,236
149,Zona_149,Urbano,2014,15.486136160000017,27.75318654,3.680071680000026,306
150,Zona_150,Urbano,2014,43.71976892366199,48.78426360000003,35.99403275999998,710
151,Zona_151,Urbano,2014,33.06714264109973,37.463781359999984,15.950763479999978,1364
152,Zona_152,Urbano,2014,33.207782968633424,39.59320782000003,8.73190524000006,461
153,Zona_153,Urbano,2014,34.4194894347414,37.94914019999999,24.82394340000002,232
154,Zona_154,Urbano,2014,40.59280735114917,44.31691146000003,34.609734660000015,409
155,Zona_155,Urbano,2014,36.916570127274895,46.42924782,18.30577926000001,844
156,Zona_156,Urbano,2014,39.69283410821054,45.256866960000025,34.93102854000006,760
157,Zona_157,Urbano,2014,29.86777771947646,35.28308460000005,27.073000560000025,191
158,Zona_158,Urbano,2014,40.406640463253744,44.470722360000025,36.32216268000002,670
159,Zona_159,Urbano,2014,27.724321709877568,42.52586898000004,12.40627674000001,245
160,Zona_160,Urbano,2014,36.09619951406252,40.05464052000002,34.68834912,256
161,Zona_161,Urbano,2014,40.01432342045456,41.61325764000003,37.754313060000015,396
162,Zona_162,Urbano,2014,41.59360098405696,44.850122580000004,34.37047326000004,281
163,Zona_163,Urbano,2014,38.18180938762648,45.00393348,8.91647832000001,1542
164,Zona_164,Urbano,2014,30.27595431083335,38.34904854000001,20.353173240000046,216
165,Zona_165,Urbano,2014,37.62717450227588,44.39210790000004,33.04428150000001,290
166,Zona_166,Urbano,2014,34.10881138793105,38.22258180000006,28.484642819999976,522
167,Zona_167,Urbano,2014,38.24468694358976,40.181107259999976,35.00964299999998,351
168,Zona_168,Urbano,2014,40.597526691147564,42.9907197,36.84853776,183
169,Zona_169,Urbano,2014,31.048974992257296,39.097594920000006,16.548916980000058,824
170,Zona_170,Urbano,2014,40.37332796465755,43.17187476000004,37.36124075999999,219
171,Zona_171,Urbano,2014,33.8939595576837,39.620551980000016,26.830321140000024,803
172,Zona_172,Urbano,2014,27.919392673448296,33.35873934000006,24.59493606000001,174
173,Zona_173,Urbano,2014,36.1223313131138,38.92669392000005,28.515404999999987,334
174,Zona_174,Urbano,2014,35.06811782542753,38.625908159999994,27.1652871,269
175,Zona_175,Urbano,2014,39.0179633329412,42.95995751999999,27.595957620000036,289
176,Zona_176,Urbano,2014,44.57853869903616,49.778907419999996,35.016479040000036,747
177,Zona_177,Urbano,2014,39.21407815567284,41.94480557999998,36.869045880000044,379
178,Zona_178,Urbano,2014,41.09175755418183,45.98832324,34.202990279999995,495
179,Zona_179,Urbano,2014,39.9313834782393,42.74462226000003,35.75135334000004,443
180,Zona_180,Urbano,2014,32.92432165733336,37.67911662000006,27.496835040000008,270
181,Zona_181,Urbano,2014,41.4136658233861,43.404300120000016,37.97648436000003,632
182,Zona_182,Urbano,2014,41.18193316209186,44.063977980000004,36.657128639999996,392
183,Zona_183,Urbano,2014,39.65621827565219,41.585913480000045,37.25870015999999,299
184,Zona_184,Urbano,2014,36.61254345444158,40.71090035999998,29.892867060000015,385
185,Zona_185,Urbano,2014,43.576431607200014,46.77104982000003,38.87884164000002,450
186,Zona_186,Urbano,2014,34.8562264869231,40.786096799999996,31.858228560000043,676
187,Zona_187,Urbano,2014,37.676770195459476,40.38618846000003,33.42709974000002,185
188,Zona_188,Urbano,2014,43.57039636045716,45.85160244000002,40.570761540000035,350
189,Zona_189,Urbano,2014,32.46873452468356,36.96133242000002,28.97000165999998,158
190,Zona_190,Urbano,2014,38.48364016615387,43.08642426000006,30.330373620000046,663
191,Zona_191,Urbano,2014,29.96962870980585,41.17233306000003,11.99953235999999,618
192,Zona_192,Urbano,2014,38.89346268185092,41.326143960000024,35.28650262000002,389
193,Zona_193,Urbano,2014,36.914505111689984,45.18508854000004,30.904600980000055,787
194,Zona_194,Urbano,2014,37.07247364756099,42.00632994,30.043259939999984,492
195,Zona_195,Urbano,2014,39.27084580875002,41.86960914000002,36.869045880000044,208
196,Zona_196,Urbano,2014,41.980005008855436,44.84328654000001,38.57805588000002,332
197,Zona_197,Urbano,2014,37.70404399818184,39.62738802000001,35.82996780000002,99
198,Zona_198,Urbano,2014,32.810092142548285,39.12835710000002,12.221703660000003,1554
199,Zona_199,Urbano,2014,41.24219235938047,48.24421644000006,34.92077447999998,1033
200,Zona_200,Urbano,2014,30.139224096455713,34.08335957999998,27.107180760000006,79
201,Zona_201,Urbano,2014,32.96687087094341,38.14396734000002,25.309302240000022,318
202,Zona_202,Urbano,2014,35.06747112906979,39.12152106000002,30.292775399999982,344
203,Zona_203,Urbano,2014,40.37031677091485,43.568365080000035,36.21962208000002,317
204,Zona_204,Urbano,2014,36.10555693294966,41.58249546000002,25.466531160000045,417
205,Zona_205,Urbano,2014,35.046917620473394,39.063414720000026,29.41092623999998,169
206,Zona_206,Urbano,2014,39.91716596449784,44.39894393999998,35.90174622000001,458
207,Zona_207,Urbano,2014,39.59066798146098,43.65723360000004,33.92954868000004,397
208,Zona_208,Urbano,2014,34.440387305454564,37.785075240000026,30.658503540000027,231
209,Zona_209,Urbano,2014,38.959963996331375,40.91256354000001,36.38368704000004,169
210,Zona_210,Urbano,2014,39.59459848500002,41.96873172000005,33.52622231999999,408
211,Zona_211,Urbano,2014,39.06087002669606,42.45067254000003,19.703749440000024,227
212,Zona_212,Urbano,2014,38.826620462255654,44.78176217999999,34.67125901999998,133
213,Zona_213,Urbano,2014,32.81108122861161,40.15376309999999,16.95907938000005,569
214,Zona_214,Urbano,2014,39.68492363309834,44.997097440000005,35.96327058000003,539
215,Zona_215,Urbano,2014,40.808491160666684,42.618155520000016,37.887615840000024,270
216,Zona_216,Urbano,2014,30.59093945290325,35.597542439999984,26.72436252,279
217,Zona_217,Urbano,2014,35.20792700113638,39.61713396000005,30.135546480000016,264
218,Zona_218,Urbano,2014,34.08752697662462,39.84272328000003,27.794202779999978,634
219,Zona_219,Urbano,2014,35.94011215933595,41.44919268000001,26.122791000000007,512
220,Zona_220,Urbano,2014,31.344040062374265,37.13906946000003,13.45219086000003,497
221,Zona_221,Urbano,2014,28.07781106204514,31.335271499999976,23.84297165999999,665
222,Zona_222,Urbano,2014,36.60772468742859,41.59616754000001,30.446586300000035,630
223,Zona_223,Urbano,2014,39.50428461168002,42.180648959999985,36.18885990000001,125
224,Zona_224,Urbano,2014,40.06077977355375,43.91016708000001,31.988113320000025,363
225,Zona_225,Urbano,2014,35.572455216870246,43.048826039999994,15.31842978000003,262
226,Zona_226,Urbano,2014,39.3972672794396,44.48097642000005,36.01795890000005,571
227,Zona_227,Urbano,2014,35.12793566248611,41.36374218000003,24.991426380000007,539
228,Zona_228,Urbano,2014,31.2500105802284,41.934551520000014,10.967290320000018,613
229,Zona_229,Urbano,2014,38.90556689925928,41.81150280000003,33.823590060000015,243
230,Zona_230,Urbano,2014,40.917842584366596,44.49464850000004,37.19033976000003,371
231,Zona_231,Urbano,2014,41.70936459847647,46.36088742000004,37.50137958000005,722
232,Zona_232,Urbano,2014,40.47138996516558,43.29150546000005,36.86220983999999,302
233,Zona_233,Urbano,2014,33.566118368571445,40.07856665999998,27.889907340000036,357
234,Zona_234,Urbano,2014,36.0713588310865,39.15911928000003,30.12871044000002,451
235,Zona_235,Urbano,2014,42.66913235363638,46.92144270000006,38.96087412000003,396
236,Zona_236,Urbano,2014,36.286339564309415,41.69187210000001,32.95199495999998,181
237,Zona_237,Urbano,2014,39.408172845405424,41.818338840000024,36.93398825999998,481
238,Zona_238,Urbano,2014,28.94782835076925,34.32603900000004,25.363990560000047,156
239,Zona_239,Urbano,2014,38.40299550863016,42.72753216000001,32.48714424000002,438
240,Zona_240,Urbano,2014,19.08173251596332,36.64003853999998,8.28072659999998,218
241,Zona_241,Urbano,2014,41.26211479145041,43.56494706000001,37.09121718000006,262
242,Zona_242,Urbano,2014,44.55205533823258,47.88532434000001,39.27874998000004,215
243,Zona_243,Urbano,2014,39.08151563689026,43.58203716000003,29.496376740000017,328
244,Zona_244,Urbano,2014,40.04183124116508,44.586935040000014,37.82609148000006,103
245,Zona_245,Urbano,2014,36.68116442359834,39.87690348000001,32.887052580000045,717
246,Zona_246,Urbano,2014,28.266719630571448,40.020460319999984,13.19242134000001,140
247,Zona_247,Urbano,2014,31.412591427508325,38.79339114000004,26.14329912000005,602
248,Zona_248,Urbano,2014,31.93594502574967,37.11172529999999,28.73415828000003,727
249,Zona_249,Urbano,2014,35.5865228297792,41.63034774000005,28.173603000000014,317
250,Zona_250,Urbano,2014,25.777139230105284,40.310992020000015,12.071310780000033,380
251,Zona_251,Urbano,2014,36.969025064520906,39.63422406000001,28.50515094000002,407
252,Zona_252,Urbano,2014,38.944853030370396,40.898891460000016,36.445211400000005,243
253,Zona_253,Urbano,2014,39.15232963846155,41.22702138,36.099991380000006,221
254,Zona_254,Urbano,2014,31.769527767771905,41.50046298000001,10.98438041999998,754
255,Zona_255,Urbano,2014,40.174630311595344,41.57565942000002,37.99699248000002,257
256,Zona_256,Urbano,2014,38.34837529363638,42.440418480000005,33.05453555999998,264
257,Zona_257,Urbano,2014,42.25400835342021,45.092802000000006,39.620551980000016,614
258,Zona_258,Urbano,2014,41.28488530723406,44.4604683,37.426183140000035,282
259,Zona_259,Urbano,2014,39.80057052714642,43.84180667999999,16.603605300000027,403
260,Zona_260,Urbano,2014,37.981376820000015,43.05566208000005,28.80251868000005,204
261,Zona_261,Urbano,2014,30.420589746451636,33.20492844,27.626719800000046,279
262,Zona_262,Urbano,2014,39.525210395575236,44.36476374000006,30.514946699999996,226
263,Zona_263,Urbano,2014,41.00243736000002,43.667487660000006,39.08050481999999,153
264,Zona_264,Urbano,2014,39.35548571307161,40.99459602000002,35.21472419999998,433
265,Zona_265,Urbano,2014,41.498564080000016,43.69141380000002,38.297778240000014,207
266,Zona_266,Urbano,2014,38.45158914000002,42.0507642,33.25278072000003,305
267,Zona_267,Urbano,2014,36.8650064018182,38.294360220000044,36.04530306000004,33
268,Zona_268,Urbano,2014,38.2158633109524,41.66794596,31.98127728000003,378
269,Zona_269,Urbano,2014,40.16318534097347,44.78518020000001,32.55892266000001,452
270,Zona_270,Urbano,2014,35.45747371208687,46.80523002000001,12.963414000000057,829
271,Zona_271,Rural,2014,20.586009139907983,30.439750259999983,1.290875700000015,4346
272,Zona_272,Rural,2014,23.909442106409546,34.22008038000001,6.759707700000035,3863
273,Zona_273,Rural,2014,29.203269819452075,41.77732260000005,10.054678980000006,146
274,Zona_274,Rural,2014,23.869384026720223,39.84272328000003,19.290169020000008,9464
275,Zona_275,Rural,2014,21.941837863090925,29.40409020000004,13.45560888,3410
276,Zona_276,Rural,2014,22.130063619262966,28.11549666000002,19.228644659999986,3012
277,Zona_277,Rural,2014,27.46848027719602,41.360324160000005,11.168953500000043,3602
278,Zona_278,Rural,2014,26.31596679878952,32.07014579999998,20.51723820000001,3734
279,Zona_279,Rural,2014,22.50762768800733,29.120394540000007,15.786698520000016,1641
280,Zona_280,Rural,2014,29.723820293756173,42.20115708000003,18.821900280000023,3248
281,Zona_281,Rural,2014,25.35891205874126,31.328435460000037,19.74476568,8135
282,Zona_282,Rural,2014,23.255103164362392,36.182023860000015,3.734760000000051,16679
283,Zona_283,Rural,2014,26.772303810937515,36.02137692000002,17.56748693999998,4608
284,Zona_284,Rural,2014,27.77945203787854,38.15080338000001,8.84811792000005,2272
285,Zona_285,Rural,2014,22.8763346467971,28.775174520000007,18.278435100000024,3425
286,Zona_286,Rural,2014,22.438766533954713,30.91485504000002,8.414029379999988,5783
287,Zona_287,Rural,2014,24.880516026656355,35.85047592000001,8.072227380000015,3227
288,Zona_288,Rural,2014,23.973079429407267,28.303487760000053,20.537746319999997,2345
289,Zona_289,Rural,2014,27.808527206681973,38.09269704000002,21.204260220000037,7414
290,Zona_290,Rural,2014,23.337021247044174,29.233189200000027,19.167120300000022,1925
291,Zona_291,Rural,2014,27.9576547820061,32.165850360000036,22.667172779999987,2303
292,Zona_292,Rural,2014,36.671305191716755,44.193862739999986,27.94801368000003,4194
293,Zona_293,Rural,2014,25.603213775927244,34.17906414000004,18.028919640000026,3133
294,Zona_294,Rural,2014,31.627326798537755,35.071167360000004,28.25905350000005,424
295,Zona_295,Rural,2014,21.503829103641113,31.04815782000003,7.214304360000028,6921
296,Zona_296,Rural,2014,21.87221955435092,28.026628140000014,13.30863402,5654
297,Zona_297,Rural,2014,25.42788261093752,30.17998074000002,21.966478680000023,1152
298,Zona_298,Rural,2014,23.77914056237469,29.69120387999999,17.013767700000017,3411
299,Zona_299,Rural,2014,23.83295370566861,36.58535022000001,10.228998000000047,7441
300,Zona_300,Rural,2014,20.43639138891503,34.886594280000054,8.697725040000023,15567
301,Zona_301,Rural,2014,26.91386270516262,36.18885990000001,19.074833760000047,4428
302,Zona_302,Rural,2014,30.317573921673656,37.21084788000002,25.100803020000058,2629
303,Zona_303,Rural,2014,32.59383883118014,38.38664676000002,27.636973860000012,966
304,Zona_304,Rural,2014,30.185639040542565,39.9486819,22.646664660000056,7299
305,Zona_305,Rural,2014,24.17433703936576,45.79007808000006,14.12212278000004,19172
306,Zona_306,Rural,2014,21.076341145819647,29.137484640000025,7.71675330000005,5533
307,Zona_307,Rural,2014,25.089200831656278,40.69722827999999,10.129875420000019,8169
308,Zona_308,Rural,2014,24.4083985753101,30.415824120000025,17.215430879999985,4644
309,Zona_309,Rural,2014,29.509301824150395,37.91496000000001,19.84388826000003,1995
310,Zona_310,Rural,2014,25.48287787549617,32.96566704000003,16.466884499999992,2207
311,Zona_311,Rural,2014,27.072609780274412,34.78063566000003,22.793639520000056,1312
312,Zona_312,Rural,2014,26.148521356196717,31.10968218000005,4.855870560000028,2908
313,Zona_313,Rural,2014,20.466174389080113,30.78838830000001,5.389081680000004,2185
314,Zona_314,Rural,2014,25.838656424131926,32.75716782000001,10.987798440000006,9158
315,Zona_315,Rural,2014,23.224009065549634,33.34506726000001,15.236397300000021,10289
316,Zona_316,Rural,2014,23.42181791779471,31.08233802000001,12.611357940000062,10774
317,Zona_317,Rural,2014,23.256842833848857,29.16482880000001,17.15048850000005,3440
318,Zona_318,Rural,2014,25.06090056958354,32.083817880000026,19.93959282000003,2185
319,Zona_319,Rural,2014,19.447331108465242,40.314410039999984,3.33143364,22759
320,Zona_320,Rural,2014,28.605978044409465,36.50331774000006,25.435768980000034,1143
321,Zona_321,Rural,2014,26.804141049860483,31.84797450000002,20.780425740000055,1935
322,Zona_322,Rural,2014,28.338788556451252,34.83532398,23.92158612000003,1702
323,Zona_323,Rural,2014,27.679480469049317,34.56530040000001,22.335624840000037,3408
324,Zona_324,Rural,2014,23.914468632790502,31.55060676000005,13.742722560000061,3279
325,Zona_325,Rural,2014,28.440601984790433,37.85343564000004,19.191046440000036,1503
326,Zona_326,Rural,2014,33.45574317219878,39.03948858000001,13.110388860000057,805
327,Zona_327,Rural,2014,33.55333075448277,38.63274420000005,28.67605193999998,58
328,Zona_328,Rural,2014,37.31061443478263,39.44623296000003,33.66977916000002,207
329,Zona_329,Rural,2014,35.16117522000002,38.77630104000002,29.909957159999976,372
330,Zona_330,Rural,2014,32.96519670747333,37.08096311999998,28.286397660000034,843
331,Zona_331,Rural,2014,26.70431122722684,36.000868800000035,7.610794680000026,2297
0,Zona_0,Urbano,2014,37.65164211177967,43.014645840000014,33.95689284000002,236
1,Zona_1,Urbano,2014,34.90746503417609,43.55469300000004,29.694621900000016,443
2,Zona_2,Urbano,2014,35.6042861010811,37.74064098000002,31.567696860000012,74
3,Zona_3,Urbano,2014,39.63885492580647,41.623511699999995,36.76308726000002,279
4,Zona_4,Urbano,2014,32.51199555834588,38.044844760000046,26.587641720000022,133
5,Zona_5,Urbano,2014,36.8108298709091,38.80706322000003,31.76594202000001,374
6,Zona_6,Urbano,2014,38.031733508115316,40.09565676,35.218142220000004,451
7,Zona_7,Urbano,2014,33.90787264721005,38.20207368000001,25.459695119999992,319
8,Zona_8,Urbano,2014,37.29915343200002,38.78997312000001,34.57213644000001,85
9,Zona_9,Urbano,2014,30.93970296885829,36.59560428000003,28.29323370000003,1016
10,Zona_10,Urbano,2014,33.11581815760977,36.12733553999999,27.992447940000034,410
11,Zona_11,Urbano,2014,27.075626190294713,34.41832554000001,21.38199726000005,1018
12,Zona_12,Urbano,2014,34.37788753646618,37.66886255999998,30.94561722000003,532
13,Zona_13,Urbano,2014,35.58708636936172,37.74064098000002,32.32307928,423
14,Zona_14,Urbano,2014,34.206047241549314,37.01260272000002,30.067186080000056,426
15,Zona_15,Urbano,2014,40.503779125540554,45.25003092000003,34.66442298000004,444
16,Zona_16,Urbano,2014,40.03995588369926,43.23339912000006,36.937406280000005,665
17,Zona_17,Urbano,2014,41.19559284971281,46.90777062000001,33.885114420000036,1149
18,Zona_18,Urbano,2014,34.988896759593636,37.952558220000014,30.93194514000004,689
19,Zona_19,Urbano,2014,34.63655297076925,37.66544454000001,28.658961840000018,455
20,Zona_20,Urbano,2014,34.04346958413795,37.01260272000002,29.913375180000003,261
21,Zona_21,Urbano,2014,30.293417007849847,35.03015112000003,24.05147088000001,293
22,Zona_22,Urbano,2014,33.02769954883592,36.20595000000003,25.459695119999992,713
23,Zona_23,Urbano,2014,31.64168652967349,37.867107720000035,23.993364540000016,490
24,Zona_24,Urbano,2014,37.35254922342859,42.607901459999994,33.003265260000035,350
25,Zona_25,Urbano,2014,40.685031738688544,44.71340178000003,34.26793266000004,366
26,Zona_26,Urbano,2014,39.904153566055065,41.43210257999999,37.97648436000003,327
27,Zona_27,Urbano,2014,36.581474334392546,39.38129058000004,32.51790642000003,321
28,Zona_28,Urbano,2014,38.26101790038912,41.18942316000005,34.95153665999999,257
29,Zona_29,Urbano,2014,39.39153225586958,40.62203183999998,38.458425180000006,276
30,Zona_30,Urbano,2014,38.29759426725214,41.965313700000024,30.73711800000001,353
31,Zona_31,Urbano,2014,37.722888473023275,40.39644252000005,35.474493720000055,258
32,Zona_32,Urbano,2014,36.81442989904764,40.864711260000036,32.165850360000036,567
33,Zona_33,Urbano,2014,32.79504977525098,36.985258560000034,26.55346152000004,518
34,Zona_34,Urbano,2014,29.480425980000025,34.33629306,24.109577220000006,360
35,Zona_35,Urbano,2014,37.06161768713116,39.42230682000002,30.99346950000006,244
36,Zona_36,Urbano,2014,39.37906670369622,40.96725186000003,36.968168460000015,395
37,Zona_37,Urbano,2014,35.09507056026848,41.56198734000003,23.40204707999999,745
38,Zona_38,Urbano,2014,33.567995407285736,36.33925278000004,26.416740720000007,140
39,Zona_39,Urbano,2014,36.97486940039527,38.85491550000006,33.970564920000015,253
40,Zona_40,Urbano,2014,38.48342953660946,48.75691944000005,33.64927104000003,466
41,Zona_41,Urbano,2014,34.5773709416523,40.013624280000045,30.791806319999978,811
42,Zona_42,Urbano,2014,35.85124188592773,37.836345540000025,31.83772044,415
43,Zona_43,Urbano,2014,29.646307725405425,31.540352700000028,25.480203240000037,74
44,Zona_44,Urbano,2014,36.167071345263174,40.05805854000005,31.52668061999998,646
45,Zona_45,Urbano,2014,36.956467933565236,39.67865832000001,35.56336224000006,690
46,Zona_46,Urbano,2014,30.230982415121968,35.08825746000002,26.611567860000036,738
47,Zona_47,Urbano,2014,36.68102175565219,39.09417689999998,34.52086614000001,207
48,Zona_48,Urbano,2014,35.59423249968382,37.29288036000003,32.00178540000002,253
49,Zona_49,Urbano,2014,33.47584596369233,36.000868800000035,27.667736040000023,195
50,Zona_50,Urbano,2014,34.94771072814817,37.87736178,32.449546020000014,486
51,Zona_51,Urbano,2014,34.43781646735676,39.606879900000024,31.35577962000002,541
52,Zona_52,Urbano,2014,32.503896757777795,34.250842560000024,26.515863299999978,81
53,Zona_53,Urbano,2014,34.25997391270075,36.56826011999999,32.53157850000002,274
54,Zona_54,Urbano,2014,43.066100897837856,46.630911000000026,36.96475043999999,259
55,Zona_55,Urbano,2014,40.71657148297961,44.95266318000006,34.869504180000035,490
56,Zona_56,Urbano,2014,35.59901186915889,40.02387834000001,30.94561722000003,321
57,Zona_57,Urbano,2014,35.96158581127661,38.05851684000004,33.15707616000003,282
58,Zona_58,Urbano,2014,29.690239823076944,31.413885960000016,27.500253059999977,78
59,Zona_59,Urbano,2014,34.20633026301372,37.96623030000001,26.464593000000036,438
60,Zona_60,Urbano,2014,31.164496859334584,35.67273888,28.040300220000006,541
61,Zona_61,Urbano,2014,36.13331707500002,38.00382852000001,31.468574279999984,260
62,Zona_62,Urbano,2014,35.88430374680414,42.57372126000001,30.68242968000004,388
63,Zona_63,Urbano,2014,37.41644429625002,39.25824186,32.92806882000002,544
64,Zona_64,Urbano,2014,40.670993477368434,48.48005982000001,34.24058850000006,1140
65,Zona_65,Urbano,2014,35.80546017112036,39.68207633999998,31.53693468000006,241
66,Zona_66,Urbano,2014,34.19724237370788,38.14396734000002,30.918273060000047,267
67,Zona_67,Urbano,2014,36.48446350064518,38.50627745999998,31.37286972000004,186
68,Zona_68,Urbano,2014,28.638939383364075,34.117539780000016,21.624676679999993,1302
69,Zona_69,Urbano,2014,30.03907519433964,35.594124420000014,24.885467759999983,477
70,Zona_70,Urbano,2014,35.85856605366908,37.35440472000005,33.60141876,278
71,Zona_71,Urbano,2014,31.27784314753523,35.51550996000003,28.300069740000026,852
72,Zona_72,Urbano,2014,37.196360136136384,41.948223600000006,30.98321543999998,352
73,Zona_73,Urbano,2014,38.24639362494985,40.70748234000001,36.40419516000003,299
74,Zona_74,Urbano,2014,36.185226179708756,37.64835444000005,33.73130351999998,412
75,Zona_75,Urbano,2014,37.37502619270409,39.83246922000001,31.70099964000002,392
76,Zona_76,Urbano,2014,32.22088048200002,36.82461162000004,29.65360566000004,460
77,Zona_77,Urbano,2014,32.761013092500015,35.35486302000004,29.19559098000002,120
78,Zona_78,Urbano,2014,36.07006286341465,39.65815020000002,32.890470600000015,246
79,Zona_79,Urbano,2014,37.54082731156952,42.38914818000001,30.38847996000004,669
80,Zona_80,Urbano,2014,36.52541249644447,39.22747967999999,32.98959318000004,405
81,Zona_81,Urbano,2014,36.236622568988786,38.42082696,32.55892266000001,267
82,Zona_82,Urbano,2014,32.44074815786984,35.81629572000003,24.844451520000007,169
83,Zona_83,Urbano,2014,37.00906764452057,42.06785430000002,29.270787420000033,730
84,Zona_84,Urbano,2014,32.99640564744829,37.52872374000003,25.73997276,580
85,Zona_85,Urbano,2014,38.06108280343842,39.48724920000001,35.187380039999994,349
86,Zona_86,Urbano,2014,37.33313049206898,39.04290660000004,35.29333866000002,174
87,Zona_87,Urbano,2014,39.20032765721895,42.327623819999985,35.29333866000002,338
88,Zona_88,Urbano,2014,30.332289782727287,34.1893182,25.24435986000003,66
89,Zona_89,Urbano,2014,36.57875653349635,39.377872560000014,33.64243499999998,409
90,Zona_90,Urbano,2014,35.16061324824326,40.950161760000015,31.171206540000014,148
91,Zona_91,Urbano,2014,39.58291169206156,41.305635840000036,37.87736178,325
92,Zona_92,Urbano,2014,33.2664819722902,38.04142674000002,28.52565906000001,703
93,Zona_93,Urbano,2014,35.81602822278263,42.02000201999999,31.577950920000035,345
94,Zona_94,Urbano,2014,38.78974798095811,40.393024500000024,37.22793797999998,167
95,Zona_95,Urbano,2014,36.44596261318683,37.70304276000002,34.28502276000006,364
96,Zona_96,Urbano,2014,39.69539217566199,43.00097376000002,35.90858226,355
97,Zona_97,Urbano,2014,35.80940725638039,37.58683008000003,32.893888619999984,326
98,Zona_98,Urbano,2014,38.696966115000016,41.23043940000002,35.75135334000004,408
99,Zona_99,Urbano,2014,38.71416941756347,40.686974220000025,34.493521980000025,394
100,Zona_100,Urbano,2014,39.763952136570474,42.69335196000003,35.28650262000002,589
101,Zona_101,Urbano,2014,34.68346905676302,37.71671484000001,32.57943078000005,173
102,Zona_102,Urbano,2014,23.16533610630199,27.059328479999976,11.873065620000034,457
103,Zona_103,Urbano,2014,35.10748017076926,37.60050216000002,29.879194980000022,234
104,Zona_104,Urbano,2014,30.517847313302767,36.086319300000014,25.285376100000008,218
105,Zona_105,Urbano,2014,25.870332245000018,32.06672778000001,22.427911380000012,396
106,Zona_106,Urbano,2014,33.93793836545456,37.25186412000005,30.508110660000057,341
107,Zona_107,Urbano,2014,34.49051230752215,39.37445453999999,31.37970575999998,226
108,Zona_108,Urbano,2014,41.75017871460939,44.61086118000003,38.83098935999999,256
109,Zona_109,Urbano,2014,36.63258274912089,38.95745610000006,32.777675939999995,182
110,Zona_110,Urbano,2014,35.9564638164026,40.328082119999976,31.547188740000024,467
111,Zona_111,Urbano,2014,39.3639542034498,42.80272860000002,37.022856779999984,458
112,Zona_112,Urbano,2014,34.1126046231854,38.97454620000002,26.65942014000001,383
113,Zona_113,Urbano,2014,33.80791431310347,37.51846968000001,29.766400320000002,377
114,Zona_114,Urbano,2014,37.35227771684212,39.67865832000001,33.29379696000001,323
115,Zona_115,Urbano,2014,36.98704466819551,39.52826544000004,35.63172264000002,266
116,Zona_116,Urbano,2014,31.75682017912502,35.231814299999996,29.287877520000052,480
117,Zona_117,Urbano,2014,37.02656945689657,39.620551980000016,34.18590018000003,116
118,Zona_118,Urbano,2014,37.81973079377485,40.96725186000003,33.58432865999998,302
119,Zona_119,Urbano,2014,39.25250870112002,40.87838334000003,36.42812130000004,375
120,Zona_120,Urbano,2014,29.763980285317185,40.40327855999999,22.274100480000016,1072
121,Zona_121,Urbano,2014,33.810405692759446,37.21768392000001,26.87133738,848
122,Zona_122,Urbano,2014,34.15383523008198,39.330020279999985,24.601772100000005,488
123,Zona_123,Urbano,2014,26.349287833995053,29.793744479999987,20.589016620000052,403
124,Zona_124,Urbano,2014,34.2983816349801,36.79726746000006,30.200488860000007,251
125,Zona_125,Urbano,2014,37.21433619347045,41.23043940000002,30.378225900000018,778
126,Zona_126,Urbano,2014,37.27783979899443,40.75875264000001,31.31134536000002,537
127,Zona_127,Urbano,2014,39.43642634989093,44.614279200000055,31.61896716000001,550
128,Zona_128,Urbano,2014,37.02209949413175,41.40134039999998,32.62044702000003,501
129,Zona_129,Urbano,2014,33.95034681381819,38.26359804000003,28.83328086000006,495
130,Zona_130,Urbano,2014,34.46039453016002,37.72696890000003,29.345983860000047,250
131,Zona_131,Urbano,2014,38.419166547440774,42.358385999999996,33.95005680000003,422
132,Zona_132,Urbano,2014,34.18643056241381,37.86368970000001,31.591623000000027,406
133,Zona_133,Urbano,2014,36.097832630526334,37.870525740000005,34.97546280000006,95
134,Zona_134,Urbano,2014,30.181156538880018,34.23033443999998,26.62523994000003,375
135,Zona_135,Urbano,2014,33.99409667307694,39.22064364000005,30.873838800000044,468
136,Zona_136,Urbano,2014,36.39026511622643,38.345630519999986,31.564278840000043,159
137,Zona_137,Urbano,2014,38.03956276229887,41.20651326000001,35.65564877999998,783
138,Zona_138,Urbano,2014,35.30933324076925,39.42572484000004,30.644831459999978,156
139,Zona_139,Urbano,2014,38.49484323674268,40.608359759999985,35.81629572000003,307
140,Zona_140,Urbano,2014,39.01307330866244,41.592749519999984,35.93250840000002,471
141,Zona_141,Urbano,2014,36.80317131272729,41.57565942000002,30.40898808000003,418
142,Zona_142,Urbano,2014,38.04455374327214,40.10591082000002,35.68641095999999,599
143,Zona_143,Urbano,2014,35.53144532351354,37.91154198000004,33.888532440000006,74
144,Zona_144,Urbano,2014,35.927468691678854,39.213807599999996,32.200030560000016,411
145,Zona_145,Urbano,2014,34.0693420227097,38.14396734000002,30.220996979999995,465
146,Zona_146,Urbano,2014,33.64496848447286,36.94766034000003,30.197070840000038,313
147,Zona_147,Urbano,2014,32.473171854728456,36.13075356000002,27.657481980000057,626
148,Zona_148,Urbano,2014,39.42657934500002,40.72457244000003,35.9666886,236
149,Zona_149,Urbano,2014,27.249855170000018,31.10968218000005,23.070499140000038,306
150,Zona_150,Urbano,2014,41.52892401414086,46.63774704000002,32.50765236000001,710
151,Zona_151,Urbano,2014,30.020779692624654,33.82017203999999,25.99632426000005,1364
152,Zona_152,Urbano,2014,35.84274274242952,39.39838068000006,31.45832022000002,461
153,Zona_153,Urbano,2014,35.77044710689657,38.82415332000005,29.451942480000014,232
154,Zona_154,Urbano,2014,36.82598217080687,40.54683540000002,31.034485740000036,409
155,Zona_155,Urbano,2014,40.0733140866114,43.67432370000006,33.874860360000014,844
156,Zona_156,Urbano,2014,37.94462481568423,42.36522204000005,33.06137160000003,760
157,Zona_157,Urbano,2014,25.75867344534033,31.485664380000003,22.762877340000045,191
158,Zona_158,Urbano,2014,38.12214812874629,42.375476100000014,34.10728572000005,670
159,Zona_159,Urbano,2014,35.01095440359185,37.24502808,31.796704200000022,245
160,Zona_160,Urbano,2014,31.56382488421877,35.744517299999984,30.173144700000023,256
161,Zona_161,Urbano,2014,37.089896581363654,38.622490140000025,34.807979820000014,396
162,Zona_162,Urbano,2014,38.94762777202849,42.83007276000001,33.00668328000006,281
163,Zona_163,Urbano,2014,38.14997658268485,42.95312148000005,30.84649464000006,1542
164,Zona_164,Urbano,2014,35.67653668000002,37.32706056000001,34.15171998000005,216
165,Zona_165,Urbano,2014,34.90577055082761,41.60983962,30.497856599999977,290
166,Zona_166,Urbano,2014,33.09500832172416,36.349506840000004,29.024689980000005,522
167,Zona_167,Urbano,2014,35.870195266153864,38.458425180000006,32.022293520000005,351
168,Zona_168,Urbano,2014,39.43285972327871,41.555151300000034,36.76308726000002,183
169,Zona_169,Urbano,2014,34.296541985169924,39.71283851999999,31.677073500000006,824
170,Zona_170,Urbano,2014,38.529111082191804,40.66646609999998,35.98036067999999,219
171,Zona_171,Urbano,2014,30.924100294595288,35.37878916,27.48999900000001,803
172,Zona_172,Urbano,2014,26.54240206448278,31.338689520000003,23.607128279999984,174
173,Zona_173,Urbano,2014,33.03584901952098,35.918836320000025,25.196507580000002,334
174,Zona_174,Urbano,2014,34.56324196416359,36.40419516000003,33.10922388000006,269
175,Zona_175,Urbano,2014,34.61011312588238,37.85001762000002,30.67217562000002,289
176,Zona_176,Urbano,2014,42.0247835874699,47.140195980000044,37.757731079999985,747
177,Zona_177,Urbano,2014,38.161030384432735,41.042448300000046,35.33777292000002,379
178,Zona_178,Urbano,2014,39.144190473454564,43.27099734000001,29.486122679999994,495
179,Zona_179,Urbano,2014,35.70687278627541,38.37297468000003,33.89536848,443
180,Zona_180,Urbano,2014,33.88822861600002,37.313388480000015,29.093050380000022,270
181,Zona_181,Urbano,2014,40.34208410382914,42.570303240000044,35.37537114000003,632
182,Zona_182,Urbano,2014,38.79923316397961,41.38766831999999,33.98081897999998,392
183,Zona_183,Urbano,2014,37.023256882675604,39.330020279999985,34.23033443999998,299
184,Zona_184,Urbano,2014,32.55449255096106,36.59560428000003,25.46311314000002,385
185,Zona_185,Urbano,2014,39.932594419200015,43.55127498000002,35.61463254,450
186,Zona_186,Urbano,2014,30.86357968375742,37.27237223999998,27.48999900000001,676
187,Zona_187,Urbano,2014,33.84256468994597,36.588768240000036,29.944137360000013,185
188,Zona_188,Urbano,2014,40.004366328685734,42.607901459999994,37.28946234,350
189,Zona_189,Urbano,2014,31.722351448481035,36.05897514000003,28.939239480000026,158
190,Zona_190,Urbano,2014,36.88328505230771,42.49510680000003,26.878173420000053,663
191,Zona_191,Urbano,2014,34.21570553563109,39.66840425999999,30.402152040000033,618
192,Zona_192,Urbano,2014,38.83832624097688,41.654273880000005,35.231814299999996,389
193,Zona_193,Urbano,2014,34.36400204043204,44.62453326000002,27.27808176000002,787
194,Zona_194,Urbano,2014,35.362435462682946,40.08882072000006,28.55983925999999,492
195,Zona_195,Urbano,2014,35.93296851807695,38.71135866000003,33.31088706000003,208
196,Zona_196,Urbano,2014,37.550662898494,40.12641894000001,35.26257648000001,332
197,Zona_197,Urbano,2014,35.112114549090926,37.80900138000004,33.4544439,99
198,Zona_198,Urbano,2014,29.48918658081083,35.19421608000005,25.70237454000005,1554
199,Zona_199,Urbano,2014,38.116659577115215,45.91654482000001,30.843076620000033,1033
200,Zona_200,Urbano,2014,31.204824281012673,34.40807147999999,27.681408120000015,79
201,Zona_201,Urbano,2014,33.40275440886794,37.08779916000003,27.69166217999998,318
202,Zona_202,Urbano,2014,34.7715043798256,38.89934976000001,30.55938096,344
203,Zona_203,Urbano,2014,37.97090986050475,39.770944859999986,35.970106620000024,317
204,Zona_204,Urbano,2014,35.001347949064765,38.53020360000005,30.887510880000036,417
205,Zona_205,Urbano,2014,33.224020812071025,37.556067900000016,26.62523994000003,169
206,Zona_206,Urbano,2014,34.91223689292578,37.556067900000016,31.47199230000001,458
207,Zona_207,Urbano,2014,37.780038611032765,42.963375540000015,33.79624590000003,397
208,Zona_208,Urbano,2014,34.09404274207794,36.298236540000005,31.58478696000003,231
209,Zona_209,Urbano,2014,34.71646182887575,36.46913754000002,32.43587394000002,169
210,Zona_210,Urbano,2014,36.213380842500015,38.229417839999996,30.85333068,408
211,Zona_211,Urbano,2014,38.770940620969185,40.76900669999998,35.82996780000002,227
212,Zona_212,Urbano,2014,35.40780378090228,41.78415863999999,31.35577962000002,133
213,Zona_213,Urbano,2014,33.38526053209141,38.656670340000005,27.712170300000025,569
214,Zona_214,Urbano,2014,37.38333423250466,42.71386008000002,33.37241142000005,539
215,Zona_215,Urbano,2014,37.33168121666669,39.12835710000002,34.47301386000004,270
216,Zona_216,Urbano,2014,29.214126694193567,34.11070374000002,24.236043960000018,279
217,Zona_217,Urbano,2014,33.739084694318194,37.52188769999998,29.45877852000001,264
218,Zona_218,Urbano,2014,31.64950830085175,39.032652540000015,23.528513820000057,634
219,Zona_219,Urbano,2014,32.72284742777346,38.12687724,23.17987578000003,512
220,Zona_220,Urbano,2014,33.92476895384308,37.08096311999998,30.333791640000015,497
221,Zona_221,Urbano,2014,25.83748655765415,30.757626120000054,20.978670899999997,665
222,Zona_222,Urbano,2014,33.49173829600002,38.53020360000005,28.18043904000001,630
223,Zona_223,Urbano,2014,35.79433835952002,38.08927902000005,32.38118562,125
224,Zona_224,Urbano,2014,36.40376202247936,39.63422406000001,27.595957620000036,363
225,Zona_225,Urbano,2014,38.937469815114525,41.66110992000006,35.884656120000045,262
226,Zona_226,Urbano,2014,36.088743639929966,40.53316332000003,32.96908506,571
227,Zona_227,Urbano,2014,31.805804123376642,36.45204744,29.157992760000013,539
228,Zona_228,Urbano,2014,36.00159924146821,40.034132399999976,32.073563820000004,613
229,Zona_229,Urbano,2014,35.80953000962965,37.82267346000003,30.812314440000023,243
230,Zona_230,Urbano,2014,39.16133039805932,43.28466942,35.34119094000005,371
231,Zona_231,Urbano,2014,38.05589414875348,41.60983962,34.69518516000005,722
232,Zona_232,Urbano,2014,36.728397752384126,40.717736400000035,32.61361098000003,302
233,Zona_233,Urbano,2014,30.54078769714288,35.836803840000016,25.630596120000007,357
234,Zona_234,Urbano,2014,34.92293442611975,38.30461428000001,28.24196340000003,451
235,Zona_235,Urbano,2014,39.57250981000002,43.79737241999999,35.06091330000004,396
236,Zona_236,Urbano,2014,32.5437209688398,37.67569860000003,29.069124240000008,181
237,Zona_237,Urbano,2014,36.600791711600856,38.62932618000002,33.608254800000054,481
238,Zona_238,Urbano,2014,25.0103350419231,29.17850088,22.667172779999987,156
239,Zona_239,Urbano,2014,37.05217527575344,41.81492082,31.475410320000037,438
240,Zona_240,Urbano,2014,36.782921183394514,38.78997312000001,32.78109396000002,218
241,Zona_241,Urbano,2014,36.6357203544275,39.50092128000006,32.593102860000045,262
242,Zona_242,Urbano,2014,40.215589517581414,42.293443620000005,36.91348014000005,215
243,Zona_243,Urbano,2014,36.65627413500002,39.10784898000003,33.24252666000001,328
244,Zona_244,Urbano,2014,35.599002565048565,40.081984680000005,32.890470600000015,103
245,Zona_245,Urbano,2014,33.36010273430964,35.706919080000034,29.366491979999978,717
246,Zona_246,Urbano,2014,34.56520274228573,38.07218892000003,30.34062768000001,140
247,Zona_247,Urbano,2014,29.182032455481746,37.10488926000005,23.651562539999986,602
248,Zona_248,Urbano,2014,27.761729239229734,32.44270998000002,24.502649519999977,727
249,Zona_249,Urbano,2014,32.981948460189294,38.66692440000003,25.90403772000002,317
250,Zona_250,Urbano,2014,36.45877554252633,39.12493907999999,31.86848262000001,380
251,Zona_251,Urbano,2014,33.90969561051599,36.51357180000002,27.883071299999983,407
252,Zona_252,Urbano,2014,35.43247879925928,37.29971640000002,32.57259474,243
253,Zona_253,Urbano,2014,34.99553786769233,37.38516690000006,31.50275448000002,221
254,Zona_254,Urbano,2014,38.22769976363397,43.458988439999985,29.14773869999999,754
255,Zona_255,Urbano,2014,38.760195116965,40.43745876000003,35.9666886,257
256,Zona_256,Urbano,2014,34.47173210250001,39.09075888000001,30.135546480000016,264
257,Zona_257,Urbano,2014,38.032174705407186,40.181107259999976,35.36169905999998,614
258,Zona_258,Urbano,2014,40.18022245340427,42.980465640000034,35.905164239999976,282
259,Zona_259,Urbano,2014,38.93522624784121,41.914043400000025,33.591164700000036,403
260,Zona_260,Urbano,2014,37.36201149000002,42.25242738000003,28.946075520000022,204
261,Zona_261,Urbano,2014,27.87080808129034,30.610651260000054,25.025606580000044,279
262,Zona_262,Urbano,2014,38.37429046646019,40.81002294000001,35.58387035999999,226
263,Zona_263,Urbano,2014,38.10672656000003,40.10249280000005,36.065811180000026,153
264,Zona_264,Urbano,2014,35.63353821644344,36.95107836,32.27522700000003,433
265,Zona_265,Urbano,2014,40.46358101913045,42.34813194000003,37.61417424000001,207
266,Zona_266,Urbano,2014,37.289238207541004,40.95699780000001,29.70487595999998,305
267,Zona_267,Urbano,2014,33.24035155636365,35.05749528000001,32.104326000000015,33
268,Zona_268,Urbano,2014,37.68801432285716,40.33150014,34.45592376000002,378
269,Zona_269,Urbano,2014,37.11910580336285,41.032194240000024,29.93046528000002,452
270,Zona_270,Urbano,2014,41.16414053196625,44.52541068000005,33.034027440000045,829
271,Zona_271,Rural,2014,21.3212074675748,28.125750720000042,14.600645579999991,4346
272,Zona_272,Rural,2014,21.47767085165935,28.81960878000001,15.096258480000017,3863
273,Zona_273,Rural,2014,31.356130786438378,38.46184320000003,25.83909534000003,146
274,Zona_274,Rural,2014,22.057061266242624,39.95893596000002,11.941426019999994,9464
275,Zona_275,Rural,2014,21.68106298412905,29.19559098000002,17.922961020000002,3410
276,Zona_276,Rural,2014,21.54527807264942,34.85583210000004,17.23593900000003,3012
277,Zona_277,Rural,2014,28.641306181998907,40.07856665999998,22.38005910000004,3602
278,Zona_278,Rural,2014,24.674437520905215,30.15605460000006,19.457652000000053,3734
279,Zona_279,Rural,2014,22.15514047009143,30.084276180000018,16.1592627,1641
280,Zona_280,Rural,2014,27.66153982640396,39.97602605999998,20.0387154,3248
281,Zona_281,Rural,2014,22.816110638087295,28.65212580000002,17.916124980000006,8135
282,Zona_282,Rural,2014,21.60283262424967,31.60529508000002,5.481368220000036,16679
283,Zona_283,Rural,2014,23.73655685894533,33.119477940000024,18.69885155999998,4608
284,Zona_284,Rural,2014,26.907028007852126,36.506735760000026,20.59243464000002,2272
285,Zona_285,Rural,2014,22.625149596297828,29.192172959999994,17.000095620000025,3425
286,Zona_286,Rural,2014,22.78051652189177,29.882612999999992,12.628448040000023,5783
287,Zona_287,Rural,2014,26.147737144109097,30.78497028000004,21.050449319999984,3227
288,Zona_288,Rural,2014,23.66141430852027,28.617945599999985,20.11732986000004,2345
289,Zona_289,Rural,2014,24.738098264834118,32.79476604000001,19.08850584000004,7414
290,Zona_290,Rural,2014,22.606642753090927,29.17850088,18.517696500000056,1925
291,Zona_291,Rural,2014,25.073059621016085,29.12723058000006,20.848786140000016,2303
292,Zona_292,Rural,2014,31.711601695836926,38.718194700000026,24.007036620000008,4194
293,Zona_293,Rural,2014,23.507926058933947,30.634577400000012,16.849702739999998,3133
294,Zona_294,Rural,2014,27.569532455943417,29.633097539999994,24.810271320000027,424
295,Zona_295,Rural,2014,21.257490165045528,31.164370500000018,14.556211319999989,6921
296,Zona_296,Rural,2014,22.47147632398304,31.027649699999984,14.27593367999998,5654
297,Zona_297,Rural,2014,25.68890421812502,30.029587859999992,22.602230400000053,1152
298,Zona_298,Rural,2014,24.403800501846984,29.12723058000006,17.15048850000005,3411
299,Zona_299,Rural,2014,23.389317585276192,34.739619420000054,17.85801864000001,7441
300,Zona_300,Rural,2014,20.168498499868974,33.16733022000005,15.687575939999988,15567
301,Zona_301,Rural,2014,24.152213700284573,33.19125636000001,17.738387940000052,4428
302,Zona_302,Rural,2014,29.884320059817444,35.82654978000005,23.938676220000048,2629
303,Zona_303,Rural,2014,28.85335376627331,34.462759800000015,24.635952299999985,966
304,Zona_304,Rural,2014,29.234227390209636,37.460363340000015,21.361489140000003,7299
305,Zona_305,Rural,2014,22.848554792819755,47.04790944000001,15.226143240000056,19172
306,Zona_306,Rural,2014,21.23964318250499,29.120394540000007,12.710480520000033,5533
307,Zona_307,Rural,2014,24.81054245195742,38.51311350000003,17.533306740000057,8169
308,Zona_308,Rural,2014,24.458842338604672,30.183398760000046,17.625593280000032,4644
309,Zona_309,Rural,2014,27.191022477654155,33.82700808000004,22.574886240000012,1995
310,Zona_310,Rural,2014,25.911296559936584,32.022293520000005,20.797515840000017,2207
311,Zona_311,Rural,2014,26.633446314237823,33.478370040000016,22.00065888000006,1312
312,Zona_312,Rural,2014,23.50712063498626,28.053972300000055,20.537746319999997,2908
313,Zona_313,Rural,2014,24.386698079972557,29.284459500000025,18.74670384000001,2185
314,Zona_314,Rural,2014,24.960033818281303,33.608254800000054,16.59676926000003,9158
315,Zona_315,Rural,2014,22.632106266717873,31.885572720000027,16.753998180000053,10289
316,Zona_316,Rural,2014,21.325873714226862,32.06330976000004,13.206093420000002,10774
317,Zona_317,Rural,2014,23.581552746627924,29.11014048000004,17.56406892000001,3440
318,Zona_318,Rural,2014,25.361339052494298,31.82063033999998,19.58070071999998,2185
319,Zona_319,Rural,2014,20.3649117109882,44.13575639999999,3.680071680000026,22759
320,Zona_320,Rural,2014,27.41803218519687,32.52816048,24.147175440000012,1143
321,Zona_321,Rural,2014,26.92067521804653,32.02571154000003,21.41617746000003,1935
322,Zona_322,Rural,2014,28.205979802843732,35.81629572000003,22.407403260000024,1702
323,Zona_323,Rural,2014,27.695014005950725,34.97546280000006,22.482599700000037,3408
324,Zona_324,Rural,2014,24.263829053961594,30.78497028000004,17.64610140000002,3279
325,Zona_325,Rural,2014,28.82573301676649,38.048262780000016,24.034380779999992,1503
326,Zona_326,Rural,2014,33.753081190285734,38.29094220000002,29.889449040000045,805
327,Zona_327,Rural,2014,32.37464423689657,36.16151574000003,27.906997440000055,58
328,Zona_328,Rural,2014,34.32610504869567,36.55117002000003,31.10968218000005,207
329,Zona_329,Rural,2014,33.41089170967744,37.81583741999998,28.70681411999999,372
330,Zona_330,Rural,2014,32.83292379352315,37.658608500000014,27.34302414000001,843
331,Zona_331,Rural,2014,28.515512138633017,33.12973199999999,23.094425279999996,2297
0,Zona_0,Urbano,2015,40.98917416694918,46.043469860000016,37.78553354000002,236
1,Zona_1,Urbano,2015,37.00682679841989,45.23681714000003,31.328893760000028,443
2,Zona_2,Urbano,2015,42.0957953283784,44.91210524000002,36.51744812000004,74
3,Zona_3,Urbano,2015,41.109355849032276,43.12448078,38.52040784000002,279
4,Zona_4,Urbano,2015,38.77598835804513,43.978985780000016,31.383582079999996,133
5,Zona_5,Urbano,2015,40.0680489118182,42.17085320000001,36.428579600000035,374
6,Zona_6,Urbano,2015,42.455321893348135,44.68309790000001,39.638100380000026,451
7,Zona_7,Urbano,2015,37.76754339711601,42.44087678000005,28.830321140000024,319
8,Zona_8,Urbano,2015,40.646536916000024,41.702584460000026,39.033110840000006,85
9,Zona_9,Urbano,2015,34.201288768149624,40.034590700000024,30.365012120000017,1016
10,Zona_10,Urbano,2015,35.933508581219535,38.920316179999986,30.573511339999982,410
11,Zona_11,Urbano,2015,31.870921894263287,37.26257648000001,25.71992294000006,1018
12,Zona_12,Urbano,2015,38.345844675714304,41.82221516000004,34.12825214000003,532
13,Zona_13,Urbano,2015,41.678310861702144,44.10887054,38.40419516000003,423
14,Zona_14,Urbano,2015,39.54858997830987,43.00826810000001,36.319202959999984,426
15,Zona_15,Urbano,2015,43.588492391486504,48.88384447999999,32.78497028000004,444
16,Zona_16,Urbano,2015,42.03256473669175,46.11866630000003,39.634682360000056,665
17,Zona_17,Urbano,2015,43.511213827937354,50.73641132,37.11560162000001,1149
18,Zona_18,Urbano,2015,38.15485332946301,41.94184586000006,33.85822856000004,689
19,Zona_19,Urbano,2015,39.861188160087934,42.94332572000002,33.400213880000024,455
20,Zona_20,Urbano,2015,40.232835860000016,43.92087944000002,35.66636114000005,261
21,Zona_21,Urbano,2015,32.52782551938569,37.06091330000004,28.201405460000046,293
22,Zona_22,Urbano,2015,38.144176359439015,41.34027434000001,32.67217562000002,713
23,Zona_23,Urbano,2015,34.21839021028573,39.935468119999996,27.394752740000058,490
24,Zona_24,Urbano,2015,40.52706878737144,46.53908276000004,35.509132220000026,350
25,Zona_25,Urbano,2015,43.28778929295084,47.66019332000002,37.0267331,366
26,Zona_26,Urbano,2015,42.248411941284424,43.97214974000002,40.20890972000001,327
27,Zona_27,Urbano,2015,41.012527749345814,44.65917176000005,36.66784100000001,321
28,Zona_28,Urbano,2015,41.10847406536967,44.46434462000002,38.48964566000001,257
29,Zona_29,Urbano,2015,41.724392913695674,43.49362694000001,40.540457660000015,276
30,Zona_30,Urbano,2015,40.22013205762042,44.57372126000001,33.171206540000014,353
31,Zona_31,Urbano,2015,41.88193777302327,45.21289100000001,38.619530420000046,258
32,Zona_32,Urbano,2015,37.69690615015875,41.44965098,33.56769686000001,567
33,Zona_33,Urbano,2015,34.24270302204635,39.68595266,28.163807239999983,518
34,Zona_34,Urbano,2015,32.66751382050002,36.85583210000004,27.75706286000002,360
35,Zona_35,Urbano,2015,38.08888281500002,41.15228324000003,34.73665970000002,244
36,Zona_36,Urbano,2015,41.890601519645585,43.59958556000004,39.55948592000004,395
37,Zona_37,Urbano,2015,36.055960364644314,41.72651059999998,26.34542060000001,745
38,Zona_38,Urbano,2015,41.45260512585716,43.72263428000002,34.66829930000006,140
39,Zona_39,Urbano,2015,41.10109399976286,43.06979246000003,38.10340940000003,253
40,Zona_40,Urbano,2015,41.482393557854095,49.89899642,37.474493720000055,466
41,Zona_41,Urbano,2015,37.46551667610359,44.23191926000004,33.75226994000002,811
42,Zona_42,Urbano,2015,38.69349143108436,40.78655509999999,35.01351932,415
43,Zona_43,Urbano,2015,33.18450910432435,34.84945435999998,29.48999900000001,74
44,Zona_44,Urbano,2015,42.309891481052645,46.60060712000001,38.43837536000001,646
45,Zona_45,Urbano,2015,40.770614247304366,43.64060180000001,38.609276360000024,690
46,Zona_46,Urbano,2015,32.863251274634166,38.56484210000002,29.39771245999998,738
47,Zona_47,Urbano,2015,38.174180577391326,40.76262896000003,36.56188238000004,207
48,Zona_48,Urbano,2015,37.349877844585,40.31828636,22.493312059999994,253
49,Zona_49,Urbano,2015,37.52026013138463,40.77630104000002,29.989029920000007,195
50,Zona_50,Urbano,2015,42.264876881851876,44.79589256000003,39.99015644000002,486
51,Zona_51,Urbano,2015,35.98858376110908,41.04632462000001,32.446586300000035,541
52,Zona_52,Urbano,2015,33.51773469111113,36.281604740000034,27.921127820000038,81
53,Zona_53,Urbano,2015,40.17469209642337,42.64937600000002,37.58387035999999,274
54,Zona_54,Urbano,2015,44.80811297127415,47.731971740000006,40.424244980000026,259
55,Zona_55,Urbano,2015,41.39612757702042,46.79543425999998,35.902204520000055,490
56,Zona_56,Urbano,2015,40.708835075140215,45.55811102000001,32.73028196000001,321
57,Zona_57,Urbano,2015,42.15089050872342,43.763650520000056,39.983320400000025,282
58,Zona_58,Urbano,2015,33.46261465538464,35.82017203999999,30.66921590000004,78
59,Zona_59,Urbano,2015,37.86923601150687,42.80660492000004,30.956329579999988,438
60,Zona_60,Urbano,2015,34.91655116665436,39.309970460000045,31.585245260000022,541
61,Zona_61,Urbano,2015,40.019196463769255,41.90766566000002,36.58922654000003,260
62,Zona_62,Urbano,2015,37.27927896948456,44.10887054,32.190234799999985,388
63,Zona_63,Urbano,2015,43.02888931625002,44.77538444000004,39.21768392000001,544
64,Zona_64,Urbano,2015,43.02353825426317,50.49373190000006,32.94561722000003,1140
65,Zona_65,Urbano,2015,40.11038281153529,44.061018260000026,36.24400652000003,241
66,Zona_66,Urbano,2015,38.69772242808991,42.28022984000006,35.70395936,267
67,Zona_67,Urbano,2015,40.52013330451614,42.38618846000003,35.99107304000006,186
68,Zona_68,Urbano,2015,31.743442881520757,36.38414534000003,25.66181660000001,1302
69,Zona_69,Urbano,2015,36.58652508603775,42.75875264000001,31.072542259999977,477
70,Zona_70,Urbano,2015,38.85868116467627,40.66008836000003,35.444189840000035,278
71,Zona_71,Urbano,2015,34.1427586661972,38.66738270000002,31.120394540000007,852
72,Zona_72,Urbano,2015,38.01187055187501,41.55219158,32.58672511999998,352
73,Zona_73,Urbano,2015,40.80445683685621,43.90720736000003,38.588768240000036,299
74,Zona_74,Urbano,2015,39.84962770024274,41.97602605999998,33.06182990000002,412
75,Zona_75,Urbano,2015,42.19285234403063,44.457508580000024,37.11901964000003,392
76,Zona_76,Urbano,2015,32.702090725478286,39.66202652000004,28.679928259999997,460
77,Zona_77,Urbano,2015,37.128618579500014,39.44327324000005,32.16630866000003,120
78,Zona_78,Urbano,2015,39.13587375024392,42.77584274000003,35.42026370000002,246
79,Zona_79,Urbano,2015,41.60636898520181,46.436542160000045,34.312825220000036,669
80,Zona_80,Urbano,2015,41.3475492368889,44.27293550000002,38.12733553999999,405
81,Zona_81,Urbano,2015,38.636006044494394,40.998472340000035,35.11264190000003,267
82,Zona_82,Urbano,2015,37.811057452662745,40.77971906000005,32.03300588000002,169
83,Zona_83,Urbano,2015,38.22831696101372,42.721154420000005,30.898223239999993,730
84,Zona_84,Urbano,2015,36.96421279968968,41.80854308000005,30.156512900000052,580
85,Zona_85,Urbano,2015,40.71841016257882,42.39986054000002,37.55652620000001,349
86,Zona_86,Urbano,2015,41.69570913241382,44.08836242000001,39.62784632,174
87,Zona_87,Urbano,2015,42.71743302544381,46.65871346000006,38.97500450000001,338
88,Zona_88,Urbano,2015,30.928622902727287,33.50275448000002,26.895721820000006,66
89,Zona_89,Urbano,2015,38.171552517555035,41.85639536000002,34.96566704000003,409
90,Zona_90,Urbano,2015,36.232505344594614,41.92817378000001,31.34256584000002,148
91,Zona_91,Urbano,2015,41.91055783076925,43.69529011999998,40.35930259999998,325
92,Zona_92,Urbano,2015,38.61116769681368,43.24752950000004,31.53739298000005,703
93,Zona_93,Urbano,2015,39.44833587252176,46.27931324000002,35.625344900000016,345
94,Zona_94,Urbano,2015,41.55855687473056,43.26803762000003,39.344150660000025,167
95,Zona_95,Urbano,2015,37.072895150329686,42.013624280000045,21.522594379999987,364
96,Zona_96,Urbano,2015,42.29643414326762,45.02489990000004,39.29971640000002,355
97,Zona_97,Urbano,2015,39.468981783067505,42.23237756000003,35.249362700000006,326
98,Zona_98,Urbano,2015,41.49310507250002,44.53612304000001,39.09463520000003,408
99,Zona_99,Urbano,2015,40.87614365974621,42.99117799999999,35.64243499999998,394
100,Zona_100,Urbano,2015,40.75841591667235,44.259263420000025,36.51061207999999,589
101,Zona_101,Urbano,2015,38.17649180450869,40.33537646000002,35.45786192000003,173
102,Zona_102,Urbano,2015,31.774103953698045,34.68538940000002,28.505609240000013,457
103,Zona_103,Urbano,2015,38.16779671692309,41.48041316000001,33.27032912000004,234
104,Zona_104,Urbano,2015,35.07998256211011,42.02729636000004,29.172123140000053,218
105,Zona_105,Urbano,2015,29.40382346545456,34.83236426000002,23.850266000000033,396
106,Zona_106,Urbano,2015,38.25136656486805,41.10784898000003,35.02719139999999,341
107,Zona_107,Urbano,2015,37.7151011544248,42.58443362000003,33.284001200000034,226
108,Zona_108,Urbano,2015,45.46259338296876,48.23100266000006,42.782678780000026,256
109,Zona_109,Urbano,2015,40.60282713483518,43.27145564,35.01351932,182
110,Zona_110,Urbano,2015,42.48814353194863,47.16458041999999,38.462301500000024,467
111,Zona_111,Urbano,2015,41.60755902624456,44.457508580000024,39.279208280000034,458
112,Zona_112,Urbano,2015,39.092859257493494,41.935009820000005,31.643351600000017,383
113,Zona_113,Urbano,2015,39.9801471718833,42.49898312000005,37.04382320000002,377
114,Zona_114,Urbano,2015,38.76497087473685,41.89057556,35.35532132000003,323
115,Zona_115,Urbano,2015,41.400025441503786,43.57224140000005,39.48087146,266
116,Zona_116,Urbano,2015,34.79902432325002,38.968168460000015,32.23466905999999,480
117,Zona_117,Urbano,2015,40.651867432586215,43.23727544000002,36.903684380000016,116
118,Zona_118,Urbano,2015,40.45019703251658,43.05612038000004,36.575554460000035,302
119,Zona_119,Urbano,2015,41.13530251664002,43.39792238000001,37.78211552000005,375
120,Zona_120,Urbano,2015,32.78553782436569,44.0507642,26.485559420000016,1072
121,Zona_121,Urbano,2015,40.446494355471714,44.36864006000002,33.80012222000005,848
122,Zona_122,Urbano,2015,35.62054706454921,40.32170438000003,27.28195807999998,488
123,Zona_123,Urbano,2015,30.728263679751883,34.596520880000014,24.814147639999987,403
124,Zona_124,Urbano,2015,38.49137509641436,41.04632462000001,34.25813690000001,251
125,Zona_125,Urbano,2015,38.90458801598974,43.77390458000002,31.72196606,778
126,Zona_126,Urbano,2015,41.38243628502795,44.78222047999998,34.91439674000003,537
127,Zona_127,Urbano,2015,42.73943771970911,47.605504999999994,34.47005414,550
128,Zona_128,Urbano,2015,40.09447086275451,44.327623819999985,33.57453290000001,501
129,Zona_129,Urbano,2015,39.44419161709092,42.46480292000001,34.972503080000024,495
130,Zona_130,Urbano,2015,38.78349967544002,42.69039224000005,33.65998339999999,250
131,Zona_131,Urbano,2015,40.07742934402845,43.83542894000004,36.54821030000005,422
132,Zona_132,Urbano,2015,39.408705776650265,42.53658134,37.06774933999998,406
133,Zona_133,Urbano,2015,39.447482801473704,41.00530838000003,37.99403275999998,95
134,Zona_134,Urbano,2015,33.84829351520002,37.82654978000005,29.681408120000015,375
135,Zona_135,Urbano,2015,39.46326281423079,45.489750619999995,34.75033178000001,468
136,Zona_136,Urbano,2015,40.183951724905675,42.28364786000003,36.62340674000001,159
137,Zona_137,Urbano,2015,40.30282014689657,44.04734617999998,37.63514066000005,783
138,Zona_138,Urbano,2015,38.419861085000015,42.37251637999998,34.60677494000004,156
139,Zona_139,Urbano,2015,40.58499212254074,42.509237180000014,37.99403275999998,307
140,Zona_140,Urbano,2015,41.37151547821658,44.15672282000003,37.66932086000003,471
141,Zona_141,Urbano,2015,38.7339277879426,43.22360336000003,32.34746372000001,418
142,Zona_142,Urbano,2015,41.67251843766279,44.12596064000002,39.32706056000001,599
143,Zona_143,Urbano,2015,38.84234837243245,40.89593174000004,36.80456179999999,74
144,Zona_144,Urbano,2015,38.50744264978104,41.48724920000001,35.02719139999999,411
145,Zona_145,Urbano,2015,41.66702235083873,44.754876319999994,38.65371062000003,465
146,Zona_146,Urbano,2015,36.85810349987222,39.788493259999996,34.610192960000006,313
147,Zona_147,Urbano,2015,35.22509257396168,39.83976356000005,30.002702,626
148,Zona_148,Urbano,2015,41.89784609406781,43.46286476,38.605858340000054,236
149,Zona_149,Urbano,2015,30.067030030000016,34.599938899999984,26.150593459999982,306
150,Zona_150,Urbano,2015,44.506434407126775,50.022045140000046,35.83384411999998,710
151,Zona_151,Urbano,2015,30.045858261319665,34.94174090000001,25.340522720000024,1364
152,Zona_152,Urbano,2015,39.31866750438179,42.47163896000001,34.329915320000055,461
153,Zona_153,Urbano,2015,39.33199606301726,43.09030058000002,33.612131120000015,232
154,Zona_154,Urbano,2015,40.64024880136922,44.12596064000002,34.93490486000002,409
155,Zona_155,Urbano,2015,41.88424574334126,47.092802000000006,36.37389128000001,844
156,Zona_156,Urbano,2015,40.165320970210544,44.87792504000004,36.2918588,760
157,Zona_157,Urbano,2015,31.0474887102618,35.71079540000005,28.232167640000057,191
158,Zona_158,Urbano,2015,39.31756662683584,43.00485007999998,34.24446482000002,670
159,Zona_159,Urbano,2015,38.52570925877553,41.54877356000003,33.85481054000002,245
160,Zona_160,Urbano,2015,35.1515619324219,40.12687724,33.03448574000004,256
161,Zona_161,Urbano,2015,40.21903430954547,42.15034508000002,37.63514066000005,396
162,Zona_162,Urbano,2015,40.18710007637013,44.85399890000002,35.58091064000001,281
163,Zona_163,Urbano,2015,40.036707567120644,45.141112580000026,32.4124061,1542
164,Zona_164,Urbano,2015,39.32139550833335,42.782678780000026,35.478370040000016,216
165,Zona_165,Urbano,2015,39.70290132468967,45.31543160000001,34.88363456000002,290
166,Zona_166,Urbano,2015,37.1793457286207,41.30609414000003,32.23125104000002,522
167,Zona_167,Urbano,2015,38.29316306871797,40.84466143999998,34.64437315999999,351
168,Zona_168,Urbano,2015,40.16298124360658,42.24946766000005,37.68641095999999,183
169,Zona_169,Urbano,2015,35.62489275900487,42.129836960000034,32.921691080000016,824
170,Zona_170,Urbano,2015,40.17966145753426,42.51607322000001,38.07948326000002,219
171,Zona_171,Urbano,2015,34.600445430983825,38.87588191999998,31.27420544000006,803
172,Zona_172,Urbano,2015,30.780497987931053,36.41832554000001,27.763898900000015,174
173,Zona_173,Urbano,2015,37.123604289580854,39.26895422000001,30.47438876000001,334
174,Zona_174,Urbano,2015,38.15840267345727,41.19329948000001,36.21666235999999,269
175,Zona_175,Urbano,2015,38.26903553176473,41.44965098,33.93000698000003,289
176,Zona_176,Urbano,2015,44.066897986506035,49.51617818,40.53703963999999,747
177,Zona_177,Urbano,2015,39.34159841815305,41.87348545999998,36.60289862000002,379
178,Zona_178,Urbano,2015,41.88244136290911,46.92531902000002,32.96954335999999,495
179,Zona_179,Urbano,2015,42.071421995169324,44.173812920000046,40.000410500000044,443
180,Zona_180,Urbano,2015,35.444962059333356,40.23967190000002,23.470865780000054,270
181,Zona_181,Urbano,2015,41.158508146677235,43.16891504,36.872922200000005,632
182,Zona_182,Urbano,2015,40.63527283724492,44.553213140000025,35.25961676000003,392
183,Zona_183,Urbano,2015,40.53474190749166,42.64937600000002,37.17028994000003,299
184,Zona_184,Urbano,2015,37.31894273709093,41.11810304000005,31.88603102000002,385
185,Zona_185,Urbano,2015,44.24181632680002,48.747123680000016,39.022856779999984,450
186,Zona_186,Urbano,2015,33.85623640041422,40.85491550000006,30.074480419999986,676
187,Zona_187,Urbano,2015,40.08678478918921,42.84420313999999,35.48862410000004,185
188,Zona_188,Urbano,2015,43.35068534360002,46.10157620000001,40.34904854000001,350
189,Zona_189,Urbano,2015,34.52201669721521,39.23477402000003,30.96658364000001,158
190,Zona_190,Urbano,2015,38.46813224000002,43.3158899,29.038820360000045,663
191,Zona_191,Urbano,2015,37.354420557864096,42.457966880000015,34.056473719999985,618
192,Zona_192,Urbano,2015,42.311185327043724,45.226563080000005,39.053618959999994,389
193,Zona_193,Urbano,2015,37.60499954335453,47.80375016000005,30.310323799999992,787
194,Zona_194,Urbano,2015,38.27870102731709,43.421848520000026,30.83669888000003,492
195,Zona_195,Urbano,2015,42.41639192519233,45.21630902000004,39.53555978000003,208
196,Zona_196,Urbano,2015,41.44275316855423,43.95847766000003,38.68789082000001,332
197,Zona_197,Urbano,2015,38.541986249090925,41.43256087999998,36.33629306,99
198,Zona_198,Urbano,2015,32.51052350938225,38.61611240000002,28.208241499999986,1554
199,Zona_199,Urbano,2015,40.76931279388191,48.70952546000001,33.051575840000055,1033
200,Zona_200,Urbano,2015,35.70495447974686,39.395420960000024,31.71513002000006,79
201,Zona_201,Urbano,2015,39.03587320207549,42.35884429999999,33.00714158000005,318
202,Zona_202,Urbano,2015,39.41393192296513,43.51413506000006,35.625344900000016,344
203,Zona_203,Urbano,2015,43.63320507533125,46.10841224000001,41.92817378000001,317
204,Zona_204,Urbano,2015,40.40931880633096,43.79441270000001,36.281604740000034,417
205,Zona_205,Urbano,2015,37.24690212792901,41.92133774000001,31.810834580000005,169
206,Zona_206,Urbano,2015,41.98689954283845,44.55663116000005,39.03994688,458
207,Zona_207,Urbano,2015,38.96808236377836,43.13815285999999,35.52622231999999,397
208,Zona_208,Urbano,2015,38.05919708935066,40.31828636,35.481788059999985,231
209,Zona_209,Urbano,2015,39.4110548621302,41.42914286000001,37.706919080000034,169
210,Zona_210,Urbano,2015,40.29759393500002,42.79293284000005,36.17564612000001,408
211,Zona_211,Urbano,2015,41.36364335779738,43.23385742000005,39.07412708000004,227
212,Zona_212,Urbano,2015,38.52166711052634,45.43164428,33.058411879999994,133
213,Zona_213,Urbano,2015,37.76742824601056,43.011686120000036,30.42653647999998,569
214,Zona_214,Urbano,2015,40.3812755857143,45.37011991999998,36.018417200000044,539
215,Zona_215,Urbano,2015,40.72943618800002,43.01852216000003,37.17028994000003,270
216,Zona_216,Urbano,2015,34.90192525483873,39.41251106000004,30.23170934000001,279
217,Zona_217,Urbano,2015,37.13544944068183,41.09075888000001,32.17998074000002,264
218,Zona_218,Urbano,2015,34.31007031744481,40.55412974000001,26.39669090000001,634
219,Zona_219,Urbano,2015,35.007631246484394,40.61223608,26.892303800000036,512
220,Zona_220,Urbano,2015,34.86952233255535,39.19033976000003,21.758437759999993,497
221,Zona_221,Urbano,2015,30.725780276090244,34.58626681999999,25.685742740000023,665
222,Zona_222,Urbano,2015,37.23534625400002,42.32466410000001,30.532495100000006,630
223,Zona_223,Urbano,2015,42.508334822720016,44.99755574000005,38.479391599999985,125
224,Zona_224,Urbano,2015,39.327992747272745,43.196259199999986,31.27762346000003,363
225,Zona_225,Urbano,2015,41.48662299786262,43.965313700000024,37.28992063999999,262
226,Zona_226,Urbano,2015,41.87192909362523,45.97169144000003,38.69130884000003,571
227,Zona_227,Urbano,2015,34.841109064415605,39.805583360000014,31.937301320000017,539
228,Zona_228,Urbano,2015,39.384492217422526,43.06979246000003,34.54183255999999,613
229,Zona_229,Urbano,2015,39.39733392592595,41.51117534000002,34.76742188000003,243
230,Zona_230,Urbano,2015,41.848555103881424,45.43848032000005,38.63662052000001,371
231,Zona_231,Urbano,2015,41.63496731365653,44.79589256000003,37.53601808000002,722
232,Zona_232,Urbano,2015,39.80092036582784,43.47995486000002,36.32262098000001,302
233,Zona_233,Urbano,2015,34.23457458285716,39.02969282000004,28.526117360000057,357
234,Zona_234,Urbano,2015,39.397141338137494,43.538061200000016,34.35725948000004,451
235,Zona_235,Urbano,2015,43.270255880454556,47.157744380000054,37.99745078000001,396
236,Zona_236,Urbano,2015,37.12751747977902,41.623969999999986,33.926588960000004,181
237,Zona_237,Urbano,2015,40.2367726231601,42.29390192000005,36.59606258000002,481
238,Zona_238,Urbano,2015,30.926684829615404,35.34164924000004,28.10228288000002,156
239,Zona_239,Urbano,2015,40.34712102643838,44.730950180000036,35.07504368000002,438
240,Zona_240,Urbano,2015,40.736554798256904,42.32124608000004,37.201052119999986,218
241,Zona_241,Urbano,2015,41.822919637404596,43.63376576000002,37.82996780000002,262
242,Zona_242,Urbano,2015,43.61831313004652,46.53224671999999,40.19181962000005,215
243,Zona_243,Urbano,2015,42.184962953292704,44.16697687999999,38.73232508000001,328
244,Zona_244,Urbano,2015,40.46346924834953,43.68845408000004,37.87098404000005,103
245,Zona_245,Urbano,2015,40.664931746778265,42.61177778000001,37.310428760000036,717
246,Zona_246,Urbano,2015,36.43497618028574,40.89251372000001,32.42266016000002,140
247,Zona_247,Urbano,2015,33.48680561259138,41.10784898000003,26.957246180000027,602
248,Zona_248,Urbano,2015,32.10121112916096,38.05213909999998,27.032442619999983,727
249,Zona_249,Urbano,2015,37.011767132302865,42.017042300000014,30.429954500000008,317
250,Zona_250,Urbano,2015,40.59551476636844,42.90572750000001,36.93102854000006,380
251,Zona_251,Urbano,2015,38.68105478000002,41.456487020000054,32.911437019999994,407
252,Zona_252,Urbano,2015,40.215084661481505,42.37935242000003,37.706919080000034,243
253,Zona_253,Urbano,2015,40.26160290615387,42.37251637999998,36.924192500000004,221
254,Zona_254,Urbano,2015,40.5293649611406,46.64504138000001,32.367971839999996,754
255,Zona_255,Urbano,2015,41.14512800747084,43.162079000000006,38.60244032000003,257
256,Zona_256,Urbano,2015,40.40443600045457,44.35154996000006,34.917814760000056,264
257,Zona_257,Urbano,2015,43.20699757228015,45.458988439999985,41.032652540000015,614
258,Zona_258,Urbano,2015,42.21870548000002,44.79247454000006,38.70839894000005,282
259,Zona_259,Urbano,2015,41.88250122987595,44.64208166000003,37.775279479999995,403
260,Zona_260,Urbano,2015,40.469098115000016,43.96189568,33.73859786000003,204
261,Zona_261,Urbano,2015,29.74929073225808,33.36603367999999,26.434289120000017,279
262,Zona_262,Urbano,2015,41.6133680884071,44.22508321999999,39.14248748,226
263,Zona_263,Urbano,2015,41.26110138000002,43.89011726000001,36.86266813999998,153
264,Zona_264,Urbano,2015,39.17495472309471,41.295840080000005,36.55504633999999,433
265,Zona_265,Urbano,2015,41.45752728695654,43.11422672000003,38.99551262,207
266,Zona_266,Urbano,2015,38.6062729850492,42.191361320000055,31.60575338000001,305
267,Zona_267,Urbano,2015,37.96927800909093,39.91837801999998,36.87634022000003,33
268,Zona_268,Urbano,2015,39.739908547142875,42.574179560000005,35.64927104000003,378
269,Zona_269,Urbano,2015,39.31641327646019,43.4184305,33.345525560000056,452
270,Zona_270,Urbano,2015,43.730822684969866,47.44827608000003,36.08335957999998,829
271,Zona_271,Rural,2015,21.320586723985294,35.27670685999999,5.2015488800000185,4346
272,Zona_272,Rural,2015,22.347463562790594,32.59014314000001,5.386121960000025,3863
273,Zona_273,Rural,2015,34.43067667671234,40.769465000000025,27.23068778000004,146
274,Zona_274,Rural,2015,25.692837370693173,44.91210524000002,12.358882760000029,9464
275,Zona_275,Rural,2015,24.045630400621715,30.09498854000003,18.080648240000016,3410
276,Zona_276,Rural,2015,23.244045201135478,33.54377072,18.542080940000005,3012
277,Zona_277,Rural,2015,31.778649015769037,42.35200826000005,24.779967440000007,3602
278,Zona_278,Rural,2015,28.199957332619192,35.909040559999994,22.23354254000003,3734
279,Zona_279,Rural,2015,22.302950632906782,28.799558960000013,14.727570620000051,1641
280,Zona_280,Rural,2015,31.104268388990164,41.98628012000006,22.74282751999999,3248
281,Zona_281,Rural,2015,26.473157910679795,33.345525560000056,21.454233980000026,8135
282,Zona_282,Rural,2015,25.11786869280184,37.01306102000001,17.98836170000004,16682
283,Zona_283,Rural,2015,26.617422448085954,34.25471888000004,20.791138100000012,4608
284,Zona_284,Rural,2015,28.681658331742977,36.59606258000002,23.65885688000003,2272
285,Zona_285,Rural,2015,23.757249949746,28.96704194000006,18.92489918000001,3425
286,Zona_286,Rural,2015,22.879804242991547,29.91725150000002,11.917958180000028,5783
287,Zona_287,Rural,2015,29.629053205038755,37.78553354000002,23.057285360000037,3227
288,Zona_288,Rural,2015,23.471890457211106,28.194569419999993,12.68701268000001,2345
289,Zona_289,Rural,2015,29.872781280253594,37.89832820000004,23.84001194000001,7414
290,Zona_290,Rural,2015,21.493655735864955,27.510965420000048,12.553709900000058,1925
291,Zona_291,Rural,2015,27.52054567145464,34.49056226000005,22.84195010000002,2303
292,Zona_292,Rural,2015,35.174334145579415,41.67865832000001,27.98265218000006,4194
293,Zona_293,Rural,2015,26.284027156820958,33.51642656000001,18.41903222000002,3133
294,Zona_294,Rural,2015,31.360268603962286,34.302571160000014,27.616924040000015,424
295,Zona_295,Rural,2015,25.56716149708714,36.753291500000046,11.251444279999987,6921
296,Zona_296,Rural,2015,25.200984804117457,32.596979180000005,8.609314820000009,5654
297,Zona_297,Rural,2015,32.10649331000002,39.556067900000016,28.741452620000018,1152
298,Zona_298,Rural,2015,28.92579222047496,36.722529320000035,20.92444088000002,3411
299,Zona_299,Rural,2015,24.889616933632595,36.39098138000003,19.485454460000028,7441
300,Zona_300,Rural,2015,23.731001539953766,38.626366459999986,14.662628240000004,15567
301,Zona_301,Rural,2015,26.65062709182929,36.44225168000003,18.50106470000003,4428
302,Zona_302,Rural,2015,35.0000955632484,41.52142939999999,28.78588688000002,2629
303,Zona_303,Rural,2015,32.12346310701866,37.12585568000003,27.664776319999987,966
304,Zona_304,Rural,2015,32.18903130480889,42.44429480000002,24.598812380000027,7299
305,Zona_305,Rural,2015,25.52431082492908,44.59081136000003,11.159157740000012,19172
306,Zona_306,Rural,2015,22.844877625172618,29.548105340000006,12.625488320000045,5533
307,Zona_307,Rural,2015,27.381326687146547,40.15422139999998,20.473262240000054,8169
308,Zona_308,Rural,2015,29.854506103139553,38.062393160000056,21.33460328000001,4644
309,Zona_309,Rural,2015,35.55462186863159,43.55856932000006,27.668194340000014,1995
310,Zona_310,Rural,2015,27.283624500262817,33.639475280000056,18.767670260000045,2207
311,Zona_311,Rural,2015,31.028662907210386,37.58045234000002,26.010454640000034,1312
312,Zona_312,Rural,2015,27.553328651375534,34.627283060000025,18.69589184000006,2908
313,Zona_313,Rural,2015,29.49329656803663,34.66829930000006,26.071979000000056,2185
314,Zona_314,Rural,2015,24.882231851443564,32.02616984000002,13.873065620000034,9158
315,Zona_315,Rural,2015,24.35040946242202,38.069229199999995,15.45560888,10289
316,Zona_316,Rural,2015,23.469375353235588,32.96612534000002,12.998052500000028,10774
317,Zona_317,Rural,2015,27.331390200639547,33.24298496000006,21.074833760000047,3440
318,Zona_318,Rural,2015,27.781433264384457,35.133150020000016,18.658293619999995,2185
319,Zona_319,Rural,2015,25.163559123604745,45.10009634000005,10.550750180000023,22759
320,Zona_320,Rural,2015,33.96205203889766,40.80706322000003,29.404548500000033,1143
321,Zona_321,Rural,2015,28.675008784186065,35.905622540000024,21.491832200000033,1935
322,Zona_322,Rural,2015,32.17082518584021,39.73380494000003,25.87031582000003,1702
323,Zona_323,Rural,2015,33.007927885070444,39.13906946000003,27.620342059999984,3408
324,Zona_324,Rural,2015,26.453919541665158,33.09601010000006,18.087484280000012,3279
325,Zona_325,Rural,2015,31.387946138802413,40.277270120000026,26.731656860000044,1503
326,Zona_326,Rural,2015,37.96502417286958,42.67672016000006,31.927047259999995,805
327,Zona_327,Rural,2015,35.34465474034484,38.735743100000036,32.11845638,58
328,Zona_328,Rural,2015,35.81363321913045,37.82996780000002,32.60039720000003,207
329,Zona_329,Rural,2015,36.16204754580647,39.84318158000002,31.26395137999998,372
330,Zona_330,Rural,2015,36.35698363658364,40.851497480000035,30.42653647999998,843
331,Zona_331,Rural,2015,31.57915175024817,37.279666580000026,25.996782560000042,2297
0,Zona_0,Urbano,2015,39.20243833855933,44.37159978,35.93250840000002,236
1,Zona_1,Urbano,2015,37.51361655453726,45.41751390000002,31.47199230000001,443
2,Zona_2,Urbano,2015,42.24475992972975,44.93557308000004,36.45204744,74
3,Zona_3,Urbano,2015,39.57235667290325,41.175751080000055,37.26895422000001,279
4,Zona_4,Urbano,2015,38.03626116090227,43.66406963999998,30.402152040000033,133
5,Zona_5,Urbano,2015,38.72896054909093,40.833949080000025,34.80456179999999,374
6,Zona_6,Urbano,2015,41.610953697472304,43.68115974,38.89934976000001,451
7,Zona_7,Urbano,2015,36.32036259423199,40.99117799999999,28.300069740000026,319
8,Zona_8,Urbano,2015,38.77340577600002,39.82563318000001,37.62784632,85
9,Zona_9,Urbano,2015,34.009922612893725,40.28706588,29.85185081999998,1016
10,Zona_10,Urbano,2015,25.162068944341485,37.67569860000003,9.40525518000004,410
11,Zona_11,Urbano,2015,30.125695330019663,35.891492159999984,24.475305359999993,1018
12,Zona_12,Urbano,2015,37.245317198233096,40.393024500000024,33.38608350000004,532
13,Zona_13,Urbano,2015,41.13167235872342,43.80762648000001,37.79874732000002,423
14,Zona_14,Urbano,2015,38.72378709422538,42.23191926000004,35.57019828,426
15,Zona_15,Urbano,2015,42.72437588027029,47.49225204000004,36.99551262,444
16,Zona_16,Urbano,2015,40.816303872992506,46.81206606000001,38.1713115,665
17,Zona_17,Urbano,2015,42.83141735968671,49.040615100000025,35.864148,1149
18,Zona_18,Urbano,2015,36.015235397851974,39.83930526000006,31.331853480000007,689
19,Zona_19,Urbano,2015,38.40387959050552,41.14157088000002,32.11458005999998,455
20,Zona_20,Urbano,2015,39.19382331448278,41.10397266000001,34.42516158000001,261
21,Zona_21,Urbano,2015,32.10836229665531,36.704980920000025,26.601313800000014,293
22,Zona_22,Urbano,2015,31.632476248863973,35.68641095999999,27.24731958000001,713
23,Zona_23,Urbano,2015,32.36122159297961,37.61759226000004,25.579325820000008,490
24,Zona_24,Urbano,2015,39.22190342451431,45.239776860000006,33.72104946000002,350
25,Zona_25,Urbano,2015,42.44940245606559,47.00005715999998,36.04188504000001,366
26,Zona_26,Urbano,2015,41.26782856678901,43.00097376000002,39.473577120000016,327
27,Zona_27,Urbano,2015,40.07461623813086,43.39404606000005,35.25232242000004,321
28,Zona_28,Urbano,2015,39.71509946708173,43.0932603,37.019438760000014,257
29,Zona_29,Urbano,2015,40.779483674347844,42.66258978000002,39.52826544000004,276
30,Zona_30,Urbano,2015,39.18601803229463,43.20947297999999,32.302571160000014,353
31,Zona_31,Urbano,2015,40.95025449697677,44.997097440000005,38.51994954000003,258
32,Zona_32,Urbano,2015,36.47219386476192,40.44087678000005,32.34016938000002,567
33,Zona_33,Urbano,2015,33.2963439787645,38.66350638000006,27.076418579999995,518
34,Zona_34,Urbano,2015,31.501083448000017,37.41251106000004,20.57876256000003,360
35,Zona_35,Urbano,2015,37.202653036967234,40.160599140000045,33.69370530000003,244
36,Zona_36,Urbano,2015,40.295476805164576,42.31395173999999,37.67911662000006,395
37,Zona_37,Urbano,2015,35.01518982708727,41.38766831999999,25.21359768000002,745
38,Zona_38,Urbano,2015,40.90379876014288,43.55469300000004,34.12779383999998,140
39,Zona_39,Urbano,2015,40.87782943162057,42.70360602000005,37.757731079999985,253
40,Zona_40,Urbano,2015,40.70454841725324,49.86435792000003,36.28456446000001,466
41,Zona_41,Urbano,2015,36.050052885573386,43.05224406000002,32.07698184000003,811
42,Zona_42,Urbano,2015,37.16459342139762,39.82221516000004,31.133608320000008,415
43,Zona_43,Urbano,2015,31.622015664324348,33.611672820000024,28.635035700000003,74
44,Zona_44,Urbano,2015,41.34198008052633,45.605504999999994,37.53555978000003,646
45,Zona_45,Urbano,2015,39.95714273791307,42.72411413999998,37.870525740000005,690
46,Zona_46,Urbano,2015,31.687003357560997,36.67763676000004,28.843534920000025,738
47,Zona_47,Urbano,2015,37.200395673913064,39.641060100000004,35.63514066000005,207
48,Zona_48,Urbano,2015,36.75219823185773,39.439396920000036,31.779614100000003,253
49,Zona_49,Urbano,2015,37.166851827692334,40.20503340000005,30.696101760000033,195
50,Zona_50,Urbano,2015,41.55453239925928,44.21778888000006,38.99163629999998,486
51,Zona_51,Urbano,2015,35.45244401611832,40.82027700000003,32.51790642000003,541
52,Zona_52,Urbano,2015,32.463851066666685,35.60437848000004,27.613047720000054,81
53,Zona_53,Urbano,2015,39.117005281751844,41.98582182000001,36.592186260000005,274
54,Zona_54,Urbano,2015,43.89456823969114,46.55571456000001,40.20503340000005,259
55,Zona_55,Urbano,2015,40.75769933179594,45.94730700000002,35.37878916,490
56,Zona_56,Urbano,2015,39.017298070093474,43.65039755999999,31.024231680000014,321
57,Zona_57,Urbano,2015,41.30890841234044,43.24707120000005,38.53703963999999,282
58,Zona_58,Urbano,2015,30.83404954153848,32.692225440000016,28.655543820000048,78
59,Zona_59,Urbano,2015,36.94036388178084,41.64060180000001,29.674113780000027,438
60,Zona_60,Urbano,2015,33.636104397338286,38.51994954000003,30.60381522,541
61,Zona_61,Urbano,2015,39.5184452056154,41.4184305,36.622948440000016,260
62,Zona_62,Urbano,2015,36.83772871221652,43.51025874000004,31.694163600000024,388
63,Zona_63,Urbano,2015,42.36696246562502,44.00587164000001,38.05851684000004,544
64,Zona_64,Urbano,2015,42.24526752757896,49.912210200000004,36.01112286,1140
65,Zona_65,Urbano,2015,39.9767635580913,43.342775759999995,35.88123810000002,241
66,Zona_66,Urbano,2015,38.141099787640464,41.18942316000005,34.99938894000002,267
67,Zona_67,Urbano,2015,39.30102223935486,41.028776220000054,35.395879260000015,186
68,Zona_68,Urbano,2015,30.44246209921661,35.163453900000036,24.352256640000007,1302
69,Zona_69,Urbano,2015,36.059168612830206,41.80466676000003,30.511528680000026,477
70,Zona_70,Urbano,2015,38.17463115971225,39.70600248000005,34.725947340000005,278
71,Zona_71,Urbano,2015,32.63506587549298,37.47745343999998,29.63651556000002,852
72,Zona_72,Urbano,2015,37.13787509505684,41.65085585999998,32.446128000000044,352
73,Zona_73,Urbano,2015,39.73398680428095,42.19090302000001,37.395420960000024,299
74,Zona_74,Urbano,2015,38.396851043009725,40.94332572000002,35.35486302000004,412
75,Zona_75,Urbano,2015,41.18307540857145,43.59570924000002,36.15809772,392
76,Zona_76,Urbano,2015,32.796764838652194,39.408634740000025,29.021271960000036,460
77,Zona_77,Urbano,2015,35.85494782950002,38.27043408000003,31.29425526,120
78,Zona_78,Urbano,2015,38.04994400121954,41.50046298000001,33.98423700000001,246
79,Zona_79,Urbano,2015,41.35979791775787,46.77104982000003,34.11412175999999,669
80,Zona_80,Urbano,2015,38.11730678400002,42.324205800000016,31.714671720000013,405
81,Zona_81,Urbano,2015,37.78570251707867,40.341754200000025,34.36363721999999,267
82,Zona_82,Urbano,2015,35.909957557988186,38.79680916000001,30.04667796000001,169
83,Zona_83,Urbano,2015,37.73763499528769,42.601065420000054,30.607233240000028,730
84,Zona_84,Urbano,2015,36.51281747834484,41.16891504,28.535913120000032,580
85,Zona_85,Urbano,2015,39.835593427392574,41.31247188000003,36.45546546000003,349
86,Zona_86,Urbano,2015,40.493070338275885,42.69676998,37.88077980000003,174
87,Zona_87,Urbano,2015,41.716475776508894,44.798852280000006,37.47403542000001,338
88,Zona_88,Urbano,2015,29.540448482727292,32.839200300000016,25.124729160000015,66
89,Zona_89,Urbano,2015,37.61241926640589,41.45261070000004,34.22008038000001,409
90,Zona_90,Urbano,2015,35.77708086891894,40.96041581999998,31.314763380000045,148
91,Zona_91,Urbano,2015,39.98967710603079,41.89011726000001,38.39690082000004,325
92,Zona_92,Urbano,2015,38.30666120236133,42.9907197,32.972503080000024,703
93,Zona_93,Urbano,2015,39.1302394878261,46.58989475999999,35.0267331,345
94,Zona_94,Urbano,2015,40.45950191892217,41.86619112000005,38.41399092000006,167
95,Zona_95,Urbano,2015,39.87288448945057,41.71921626000005,34.73278338,364
96,Zona_96,Urbano,2015,40.47801284518312,43.15478466000002,37.36465878000001,355
97,Zona_97,Urbano,2015,37.02929440049082,39.230897700000014,33.68003322000004,326
98,Zona_98,Urbano,2015,40.118158725000015,42.765130380000016,37.672280580000006,408
99,Zona_99,Urbano,2015,39.788069660710676,41.93796954000004,35.1292737,394
100,Zona_100,Urbano,2015,39.78321259222412,43.36328388000004,35.95643454000003,589
101,Zona_101,Urbano,2015,37.01738399653181,39.52826544000004,34.606316640000045,173
102,Zona_102,Urbano,2015,28.494956714048158,32.316243240000006,22.44158346000006,457
103,Zona_103,Urbano,2015,37.40415590000001,40.32466410000001,32.55550463999998,234
104,Zona_104,Urbano,2015,34.65233447807341,40.98434196000005,28.62136362000001,218
105,Zona_105,Urbano,2015,26.333465323636386,30.942199200000005,21.894700260000036,396
106,Zona_106,Urbano,2015,37.39321578580646,40.228959540000005,34.15855601999999,341
107,Zona_107,Urbano,2015,36.69150545176993,41.57907743999999,32.09065392000002,226
108,Zona_108,Urbano,2015,44.33239936312502,47.51276016000003,41.07662850000003,256
109,Zona_109,Urbano,2015,38.53608184318683,41.097136620000015,34.70543922000002,182
110,Zona_110,Urbano,2015,41.39939351922914,45.882364619999976,37.897869900000046,467
111,Zona_111,Urbano,2015,40.25307225314412,42.54979512,37.55264987999999,458
112,Zona_112,Urbano,2015,38.31705480187992,41.17233306000003,31.37286972000004,383
113,Zona_113,Urbano,2015,39.29416280228118,42.01658400000002,36.496481700000004,377
114,Zona_114,Urbano,2015,38.04091879894738,41.49704496000004,33.331395180000015,323
115,Zona_115,Urbano,2015,39.8677930432331,41.95847766000003,37.92863208000006,266
116,Zona_116,Urbano,2015,33.00934648725002,37.07070906000001,30.508110660000057,480
117,Zona_117,Urbano,2015,40.3445239748276,42.74120424,36.619530420000046,116
118,Zona_118,Urbano,2015,39.93164838973512,43.41797220000001,35.86072998000003,302
119,Zona_119,Urbano,2015,39.36822918624002,41.309053860000006,36.09315534000001,375
120,Zona_120,Urbano,2015,31.136516187761213,42.01658400000002,25.38108066000001,1072
121,Zona_121,Urbano,2015,39.9098785054953,44.56984494000005,33.17758428000002,848
122,Zona_122,Urbano,2015,34.41917304086067,39.41205276000005,25.876693560000035,488
123,Zona_123,Urbano,2015,29.20850821191069,33.577492620000044,22.615902480000045,403
124,Zona_124,Urbano,2015,38.03151312023906,40.570761540000035,34.56530040000001,251
125,Zona_125,Urbano,2015,37.90678838406172,41.934551520000014,31.793286179999996,778
126,Zona_126,Urbano,2015,41.07854437340785,44.70656574000003,33.24252666000001,537
127,Zona_127,Urbano,2015,41.69274214145456,47.63922690000004,33.88169640000001,550
128,Zona_128,Urbano,2015,39.20395606131738,43.29492348000002,33.01693734000003,501
129,Zona_129,Urbano,2015,38.80151152690912,42.354967980000026,33.71079540000005,495
130,Zona_130,Urbano,2015,38.543110043520024,41.770486559999995,34.13121186000001,250
131,Zona_131,Urbano,2015,39.23205593900476,43.10351436000002,35.69324700000004,422
132,Zona_132,Urbano,2015,38.454779853251246,41.69870814000001,36.05897514000003,406
133,Zona_133,Urbano,2015,39.616954064210546,41.08346454000002,38.28752417999999,95
134,Zona_134,Urbano,2015,32.43022281360002,36.26747436000005,28.419700440000042,375
135,Zona_135,Urbano,2015,37.81257277269233,43.342775759999995,32.039383620000024,468
136,Zona_136,Urbano,2015,39.80450164754719,41.849101020000035,36.472555560000046,159
137,Zona_137,Urbano,2015,38.57542361172416,41.92087944000002,35.83338581999999,783
138,Zona_138,Urbano,2015,37.882554541153866,41.84568300000001,33.53647638000001,156
139,Zona_139,Urbano,2015,39.3327034813681,41.213349300000004,36.527243880000015,307
140,Zona_140,Urbano,2015,40.00726719821658,43.06591614000001,36.69130884000003,471
141,Zona_141,Urbano,2015,38.33685651172251,42.57372126000001,32.29573512000002,418
142,Zona_142,Urbano,2015,40.22873699779635,42.54979512,37.82950950000003,599
143,Zona_143,Urbano,2015,38.064429090810826,40.020460319999984,35.97352464000005,74
144,Zona_144,Urbano,2015,37.17125373591243,39.78461693999998,33.43393578000001,411
145,Zona_145,Urbano,2015,40.82687782141937,44.44679622000001,38.277270120000026,465
146,Zona_146,Urbano,2015,35.23843193616615,39.148865220000005,29.216099100000008,313
147,Zona_147,Urbano,2015,34.95375345891376,39.97260804000001,29.469032580000032,626
148,Zona_148,Urbano,2015,40.437545658813576,42.39256620000003,37.64493642000002,236
149,Zona_149,Urbano,2015,29.551065060000024,34.70543922000002,25.162327380000022,306
150,Zona_150,Urbano,2015,43.81206509188734,49.307220659999984,35.82996780000002,710
151,Zona_151,Urbano,2015,30.786130502331396,35.447149560000014,25.456277100000023,1364
152,Zona_152,Urbano,2015,38.44343334390458,41.21676732000003,34.04576136000003,461
153,Zona_153,Urbano,2015,38.08655344370691,41.35690613999998,32.52132444000006,232
154,Zona_154,Urbano,2015,40.06808696053792,43.031735939999976,33.84409818000006,409
155,Zona_155,Urbano,2015,41.087955753483435,46.46342802000004,34.65075090000005,844
156,Zona_156,Urbano,2015,38.949756560210545,43.70850389999998,35.365117080000005,760
157,Zona_157,Urbano,2015,29.82946368376965,35.10534756000004,27.07983660000002,191
158,Zona_158,Urbano,2015,38.40295632707465,41.948223600000006,33.96714689999999,670
159,Zona_159,Urbano,2015,38.37086806359186,41.02535820000003,33.97398294000004,245
160,Zona_160,Urbano,2015,33.79544480156251,37.94914019999999,31.55744279999999,256
161,Zona_161,Urbano,2015,39.34541000136365,41.40475842000001,36.97500450000001,396
162,Zona_162,Urbano,2015,39.23336694576514,43.81788054000003,34.71227526000001,281
163,Zona_163,Urbano,2015,40.21115125680936,46.41215771999998,32.61361098000003,1542
164,Zona_164,Urbano,2015,37.60717995833335,40.72799046,35.75477136000001,216
165,Zona_165,Urbano,2015,38.740011096620705,44.49806652000001,34.056015419999994,290
166,Zona_166,Urbano,2015,36.33697410000002,40.05805854000005,31.188296640000033,522
167,Zona_167,Urbano,2015,36.61585921333335,39.213807599999996,32.924650799999995,351
168,Zona_168,Urbano,2015,39.26195872327871,41.14157088000002,36.91689816000002,183
169,Zona_169,Urbano,2015,34.18069433643206,41.17233306000003,31.492500420000056,824
170,Zona_170,Urbano,2015,39.51721540273974,41.68161803999999,37.30313441999999,219
171,Zona_171,Urbano,2015,32.69492410087175,36.851955780000026,29.492958720000047,803
172,Zona_172,Urbano,2015,28.175154859655187,33.53305836000004,25.58957988000003,174
173,Zona_173,Urbano,2015,28.5574753000599,36.89639004000003,10.314448500000026,334
174,Zona_174,Urbano,2015,36.23282402342009,39.17279136000002,34.17906414000004,269
175,Zona_175,Urbano,2015,36.9431778847059,39.623969999999986,32.55892266000001,289
176,Zona_176,Urbano,2015,42.68746308216869,46.96245894000003,39.360782459999996,747
177,Zona_177,Urbano,2015,38.1523094732454,41.27145564,35.65223076000001,379
178,Zona_178,Urbano,2015,40.65666087090911,46.26860088000001,31.13019029999998,495
179,Zona_179,Urbano,2015,41.037039649842,43.17187476000004,39.27874998000004,443
180,Zona_180,Urbano,2015,33.877696050666685,37.26895422000001,28.98367374000003,270
181,Zona_181,Urbano,2015,40.15217307170888,42.601065420000054,36.209368020000056,632
182,Zona_182,Urbano,2015,39.80078277948981,43.79737241999999,34.69860318000002,392
183,Zona_183,Urbano,2015,40.275805847558544,42.180648959999985,37.26895422000001,299
184,Zona_184,Urbano,2015,29.398905463168845,36.510153779999996,22.810729620000018,385
185,Zona_185,Urbano,2015,44.12700626880002,49.006434900000045,38.84124342000001,450
186,Zona_186,Urbano,2015,33.0291633346154,39.295840080000005,28.83669888000003,676
187,Zona_187,Urbano,2015,39.618575071135155,42.68651592000003,35.38562520000005,185
188,Zona_188,Urbano,2015,42.02560757280002,44.34425562000001,37.90812396000001,350
189,Zona_189,Urbano,2015,34.6970023351899,39.13519314000001,31.280583180000008,158
190,Zona_190,Urbano,2015,37.945814976923096,43.23339912000006,28.740994320000027,663
191,Zona_191,Urbano,2015,35.08759929757284,40.181107259999976,32.01203945999998,618
192,Zona_192,Urbano,2015,41.497001026580996,43.99219956000002,38.048262780000016,389
193,Zona_193,Urbano,2015,36.620325207369774,47.44439976000001,29.43827040000002,787
194,Zona_194,Urbano,2015,37.598973777073184,42.91894128000001,30.09453024000004,492
195,Zona_195,Urbano,2015,41.996733191538475,45.37649766000004,38.43791706000002,208
196,Zona_196,Urbano,2015,39.92829732289158,42.259263420000025,37.46719938000001,332
197,Zona_197,Urbano,2015,38.13706224909093,40.77584274000003,36.038467019999985,99
198,Zona_198,Urbano,2015,30.417786072278012,36.411031200000025,25.070040840000047,1554
199,Zona_199,Urbano,2015,39.772205523717346,47.93659464000001,32.67171732000003,1033
200,Zona_200,Urbano,2015,33.118439554177236,36.54091596000001,29.70487595999998,79
201,Zona_201,Urbano,2015,38.32357461735851,42.21482916000002,32.21370264000001,318
202,Zona_202,Urbano,2015,38.401461492034905,43.12060445999998,34.16197404000002,344
203,Zona_203,Urbano,2015,42.41264302410096,44.915064959999995,39.41888879999999,317
204,Zona_204,Urbano,2015,39.45517554949642,41.96189568,35.768443440000055,417
205,Zona_205,Urbano,2015,35.78984145869825,39.702584460000026,30.986633460000007,169
206,Zona_206,Urbano,2015,40.80832885585154,43.52734884000006,37.77823920000003,458
207,Zona_207,Urbano,2015,38.1073161784383,42.43016441999998,34.55504633999999,397
208,Zona_208,Urbano,2015,35.13323919506495,37.45352730000002,30.904600980000055,231
209,Zona_209,Urbano,2015,35.24595155431954,36.57167814000002,32.55208662000001,169
210,Zona_210,Urbano,2015,39.070066455000024,41.71579824000003,34.787471700000026,408
211,Zona_211,Urbano,2015,40.37442866431719,42.54295908000006,37.99357445999999,227
212,Zona_212,Urbano,2015,38.02875693654137,44.71340178000003,32.770839900000055,133
213,Zona_213,Urbano,2015,37.07792354509668,42.61131948000002,30.16289064,569
214,Zona_214,Urbano,2015,39.35497372842302,44.33741958000002,35.01306102000001,539
215,Zona_215,Urbano,2015,40.590763286666686,42.40965630000005,38.246507940000015,270
216,Zona_216,Urbano,2015,33.53489600516131,38.98821828000001,27.763440600000024,279
217,Zona_217,Urbano,2015,37.229789407500014,40.97408790000003,31.516426560000014,264
218,Zona_218,Urbano,2015,33.31170652220822,39.589789800000005,25.38449867999998,634
219,Zona_219,Urbano,2015,33.40671846058596,38.45158914000001,25.186253520000037,512
220,Zona_220,Urbano,2015,35.364952024708266,38.56780182,29.417762280000034,497
221,Zona_221,Urbano,2015,25.69941910917295,32.347005420000016,12.088400879999995,665
222,Zona_222,Urbano,2015,36.368582646857156,41.25094752000001,30.074022119999995,630
223,Zona_223,Urbano,2015,42.23995844304002,44.945827140000006,38.63274420000005,125
224,Zona_224,Urbano,2015,38.15852452710745,42.19090302000001,30.265431239999998,363
225,Zona_225,Urbano,2015,39.623422073129795,41.66452794000003,36.39735912000003,262
226,Zona_226,Urbano,2015,40.74116569996499,44.22804294000002,37.50137958000005,571
227,Zona_227,Urbano,2015,32.86249229899816,37.42276512000001,30.32695560000002,539
228,Zona_228,Urbano,2015,38.556979019314866,42.16697687999999,33.83042610000001,613
229,Zona_229,Urbano,2015,37.80122292296298,40.02729636000004,33.01693734000003,243
230,Zona_230,Urbano,2015,40.191094143234515,43.70508588000001,36.74257914000003,371
231,Zona_231,Urbano,2015,40.31974537038783,43.38379200000003,36.66396468000005,722
232,Zona_232,Urbano,2015,38.77789687052982,42.17039490000002,35.019897060000005,302
233,Zona_233,Urbano,2015,33.1884989657143,38.15763942000001,27.749768520000032,357
234,Zona_234,Urbano,2015,37.35894439623061,42.48143472000004,32.64437315999999,451
235,Zona_235,Urbano,2015,41.94975135136365,46.36088742000004,37.47745343999998,396
236,Zona_236,Urbano,2015,36.698503677679575,41.322725940000055,33.31772310000002,181
237,Zona_237,Urbano,2015,37.79618202848234,39.93842784000003,34.69518516000005,481
238,Zona_238,Urbano,2015,26.726991766153862,29.26053336000001,23.24823618000005,156
239,Zona_239,Urbano,2015,39.87414877438358,44.00587164000001,34.281604740000034,438
240,Zona_240,Urbano,2015,39.55822799146791,41.23043940000002,35.744517299999984,218
241,Zona_241,Urbano,2015,41.01923968328246,43.783700339999996,36.84170172000006,262
242,Zona_242,Urbano,2015,42.266767166232576,44.36818176000003,38.755792919999976,215
243,Zona_243,Urbano,2015,40.837346258414655,43.77344628000003,37.132233420000034,328
244,Zona_244,Urbano,2015,40.55363825533983,44.24855106000001,38.70110460000001,103
245,Zona_245,Urbano,2015,39.95712922418412,42.43358244000001,36.19911395999998,717
246,Zona_246,Urbano,2015,36.11234508085716,41.09371859999999,32.200030560000016,140
247,Zona_247,Urbano,2015,32.15697032132892,39.68207633999998,25.62376008000001,602
248,Zona_248,Urbano,2015,31.16838561565339,36.71523497999999,25.84934940000005,727
249,Zona_249,Urbano,2015,36.704528059306014,42.02000201999999,29.817670620000058,317
250,Zona_250,Urbano,2015,39.08896891689476,41.456028720000006,35.737681260000045,380
251,Zona_251,Urbano,2015,34.5855397813268,38.362720620000005,29.609171400000037,407
252,Zona_252,Urbano,2015,35.02854760444446,39.26507790000005,31.803540240000018,243
253,Zona_253,Urbano,2015,39.21011118923079,41.408176440000034,36.02821296000002,221
254,Zona_254,Urbano,2015,39.073496519045115,45.16799844000002,30.972961380000015,754
255,Zona_255,Urbano,2015,40.17573418575877,41.80808478000006,37.166413620000014,257
256,Zona_256,Urbano,2015,40.08432809522729,43.84180667999999,34.760127539999985,264
257,Zona_257,Urbano,2015,41.87692392547233,44.60744316,38.78997312000001,614
258,Zona_258,Urbano,2015,40.81268948042555,43.11718644000001,37.870525740000005,282
259,Zona_259,Urbano,2015,40.763926317915654,43.87256886,36.59560428000003,403
260,Zona_260,Urbano,2015,39.494386830000025,43.24023516,32.94174090000001,204
261,Zona_261,Urbano,2015,24.206127096774214,30.887510880000036,12.40969475999998,279
262,Zona_262,Urbano,2015,40.42115510707967,42.638663640000004,38.017500600000005,226
263,Zona_263,Urbano,2015,39.356850620000024,42.57713927999998,36.18885990000001,153
264,Zona_264,Urbano,2015,35.85004176041573,39.507757319999996,31.25665704000005,433
265,Zona_265,Urbano,2015,40.14144501826088,41.917461419999995,37.85343564000004,207
266,Zona_266,Urbano,2015,37.81099615888526,40.97066988000006,31.318181400000014,305
267,Zona_267,Urbano,2015,36.85464876545456,38.96087412000003,35.771861460000025,33
268,Zona_268,Urbano,2015,38.08908008761907,41.03561225999999,34.52428415999998,378
269,Zona_269,Urbano,2015,38.71739312893807,42.13963272000001,32.760585839999976,452
270,Zona_270,Urbano,2015,42.38725981671895,46.31303514000001,34.172228099999984,829
271,Zona_271,Rural,2015,23.339810173722984,33.51596826000002,12.37209654000003,4346
272,Zona_272,Rural,2015,22.16780828673054,31.916334900000038,8.468717700000013,3863
273,Zona_273,Rural,2015,33.66696982849317,41.11422672000003,25.992906240000025,146
274,Zona_274,Rural,2015,24.85685087150467,45.226104780000014,16.74716214,9464
275,Zona_275,Rural,2015,23.046438684844592,30.214160940000056,19.748183700000027,3410
276,Zona_276,Rural,2015,22.93931049388448,35.92909038000005,19.478160119999984,3012
277,Zona_277,Rural,2015,30.929626921549158,41.538061200000016,24.56075586000003,3602
278,Zona_278,Rural,2015,26.608516906422086,34.70202119999999,20.763335640000037,3734
279,Zona_279,Rural,2015,23.413665431956144,30.549126900000033,18.538204619999988,1641
280,Zona_280,Rural,2015,30.692422758177358,42.604483440000024,21.21793230000003,3248
281,Zona_281,Rural,2015,25.289228567778753,33.02719139999999,19.819962120000014,8135
282,Zona_282,Rural,2015,24.15707989018408,36.02137692000002,16.801850460000026,16679
283,Zona_283,Rural,2015,25.38352030144533,33.95347482,19.361947439999994,4608
284,Zona_284,Rural,2015,28.07735233909333,36.55117002000003,22.092945419999978,2272
285,Zona_285,Rural,2015,23.31355978150075,34.22349840000004,19.259406839999997,3425
286,Zona_286,Rural,2015,22.926026769482988,29.735638139999992,17.29062732,5783
287,Zona_287,Rural,2015,28.80905708640225,37.00576668000002,21.62809470000002,3227
288,Zona_288,Rural,2015,23.063174811428592,29.766400320000002,10.786135260000037,2345
289,Zona_289,Rural,2015,28.928320625713535,38.229417839999996,22.670590800000014,7414
290,Zona_290,Rural,2015,21.807039144467552,27.712170300000025,11.01514259999999,1925
291,Zona_291,Rural,2015,26.54104652334349,32.17952244000003,21.699873120000007,2303
292,Zona_292,Rural,2015,34.70040591253221,41.67820002000002,27.055910460000007,4194
293,Zona_293,Rural,2015,25.155203322993952,33.54673044000003,17.170996619999983,3133
294,Zona_294,Rural,2015,30.606814048867943,34.07652354000004,26.382560520000027,424
295,Zona_295,Rural,2015,23.69576320319898,35.46765768,7.22797644000002,6921
296,Zona_296,Rural,2015,19.387455638425912,30.176562719999993,7.207468320000032,5654
297,Zona_297,Rural,2015,31.200511907656264,38.57805588000002,27.842055060000007,1152
298,Zona_298,Rural,2015,22.720539385435377,34.16197404000002,8.373013140000012,3411
299,Zona_299,Rural,2015,23.384187569504117,36.02479493999999,11.866229579999981,7441
300,Zona_300,Rural,2015,21.565744104420908,36.86220983999999,9.969228480000027,15567
301,Zona_301,Rural,2015,25.652046742804895,36.38710506000001,16.692473820000032,4428
302,Zona_302,Rural,2015,34.35232226067708,40.90914552000004,27.93775962000001,2629
303,Zona_303,Rural,2015,31.72431365012424,36.332416739999985,26.433830820000026,966
304,Zona_304,Rural,2015,31.855048429321844,44.21778888000006,23.087589240000057,7299
305,Zona_305,Rural,2015,23.33842042019614,48.91756638000004,10.967290320000018,19172
306,Zona_306,Rural,2015,23.054519757505894,29.369910000000004,20.43520572,5533
307,Zona_307,Rural,2015,25.406952422842473,40.23237756000003,10.095695220000039,8169
308,Zona_308,Rural,2015,24.29404873093025,36.65029260000006,8.335414920000005,4644
309,Zona_309,Rural,2015,34.884238501804525,43.24707120000005,26.44408487999999,1995
310,Zona_310,Rural,2015,26.209557910058923,33.327977160000046,14.033254260000035,2207
311,Zona_311,Rural,2015,21.830258078048796,36.12049950000005,8.50631592000002,1312
312,Zona_312,Rural,2015,27.066037578404423,33.4544439,23.586620160000052,2908
313,Zona_313,Rural,2015,28.382931304942808,33.91929462000002,24.817107360000023,2185
314,Zona_314,Rural,2015,24.160023059836227,33.68686925999998,10.355464740000002,9158
315,Zona_315,Rural,2015,22.750903473455164,33.92613066000001,10.775881200000015,10289
316,Zona_316,Rural,2015,22.325826346801577,32.722987620000026,9.466779540000061,10774
317,Zona_317,Rural,2015,16.30235154947095,27.41480256,7.750933500000031,3440
318,Zona_318,Rural,2015,23.66411770179407,30.48760254000001,10.63574238000001,2185
319,Zona_319,Rural,2015,23.79243815889804,42.99755574000005,10.499021580000033,22759
320,Zona_320,Rural,2015,33.4874219617323,39.347110380000004,28.21120122000002,1143
321,Zona_321,Rural,2015,27.78506862939537,34.43883366,20.763335640000037,1935
322,Zona_322,Rural,2015,31.21922952017628,39.02581650000002,12.768586860000028,1702
323,Zona_323,Rural,2015,31.42865425357396,38.92327590000002,20.21987046000004,3408
324,Zona_324,Rural,2015,26.427170945105235,36.13758960000001,14.973209760000032,3279
325,Zona_325,Rural,2015,29.93019238419164,40.310992020000015,24.485559420000016,1503
326,Zona_326,Rural,2015,37.384241274708096,42.64891770000003,32.200030560000016,805
327,Zona_327,Rural,2015,36.416806475172436,41.02194018,31.940261039999996,58
328,Zona_328,Rural,2015,35.51914263826089,37.38858492000003,32.32649730000003,207
329,Zona_329,Rural,2015,35.7406490569355,38.59856400000001,31.34210754000003,372
330,Zona_330,Rural,2015,35.90268283046265,41.244111480000015,30.55254492000006,843
331,Zona_331,Rural,2015,30.92113157824991,37.788493259999996,23.993364540000016,2297
0,Zona_0,Urbano,2016,45.79686551025426,51.09530342000005,42.051222499999994,236
1,Zona_1,Urbano,2016,42.192480085011304,51.78916148000002,36.22691642000001,443
2,Zona_2,Urbano,2016,47.64568982972975,49.65631700000006,42.454548860000045,74
3,Zona_3,Urbano,2016,47.12521806064518,49.07867162000002,44.58055730000001,279
4,Zona_4,Urbano,2016,43.45392136932333,49.03423736000002,36.87975824,133
5,Zona_5,Urbano,2016,40.9374323518182,43.96189568,29.910415460000024,374
6,Zona_6,Urbano,2016,41.129456019955676,46.51173860000006,26.762419040000054,451
7,Zona_7,Urbano,2016,35.75771549272729,41.326602260000016,17.362864039999977,319
8,Zona_8,Urbano,2016,47.234468876000015,48.750541699999985,45.64356152000005,85
9,Zona_9,Urbano,2016,38.848954919921276,47.21585072000005,34.514488400000005,1016
10,Zona_10,Urbano,2016,37.083213796341475,40.15422139999998,29.698498220000033,410
11,Zona_11,Urbano,2016,35.678042172986274,43.63718377999999,26.745328940000036,1018
12,Zona_12,Urbano,2016,42.23512097078949,45.70850389999998,37.29333866000002,532
13,Zona_13,Urbano,2016,45.63064900000001,48.32328919999998,42.02387834000001,423
14,Zona_14,Urbano,2016,43.243252963239456,46.85354060000003,38.674218740000015,426
15,Zona_15,Urbano,2016,49.541705554594614,54.79701908000004,42.485311040000056,444
16,Zona_16,Urbano,2016,47.808771822466184,51.93271832000005,44.01316598000005,665
17,Zona_17,Urbano,2016,48.859930239112295,56.20866134000005,40.76262896000003,1149
18,Zona_18,Urbano,2016,42.672825899187245,46.4604683,31.817670620000058,689
19,Zona_19,Urbano,2016,34.60123849881321,41.95893596000002,20.82531830000005,455
20,Zona_20,Urbano,2016,42.112746860000016,46.419452060000026,39.13906946000003,261
21,Zona_21,Urbano,2016,39.024606619590465,43.85593706000003,32.52520076000002,293
22,Zona_22,Urbano,2016,37.51391839949511,44.83007276000001,18.371179940000047,713
23,Zona_23,Urbano,2016,34.32689490640818,38.527243880000015,26.420617040000025,490
24,Zona_24,Urbano,2016,45.15774368874288,51.826759700000025,40.81048124000006,350
25,Zona_25,Urbano,2016,48.225333976557394,52.62999439999999,41.16937333999999,366
26,Zona_26,Urbano,2016,44.0435309588991,46.094740160000015,39.00918469999999,327
27,Zona_27,Urbano,2016,46.073156588224315,49.8101279,38.626366459999986,321
28,Zona_28,Urbano,2016,47.32990885042804,50.26130654000002,43.62692972000002,257
29,Zona_29,Urbano,2016,42.823236807173934,47.140654280000035,30.764920459999985,276
30,Zona_30,Urbano,2016,45.780843921019844,49.827218000000016,36.83532398,353
31,Zona_31,Urbano,2016,45.34302747465118,47.35940756000002,43.50388099999998,258
32,Zona_32,Urbano,2016,42.90485340317462,47.98832324,36.82848794000006,567
33,Zona_33,Urbano,2016,39.41885881142859,43.90720736000003,33.41730398000004,518
34,Zona_34,Urbano,2016,19.10341476900002,35.19809240000001,11.818835600000057,360
35,Zona_35,Urbano,2016,45.20503235565576,47.85160244000002,39.248446100000024,244
36,Zona_36,Urbano,2016,48.23581384764559,50.01179108000002,45.458988439999985,395
37,Zona_37,Urbano,2016,40.2254676182282,49.502506100000005,24.663754760000018,745
38,Zona_38,Urbano,2016,44.25154846057145,47.85502045999999,36.281604740000034,140
39,Zona_39,Urbano,2016,44.70752390853757,47.56107073999999,41.148865220000005,253
40,Zona_40,Urbano,2016,46.71479539330475,58.150096700000006,41.53168346000001,466
41,Zona_41,Urbano,2016,42.98837530789151,48.88384447999999,39.15957758000002,811
42,Zona_42,Urbano,2016,39.70408052028918,42.423786680000035,37.25574044000001,415
43,Zona_43,Urbano,2016,38.13971431513516,40.30119625999998,34.14876026000002,74
44,Zona_44,Urbano,2016,38.77664293684212,48.50102623999999,25.029482900000005,646
45,Zona_45,Urbano,2016,44.76322817756524,48.50786228000004,40.20207368000001,690
46,Zona_46,Urbano,2016,29.058244717561003,38.56142408000005,11.104469419999987,738
47,Zona_47,Urbano,2016,43.98635020956524,46.85695862,41.88715754000003,207
48,Zona_48,Urbano,2016,45.404043430751,46.92873703999999,42.82711304000003,253
49,Zona_49,Urbano,2016,27.156700793230787,35.81675402000002,16.78180064000003,195
50,Zona_50,Urbano,2016,45.76997199629631,49.6050467,41.83930526000006,486
51,Zona_51,Urbano,2016,41.05503709611832,44.96679356000004,37.44031352000002,541
52,Zona_52,Urbano,2016,35.706449028888905,39.067291039999986,27.99974228000002,81
53,Zona_53,Urbano,2016,43.414688142335784,46.210952840000004,41.25824186,274
54,Zona_54,Urbano,2016,50.148274334208516,54.024546559999976,39.47403542000001,259
55,Zona_55,Urbano,2016,48.24437479130614,53.10851720000005,42.030714380000006,490
56,Zona_56,Urbano,2016,43.956752677943946,49.44781778000004,37.412969360000034,321
57,Zona_57,Urbano,2016,39.330393735531935,48.00199531999999,18.07381220000002,282
58,Zona_58,Urbano,2016,38.236799821538476,40.58489192000002,35.32455914000002,78
59,Zona_59,Urbano,2016,38.54225039246577,44.437000460000036,29.889907340000036,438
60,Zona_60,Urbano,2016,39.71246284839189,45.03857198000003,36.79430774000002,541
61,Zona_61,Urbano,2016,46.00258508230772,48.34379732000002,41.78461693999998,260
62,Zona_62,Urbano,2016,42.68749397046394,49.649480960000005,36.28502276000006,388
63,Zona_63,Urbano,2016,44.873168714375026,48.37797752000006,34.57943078000005,544
64,Zona_64,Urbano,2016,48.08543098715791,56.03092430000004,41.40179870000003,1140
65,Zona_65,Urbano,2016,43.9540668541079,48.70952546000001,38.752833200000055,241
66,Zona_66,Urbano,2016,43.181140542247206,47.19192457999998,39.85343564000004,267
67,Zona_67,Urbano,2016,45.00380373354841,46.81252436,41.15228324000003,186
68,Zona_68,Urbano,2016,36.42864785539172,43.476536839999994,24.397149200000058,1302
69,Zona_69,Urbano,2016,38.010477950566056,44.22166520000002,32.21074292000003,477
70,Zona_70,Urbano,2016,39.28836808179857,44.18748500000004,25.091007260000026,278
71,Zona_71,Urbano,2016,39.7853400161972,44.72411413999998,36.71569327999998,852
72,Zona_72,Urbano,2016,43.87064814039774,48.69927140000004,36.052597400000025,352
73,Zona_73,Urbano,2016,46.56215153712377,48.55913257999998,44.290025600000035,299
74,Zona_74,Urbano,2016,41.785305521699044,45.390628040000024,32.477348480000046,412
75,Zona_75,Urbano,2016,44.99623910474492,48.24467474000005,38.82802964000001,392
76,Zona_76,Urbano,2016,40.85310989378262,46.60744316,36.37730929999998,460
77,Zona_77,Urbano,2016,41.75972236100002,44.01658400000002,36.907102399999985,120
78,Zona_78,Urbano,2016,44.76613077609758,49.22906450000005,40.74895688000004,246
79,Zona_79,Urbano,2016,45.487441285112126,51.12948362000003,38.216204059999995,669
80,Zona_80,Urbano,2016,41.13158101022224,44.895015140000055,17.64655970000001,405
81,Zona_81,Urbano,2016,40.093452332809,42.57759758000003,35.58774668000001,267
82,Zona_82,Urbano,2016,17.97036147633138,31.72196606,10.43795552000006,169
83,Zona_83,Urbano,2016,43.02533947112331,48.12162602000001,36.19273622000003,730
84,Zona_84,Urbano,2016,41.09365830386209,46.11524828000006,33.55060676000005,580
85,Zona_85,Urbano,2016,46.86129725283669,49.143614000000014,43.29879979999998,349
86,Zona_86,Urbano,2016,42.89572880931036,44.81981870000004,40.95403808000003,174
87,Zona_87,Urbano,2016,47.88759277485209,51.52597394000003,43.54831525999998,338
88,Zona_88,Urbano,2016,33.62067617000002,38.77675934000001,27.96556208000004,66
89,Zona_89,Urbano,2016,43.62549231305625,47.403841820000025,40.308032300000036,409
90,Zona_90,Urbano,2016,42.75401822040542,48.28569098000003,38.40077714000006,148
91,Zona_91,Urbano,2016,47.526564513476934,49.321351040000025,45.73584806000002,325
92,Zona_92,Urbano,2016,41.64978747681367,47.40725984000005,36.59948059999999,703
93,Zona_93,Urbano,2016,43.80966994869567,50.37751922000001,38.83486568000001,345
94,Zona_94,Urbano,2016,47.09552413568864,48.880426460000024,45.38379200000003,167
95,Zona_95,Urbano,2016,44.05297088873628,46.29640333999998,36.43541564000003,364
96,Zona_96,Urbano,2016,47.55760457887325,50.67830498000001,43.72263428000002,355
97,Zona_97,Urbano,2016,26.572016453496957,43.43552060000002,15.503461160000029,326
98,Zona_98,Urbano,2016,47.60084711000002,50.466387740000016,43.801248740000005,408
99,Zona_99,Urbano,2016,46.76776044324875,49.157286080000006,40.61223608,394
100,Zona_100,Urbano,2016,47.2788548679457,49.827218000000016,43.34665208000001,589
101,Zona_101,Urbano,2016,36.53908240843933,40.178147540000055,27.859603460000017,173
102,Zona_102,Urbano,2016,32.169532219343566,36.54821030000005,19.881944780000026,457
103,Zona_103,Urbano,2016,45.140762013846164,47.58841490000003,39.32364254000004,234
104,Zona_104,Urbano,2016,35.56726991798167,42.22554151999998,30.594019460000027,218
105,Zona_105,Urbano,2016,34.59489818363638,41.40521672,30.026628140000014,396
106,Zona_106,Urbano,2016,41.95649022134899,45.46582448000004,38.25722030000003,341
107,Zona_107,Urbano,2016,41.41658995469028,47.031277639999985,37.37878916,226
108,Zona_108,Urbano,2016,50.1102060230469,53.34436058000006,46.604025139999976,256
109,Zona_109,Urbano,2016,46.59247523725276,49.08550766000002,40.81048124000006,182
110,Zona_110,Urbano,2016,36.93686186321201,49.86139820000005,23.235022400000048,467
111,Zona_111,Urbano,2016,47.66576812554587,50.29548674,44.74462226000003,458
112,Zona_112,Urbano,2016,45.50892008986947,49.08892567999999,41.606879900000024,383
113,Zona_113,Urbano,2016,34.02963727649869,47.26370300000002,14.652374180000038,377
114,Zona_114,Urbano,2016,39.556681662105284,43.68161803999999,33.00030554,323
115,Zona_115,Urbano,2016,43.42006241180452,45.55811102000001,36.1893182,266
116,Zona_116,Urbano,2016,40.144501405625014,44.474598679999986,29.322516020000023,480
117,Zona_117,Urbano,2016,44.89528033120692,47.99515928000005,42.08882072000006,116
118,Zona_118,Urbano,2016,45.418719184503324,48.155806220000045,40.09611505999999,302
119,Zona_119,Urbano,2016,46.91418994688002,48.59331278000002,43.702126160000034,375
120,Zona_120,Urbano,2016,37.77658355666046,49.79303779999998,27.44260502000003,1072
121,Zona_121,Urbano,2016,43.47772589176889,47.58841490000003,33.65998339999999,848
122,Zona_122,Urbano,2016,39.53868362614757,47.20217864000006,32.62090532000002,488
123,Zona_123,Urbano,2016,34.97330033528538,39.050200940000025,29.086672640000018,403
124,Zona_124,Urbano,2016,45.08363265003985,47.325227359999985,40.9061858,251
125,Zona_125,Urbano,2016,44.51572914688947,49.18121222000002,36.640496840000026,778
126,Zona_126,Urbano,2016,44.46393725821231,48.80181200000004,38.53749793999998,537
127,Zona_127,Urbano,2016,48.04370137858184,53.91858794000001,39.022856779999984,550
128,Zona_128,Urbano,2016,44.6823747261078,49.044491419999986,39.884197820000054,501
129,Zona_129,Urbano,2016,42.895825599636375,46.78176217999999,36.77721764,495
130,Zona_130,Urbano,2016,42.360088459280014,45.978527480000025,36.94470062000005,250
131,Zona_131,Urbano,2016,46.64466070004741,51.52939196,39.74064098000002,422
132,Zona_132,Urbano,2016,42.0754012030542,46.583517020000045,39.27237223999998,406
133,Zona_133,Urbano,2016,43.93023402105265,46.80910634000003,42.27339380000001,95
134,Zona_134,Urbano,2016,38.90912330384001,43.02194018,35.512550239999996,375
135,Zona_135,Urbano,2016,41.957270770769256,48.043011560000025,37.426641440000026,468
136,Zona_136,Urbano,2016,46.239995261509456,48.44633792000002,40.85833352000003,159
137,Zona_137,Urbano,2016,45.633041177471284,48.95904092000001,42.98775998000002,783
138,Zona_138,Urbano,2016,43.05208886923078,47.78666006000003,37.73426324000002,156
139,Zona_139,Urbano,2016,46.51294103048862,48.224166620000005,43.71921626000005,307
140,Zona_140,Urbano,2016,47.95587744929938,51.00301688000002,44.48827075999998,471
141,Zona_141,Urbano,2016,44.032267642009586,49.287170840000044,36.38756336000006,418
142,Zona_142,Urbano,2016,42.92038675439067,45.75977420000004,40.35930259999998,599
143,Zona_143,Urbano,2016,42.70318672027029,44.77880246000001,40.625908159999994,74
144,Zona_144,Urbano,2016,34.65510125197083,40.936947980000014,24.15105176000003,411
145,Zona_145,Urbano,2016,44.40986946683872,49.24615460000001,39.91837801999998,465
146,Zona_146,Urbano,2016,41.864148696102255,45.35644783999999,38.38368704000004,313
147,Zona_147,Urbano,2016,41.1916232305751,45.49658666000005,36.07310552000001,626
148,Zona_148,Urbano,2016,48.238577339915274,49.75202156,44.51219690000005,236
149,Zona_149,Urbano,2016,36.23039029000002,40.492605379999986,32.85333068,306
150,Zona_150,Urbano,2016,50.78844706391552,56.823904940000034,41.330020279999985,710
151,Zona_151,Urbano,2016,23.210374566627586,39.84659959999999,9.412549520000027,1364
152,Zona_152,Urbano,2016,43.97753256542302,47.85160244000002,38.80752152000002,461
153,Zona_153,Urbano,2016,45.33853270068967,48.96587696000006,39.21768392000001,232
154,Zona_154,Urbano,2016,45.76723701628364,49.39996550000001,38.68789082000001,409
155,Zona_155,Urbano,2016,47.99543871528437,54.55775768000001,41.62738802000001,844
156,Zona_156,Urbano,2016,45.69999932655264,51.300384620000045,41.48724920000001,760
157,Zona_157,Urbano,2016,34.714487308481694,40.48576934000005,31.762982300000033,191
158,Zona_158,Urbano,2016,45.690755703611956,50.04255325999998,40.83782540000004,670
159,Zona_159,Urbano,2016,44.237136972163285,46.89113882000004,40.02775466000003,245
160,Zona_160,Urbano,2016,40.29183675992189,44.71044205999999,38.11366346,256
161,Zona_161,Urbano,2016,38.87690042090911,44.847162860000026,28.679928259999997,396
162,Zona_162,Urbano,2016,47.67038656113882,51.710547020000035,40.45500716000004,281
163,Zona_163,Urbano,2016,45.382269185642045,50.76717350000001,36.24742454,1542
164,Zona_164,Urbano,2016,44.37890994416668,46.62453326000002,41.60004386000003,216
165,Zona_165,Urbano,2016,42.78386919386209,49.47857996000005,38.328998720000016,290
166,Zona_166,Urbano,2016,32.64591186862071,40.68401449999999,14.792512999999985,522
167,Zona_167,Urbano,2016,33.93344447589745,39.06045500000005,27.302466200000026,351
168,Zona_168,Urbano,2016,46.36919035606559,49.075253599999996,42.635703920000026,183
169,Zona_169,Urbano,2016,39.69964548041264,47.47562024000001,36.11070374000002,824
170,Zona_170,Urbano,2016,42.85793764958906,46.39894393999998,39.262118180000016,219
171,Zona_171,Urbano,2016,28.831249070709855,44.30369768000003,11.244608240000048,803
172,Zona_172,Urbano,2016,34.67212983965519,39.02627480000001,31.51004882000001,174
173,Zona_173,Urbano,2016,34.97378227910182,40.89934976000001,22.421533640000007,334
174,Zona_174,Urbano,2016,42.15202232401489,44.8881791,38.02821296000002,269
175,Zona_175,Urbano,2016,43.55309339176472,47.34915350000006,38.83144765999998,289
176,Zona_176,Urbano,2016,48.93727906843375,55.91471162000005,39.04336490000003,747
177,Zona_177,Urbano,2016,45.77996667171506,48.97954904000005,42.36909836000001,379
178,Zona_178,Urbano,2016,47.306652665454564,54.71498660000003,40.591727960000014,495
179,Zona_179,Urbano,2016,45.24353744568851,48.743705660000046,41.04632462000001,443
180,Zona_180,Urbano,2016,42.572647780666685,46.10499421999998,36.86266813999998,270
181,Zona_181,Urbano,2016,47.679019471297494,49.95710276,42.017042300000014,632
182,Zona_182,Urbano,2016,43.16698804403064,48.777885860000026,25.98994651999999,392
183,Zona_183,Urbano,2016,45.60492303304349,47.72171767999998,42.51265520000004,299
184,Zona_184,Urbano,2016,24.012661900883135,38.97842251999998,14.064474740000037,385
185,Zona_185,Urbano,2016,48.43081251360002,52.189069819999986,44.02000201999999,450
186,Zona_186,Urbano,2016,39.722135132071024,46.85354060000003,36.13121186000001,676
187,Zona_187,Urbano,2016,42.2125715197838,45.22314505999998,39.00234866000005,185
188,Zona_188,Urbano,2016,47.6135324641143,50.13142177999998,44.717278100000044,350
189,Zona_189,Urbano,2016,37.88249281620255,42.669884120000006,35.29379696000001,158
190,Zona_190,Urbano,2016,44.300753955384636,50.63045269999998,34.398275720000015,663
191,Zona_191,Urbano,2016,31.51851643912623,46.026379760000054,13.250985979999996,618
192,Zona_192,Urbano,2016,46.70598581886891,49.83063602000004,42.950161760000015,389
193,Zona_193,Urbano,2016,42.22153283834817,54.99526423999998,33.37970575999998,787
194,Zona_194,Urbano,2016,42.668369631463435,48.627492980000056,34.81185614000003,492
195,Zona_195,Urbano,2016,46.33649934384617,50.03913524000001,42.62886788000003,208
196,Zona_196,Urbano,2016,45.86378701945785,49.74518552000001,42.38277044000006,332
197,Zona_197,Urbano,2016,43.257231152727286,46.258805120000034,40.61223608,99
198,Zona_198,Urbano,2016,33.89925579749037,43.13131682000005,18.39168805999998,1554
199,Zona_199,Urbano,2016,46.104123998063905,54.40052876000004,39.378330860000005,1033
200,Zona_200,Urbano,2016,39.964542923037996,43.86277310000003,35.60483678000003,79
201,Zona_201,Urbano,2016,41.851988478867945,46.21778888000006,34.90072466000004,318
202,Zona_202,Urbano,2016,24.380635394069788,38.038467019999985,10.55416820000005,344
203,Zona_203,Urbano,2016,45.91559062593062,48.70268942000001,40.94378402000001,317
204,Zona_204,Urbano,2016,43.379217531942466,49.85456216,29.267827699999998,417
205,Zona_205,Urbano,2016,29.127345055502975,37.92567236000002,17.97810764000002,169
206,Zona_206,Urbano,2016,44.36658775541486,49.16412212,31.09646840000005,458
207,Zona_207,Urbano,2016,44.52705710785896,49.25299064000001,40.26359804000003,397
208,Zona_208,Urbano,2016,42.43421829948054,44.8881791,40.130295260000025,231
209,Zona_209,Urbano,2016,41.48951439668641,44.754876319999994,31.95439141999998,169
210,Zona_210,Urbano,2016,40.27163206250002,46.272477200000026,21.56361062000002,408
211,Zona_211,Urbano,2016,43.280234079030855,45.458988439999985,38.899808060000055,227
212,Zona_212,Urbano,2016,43.90378934000002,49.50934214000006,38.93057024000001,133
213,Zona_213,Urbano,2016,41.55213150934975,47.85502045999999,34.68197138000005,569
214,Zona_214,Urbano,2016,45.386962705009296,51.307220659999984,40.56096578000006,539
215,Zona_215,Urbano,2016,43.82189611266668,46.323747500000025,38.39735912000003,270
216,Zona_216,Urbano,2016,24.39487052000002,32.856748700000026,11.979482540000049,279
217,Zona_217,Urbano,2016,41.03720990000002,45.633307460000026,34.182940460000054,264
218,Zona_218,Urbano,2016,38.62692175347005,46.18702670000005,31.25027929999999,634
219,Zona_219,Urbano,2016,36.24295841621096,43.86619112000005,28.17747932000003,512
220,Zona_220,Urbano,2016,43.42787303814892,47.140654280000035,37.58045234000002,497
221,Zona_221,Urbano,2016,33.124875664391,38.458883480000054,22.02504332000001,665
222,Zona_222,Urbano,2016,41.69229242200002,47.15432636000003,34.79818406000004,630
223,Zona_223,Urbano,2016,46.875744057920016,49.338441139999986,43.158660980000036,125
224,Zona_224,Urbano,2016,44.053381857190104,47.567906780000044,35.235690620000014,363
225,Zona_225,Urbano,2016,46.86225524641223,49.239318560000015,42.70064630000002,262
226,Zona_226,Urbano,2016,38.68777109950965,44.423328380000044,15.435100760000012,571
227,Zona_227,Urbano,2016,35.24723832764381,45.274415360000035,18.36776192000002,539
228,Zona_228,Urbano,2016,44.71368165154978,49.140195980000044,40.130295260000025,613
229,Zona_229,Urbano,2016,44.35195787185187,46.82619643999999,38.81777557999999,243
230,Zona_230,Urbano,2016,47.4487367295957,52.03184090000002,43.23043940000002,371
231,Zona_231,Urbano,2016,45.9362093625762,50.76717350000001,42.57759758000003,722
232,Zona_232,Urbano,2016,45.26821312503313,47.85160244000002,42.20503340000005,302
233,Zona_233,Urbano,2016,34.86592213142859,41.76410882000005,17.588453360000017,357
234,Zona_234,Urbano,2016,22.329224363725075,36.20640830000002,10.608856520000018,451
235,Zona_235,Urbano,2016,47.23605674227274,52.23008606000002,42.64595798000005,396
236,Zona_236,Urbano,2016,40.5808318409945,45.339357740000025,37.22156024000003,181
237,Zona_237,Urbano,2016,39.53159459255719,46.880884760000015,17.02448006000003,481
238,Zona_238,Urbano,2016,28.586305186538482,34.82894624000005,21.214972579999994,156
239,Zona_239,Urbano,2016,45.07294727246577,50.462969720000046,37.94959849999998,438
240,Zona_240,Urbano,2016,45.34018872651377,47.44827608000003,40.882259660000045,218
241,Zona_241,Urbano,2016,45.69973707007635,48.62065694,40.70110460000001,262
242,Zona_242,Urbano,2016,49.47066287181397,51.17049986000001,46.06739600000003,215
243,Zona_243,Urbano,2016,47.263494584146365,50.466387740000016,42.375934400000006,328
244,Zona_244,Urbano,2016,43.82032991961167,48.914606660000004,40.772883019999995,103
245,Zona_245,Urbano,2016,43.241923375146456,46.419452060000026,37.65223076000001,717
246,Zona_246,Urbano,2016,43.69458210157144,47.40725984000005,39.47061740000004,140
247,Zona_247,Urbano,2016,30.05874730800666,39.69620672000002,12.68359466000004,602
248,Zona_248,Urbano,2016,36.25351303504816,42.00337022000002,31.988571620000016,727
249,Zona_249,Urbano,2016,40.57399091615143,46.62453326000002,33.29083724000003,317
250,Zona_250,Urbano,2016,41.05803583589475,43.90037131999998,36.784053680000056,380
251,Zona_251,Urbano,2016,40.61431880471746,43.93796954000004,31.58866327999999,407
252,Zona_252,Urbano,2016,34.175316728148175,44.583975320000036,16.82623490000003,243
253,Zona_253,Urbano,2016,43.30724432000002,45.65723360000004,38.906644099999994,221
254,Zona_254,Urbano,2016,44.94803071546422,51.55331810000001,34.12483412000006,754
255,Zona_255,Urbano,2016,47.37683015221792,49.304260940000006,43.98582182000001,257
256,Zona_256,Urbano,2016,43.72824035068184,49.08208964000005,38.31874465999999,264
257,Zona_257,Urbano,2016,45.015308290130314,47.78666006000003,37.22156024000003,614
258,Zona_258,Urbano,2016,48.32399219702129,50.79793568000002,44.31395173999999,282
259,Zona_259,Urbano,2016,47.84635242913153,50.633870720000004,42.051222499999994,403
260,Zona_260,Urbano,2016,44.24669717000002,50.26472455999999,33.45490219999999,204
261,Zona_261,Urbano,2016,31.940633583225832,35.181002300000046,28.42699478000003,279
262,Zona_262,Urbano,2016,43.141661623893825,46.621115239999995,35.088715760000014,226
263,Zona_263,Urbano,2016,45.81618270000001,48.11478998000001,43.50388099999998,153
264,Zona_264,Urbano,2016,36.72950744859124,44.242173320000006,22.459131860000014,433
265,Zona_265,Urbano,2016,47.32686206521741,49.07867162000002,44.320787780000046,207
266,Zona_266,Urbano,2016,44.69159252019674,47.80375016000005,36.199572260000025,305
267,Zona_267,Urbano,2016,42.49680801636365,44.601065420000054,41.28558601999998,33
268,Zona_268,Urbano,2016,45.17461460142859,49.34185916000001,40.82757134000002,378
269,Zona_269,Urbano,2016,44.98680258858409,50.025463160000015,37.166871920000006,452
270,Zona_270,Urbano,2016,48.86606995138723,55.03286246000005,40.77630104000002,829
271,Zona_271,Rural,2016,26.218549611891415,34.97592110000005,12.74853704000003,4346
272,Zona_272,Rural,2016,27.984999580222645,34.64437315999999,12.741701000000035,3863
273,Zona_273,Rural,2016,33.795065423287696,45.99903560000001,13.244149940000057,146
274,Zona_274,Rural,2016,26.896475561308133,49.177794199999994,11.66844272000003,9464
275,Zona_275,Rural,2016,27.55513104968917,35.133150020000016,24.028003040000044,3410
276,Zona_276,Rural,2016,27.396600195697236,35.97740096000001,24.369805040000017,3012
277,Zona_277,Rural,2016,35.098170826985026,46.815942380000024,28.26634783999998,3602
278,Zona_278,Rural,2016,31.10280098231389,37.28992063999999,25.49433362000002,3734
279,Zona_279,Rural,2016,25.94798881440587,35.25961676000003,15.038610440000014,1641
280,Zona_280,Rural,2016,35.2059197499877,47.24661290000006,26.389854860000014,3248
281,Zona_281,Rural,2016,30.33201845822743,36.37389128000001,25.077335179999977,8135
282,Zona_282,Rural,2016,28.085333771531882,44.64208166000003,9.94917866000003,16679
283,Zona_283,Rural,2016,31.280314557343768,42.32466410000001,26.485559420000016,4608
284,Zona_284,Rural,2016,34.78399145406692,44.51219690000005,27.80491514000005,2272
285,Zona_285,Rural,2016,26.821933504443816,39.59024810000005,14.050802660000045,3425
286,Zona_286,Rural,2016,27.924534019076624,35.76890174000005,16.593809540000052,5783
287,Zona_287,Rural,2016,33.937336604542935,41.27874998000004,27.945053959999996,3227
288,Zona_288,Rural,2016,28.138414776707908,34.24788283999999,22.650540980000017,2345
289,Zona_289,Rural,2016,31.86435974050986,42.45113084000002,25.624218380000002,7414
290,Zona_290,Rural,2016,28.021271367013007,33.83088440000006,21.813126080000018,1925
291,Zona_291,Rural,2016,32.52034904164135,36.637078820000056,27.96556208000004,2303
292,Zona_292,Rural,2016,40.997283286309035,47.98148720000006,32.08427618000002,4194
293,Zona_293,Rural,2016,31.24078128464094,40.393482800000015,18.20711498000003,3133
294,Zona_294,Rural,2016,36.288771296084924,39.309970460000045,32.77129820000005,424
295,Zona_295,Rural,2016,24.26590533133942,36.77721764,11.203592000000015,6921
296,Zona_296,Rural,2016,26.272135083455982,35.05453555999998,12.280268299999989,5654
297,Zona_297,Rural,2016,33.32630216453126,37.101929540000015,29.94801368000003,1152
298,Zona_298,Rural,2016,29.667015560263874,36.69518516000005,23.077793480000025,3411
299,Zona_299,Rural,2016,29.65956145541193,41.770944859999986,22.900056440000014,7441
300,Zona_300,Rural,2016,26.090934113289673,40.45158914000001,16.087942580000004,15567
301,Zona_301,Rural,2016,31.776584136138226,41.91450170000002,18.217369039999994,4428
302,Zona_302,Rural,2016,37.17725599217194,44.652335719999996,30.077898440000013,2629
303,Zona_303,Rural,2016,37.61898113894412,43.77732260000005,32.25859520000006,966
304,Zona_304,Rural,2016,34.04835738589398,45.455570420000015,17.215889180000033,7299
305,Zona_305,Rural,2016,28.763800787174024,57.89716322000004,12.912601999999993,19172
306,Zona_306,Rural,2016,26.895398118124003,33.68390954000006,14.686554380000018,5533
307,Zona_307,Rural,2016,31.365622098303362,46.094740160000015,23.788741640000012,8169
308,Zona_308,Rural,2016,30.682419143062038,36.42174355999998,23.54948023999998,4644
309,Zona_309,Rural,2016,36.165611361533855,43.592749519999984,31.13406662,1995
310,Zona_310,Rural,2016,29.826685585382894,38.332416739999985,14.105490980000013,2207
311,Zona_311,Rural,2016,33.467784904954286,41.48383118000004,28.009996340000043,1312
312,Zona_312,Rural,2016,32.19569093784046,38.81777557999999,29.110598780000032,2908
313,Zona_313,Rural,2016,31.249362613629305,38.15809772,17.79695258000004,2185
314,Zona_314,Rural,2016,30.812045319058768,40.90276777999998,11.275370420000058,9158
315,Zona_315,Rural,2016,27.032580151371388,38.53407992000001,10.790011580000055,10289
316,Zona_316,Rural,2016,27.415902650835367,36.67809506000003,11.336894780000023,10774
317,Zona_317,Rural,2016,29.47057292179653,36.08335957999998,21.522594379999987,3440
318,Zona_318,Rural,2016,30.619106318919922,37.26599450000003,24.11687156000005,2185
319,Zona_319,Rural,2016,27.479589441162638,46.04005184000005,11.870105899999999,22759
320,Zona_320,Rural,2016,34.636047903937026,41.26507790000005,30.108660620000023,1143
321,Zona_321,Rural,2016,32.11575729237211,38.10340940000003,20.42882798000005,1935
322,Zona_322,Rural,2016,33.85500935549943,42.46480292000001,23.980150760000015,1702
323,Zona_323,Rural,2016,33.92596814005283,43.25778356000001,28.39623260000002,3408
324,Zona_324,Rural,2016,28.11500742106132,36.51744812000004,14.601103879999982,3279
325,Zona_325,Rural,2016,27.474395107544932,44.12937866000004,12.416989100000023,1503
326,Zona_326,Rural,2016,40.44825603975157,45.03515396,36.924192500000004,805
327,Zona_327,Rural,2016,39.323819334137944,44.40282026,34.43245592000005,58
328,Zona_328,Rural,2016,40.91178342695654,43.38083228000005,37.39929728000004,207
329,Zona_329,Rural,2016,40.7967815953226,45.72217598000003,35.64927104000003,372
330,Zona_330,Rural,2016,40.74251413530251,46.39552592000001,34.45638206000001,843
331,Zona_331,Rural,2016,35.63571056274273,40.87542361999999,30.75466640000002,2297
0,Zona_0,Urbano,2016,37.35700652406782,43.13473484000002,34.21028462000004,236
1,Zona_1,Urbano,2016,32.7379049933183,40.87200560000002,27.480203240000037,443
2,Zona_2,Urbano,2016,39.17181778675677,40.766046980000056,34.12825214000003,74
3,Zona_3,Urbano,2016,39.640930353548406,42.13325498000006,36.691767140000024,279
4,Zona_4,Urbano,2016,34.810365574887236,40.10295110000004,29.42847463999999,133
5,Zona_5,Urbano,2016,36.872775974545476,38.66396468000005,33.16437050000002,374
6,Zona_6,Urbano,2016,38.30584561334814,41.210389580000026,35.591164700000036,451
7,Zona_7,Urbano,2016,32.36752181855802,40.60198202000004,13.43555906000006,319
8,Zona_8,Urbano,2016,40.25322334400002,41.38812661999998,38.84511974000003,85
9,Zona_9,Urbano,2016,31.591014850846477,38.12049950000005,28.208241499999986,1016
10,Zona_10,Urbano,2016,27.278456693658555,31.73905616000002,21.23548070000004,410
11,Zona_11,Urbano,2016,29.131862356286856,35.92613066000001,23.180334080000023,1018
12,Zona_12,Urbano,2016,35.11704934684213,38.05897514000003,32.303029460000005,532
13,Zona_13,Urbano,2016,37.959876801276614,40.3763927,34.62044702000003,423
14,Zona_14,Urbano,2016,35.63557488943664,38.93057024000001,32.02616984000002,426
15,Zona_15,Urbano,2016,39.938093220945966,45.10351436000002,34.234210759999996,444
16,Zona_16,Urbano,2016,38.333933004511294,41.85297734000005,35.211764480000056,665
17,Zona_17,Urbano,2016,41.315315952010465,46.38527185999999,34.709315540000034,1149
18,Zona_18,Urbano,2016,36.46197598699566,39.62442829999998,31.817670620000058,689
19,Zona_19,Urbano,2016,35.6414959835165,39.17324966000001,28.389396560000023,455
20,Zona_20,Urbano,2016,35.48354290551726,38.35292486000003,31.516884860000005,261
21,Zona_21,Urbano,2016,32.96088748682595,37.89491018000001,27.26486798000002,293
22,Zona_22,Urbano,2016,31.44327998050493,35.738139560000036,24.229666220000013,713
23,Zona_23,Urbano,2016,23.633968113959202,38.54091596000001,6.996009380000032,490
24,Zona_24,Urbano,2016,37.52396711805716,42.639121939999995,32.84307662000003,350
25,Zona_25,Urbano,2016,40.28975616573772,44.064436279999995,34.27180898000006,366
26,Zona_26,Urbano,2016,39.6468388042202,41.54193752000003,37.84022186000004,327
27,Zona_27,Urbano,2016,39.524571005420576,42.66304808000001,35.11264190000003,321
28,Zona_28,Urbano,2016,37.70674618404671,40.71477668,34.907560699999976,257
29,Zona_29,Urbano,2016,39.28294828739132,40.64983430000001,37.71033710000006,276
30,Zona_30,Urbano,2016,39.721227013711065,43.37741426000002,32.02275182000005,353
31,Zona_31,Urbano,2016,39.00702525325583,41.83246922000001,36.68151308000006,258
32,Zona_32,Urbano,2016,37.040145965079375,40.90276777999998,33.15753446000002,567
33,Zona_33,Urbano,2016,33.978981004015466,37.970106620000024,28.341544279999994,518
34,Zona_34,Urbano,2016,29.783018259000016,35.30405102000003,23.518718060000026,360
35,Zona_35,Urbano,2016,39.65206663385247,42.522909260000006,32.795224340000004,244
36,Zona_36,Urbano,2016,39.48329436025319,41.38129058000004,36.63024278,395
37,Zona_37,Urbano,2016,33.82625516217452,40.755792919999976,24.492853760000003,745
38,Zona_38,Urbano,2016,37.191066618714295,40.13371328000005,29.97193981999999,140
39,Zona_39,Urbano,2016,39.26064559430832,41.02239847999999,36.934446560000026,253
40,Zona_40,Urbano,2016,37.768942206866974,47.636267180000004,32.908019000000024,466
41,Zona_41,Urbano,2016,36.38122885437733,40.64641628000004,33.29425526,811
42,Zona_42,Urbano,2016,32.233870149301225,35.498878160000004,27.603251960000023,415
43,Zona_43,Urbano,2016,32.10487667891894,34.329915320000055,27.962144060000014,74
44,Zona_44,Urbano,2016,34.929068828947386,40.068770900000004,28.765378760000033,646
45,Zona_45,Urbano,2016,38.237039121043495,41.48724920000001,35.91587660000005,690
46,Zona_46,Urbano,2016,28.584070861707335,34.01545748000001,25.90449602000001,738
47,Zona_47,Urbano,2016,38.548115267826105,41.029234520000045,36.62340674000001,207
48,Zona_48,Urbano,2016,38.99809302245061,40.33537646000002,37.04040517999999,253
49,Zona_49,Urbano,2016,34.707702935692325,36.924192500000004,29.41480256,195
50,Zona_50,Urbano,2016,37.053324732962984,40.63958023999999,34.48714424000002,486
51,Zona_51,Urbano,2016,34.861186824214435,39.97648436000003,31.927047259999995,541
52,Zona_52,Urbano,2016,24.11864386666669,34.88021653999999,8.84857622000004,81
53,Zona_53,Urbano,2016,36.07074783467155,38.08973732000004,34.083817880000026,274
54,Zona_54,Urbano,2016,40.44970197065639,43.555151300000034,36.42516158000001,259
55,Zona_55,Urbano,2016,37.23823878248982,42.43404074,31.451942480000014,490
56,Zona_56,Urbano,2016,37.077023780560765,42.29731994000002,32.80547840000003,321
57,Zona_57,Urbano,2016,38.29420036744683,40.82415332000005,34.56575870000006,282
58,Zona_58,Urbano,2016,28.082256788461564,31.742474180000045,19.276955240000007,78
59,Zona_59,Urbano,2016,32.36912678739728,36.67125901999998,24.43132939999998,438
60,Zona_60,Urbano,2016,33.71222034890945,38.78017736000004,31.041780080000024,541
61,Zona_61,Urbano,2016,39.255860574153864,41.12493907999999,35.30746904,260
62,Zona_62,Urbano,2016,37.48810413469074,44.64208166000003,31.24686128000002,388
63,Zona_63,Urbano,2016,39.53598074937502,41.326602260000016,35.28012488000002,544
64,Zona_64,Urbano,2016,39.01084873605265,45.00439177999999,32.83624057999998,1140
65,Zona_65,Urbano,2016,38.187583460995874,41.82221516000004,34.64437315999999,241
66,Zona_66,Urbano,2016,35.60949655258429,38.937406280000005,32.57305303999999,267
67,Zona_67,Urbano,2016,38.62500660258067,40.53703963999999,34.329915320000055,186
68,Zona_68,Urbano,2016,30.764660564470066,35.659525099999996,23.26920260000003,1302
69,Zona_69,Urbano,2016,31.904633074339642,37.744517299999984,26.683804580000015,477
70,Zona_70,Urbano,2016,34.758028472518006,36.84216002000005,31.014435919999983,278
71,Zona_71,Urbano,2016,33.95812540978875,37.99745078000001,30.665797880000014,852
72,Zona_72,Urbano,2016,37.4921470164773,41.459905040000024,32.55938096,352
73,Zona_73,Urbano,2016,38.956496893377945,41.295840080000005,35.68003322000004,299
74,Zona_74,Urbano,2016,36.86523165500002,39.14248748,33.86506459999998,412
75,Zona_75,Urbano,2016,39.23197508015308,41.55902762000005,34.25471888000004,392
76,Zona_76,Urbano,2016,35.4275975820435,40.834407380000016,31.434852380000052,460
77,Zona_77,Urbano,2016,34.591365366500014,36.84216002000005,30.792264620000026,120
78,Zona_78,Urbano,2016,38.20664471951221,41.79828902000003,34.82894624000005,246
79,Zona_79,Urbano,2016,39.25014744627805,44.454090560000054,32.02958785999999,669
80,Zona_80,Urbano,2016,37.989492279111126,40.26359804000003,35.4544439,405
81,Zona_81,Urbano,2016,35.39551825932586,38.43153932000001,31.906539140000007,267
82,Zona_82,Urbano,2016,34.404767935502974,37.39246123999999,27.791243060000056,169
83,Zona_83,Urbano,2016,37.853730062328786,42.34859024000002,31.65702368000001,730
84,Zona_84,Urbano,2016,34.520835309551735,40.84124342000001,28.08177476000003,580
85,Zona_85,Urbano,2016,37.81230966229228,39.57999404000003,34.347005420000016,349
86,Zona_86,Urbano,2016,38.12709981448278,40.43449903999999,36.202990279999995,174
87,Zona_87,Urbano,2016,40.590069512426055,43.490208919999986,37.313846780000006,338
88,Zona_88,Urbano,2016,22.559393780000015,33.253239020000024,8.417905700000006,66
89,Zona_89,Urbano,2016,38.159250988361876,41.210389580000026,35.133150020000016,409
90,Zona_90,Urbano,2016,33.147534442027045,37.344608960000016,29.25073759999998,148
91,Zona_91,Urbano,2016,40.13661596775386,41.80854308000005,38.84170172000006,325
92,Zona_92,Urbano,2016,35.09934419772406,40.77630104000002,30.52565906000001,703
93,Zona_93,Urbano,2016,37.05100599565219,43.14840692000001,32.596979180000005,345
94,Zona_94,Urbano,2016,40.51812796047906,42.45113084000002,38.735743100000036,167
95,Zona_95,Urbano,2016,38.406082583131884,39.88077980000003,35.53305836000004,364
96,Zona_96,Urbano,2016,38.42504026788735,41.12152106000002,35.63901698000001,355
97,Zona_97,Urbano,2016,37.203778148220884,39.42276512000001,33.55744279999999,326
98,Zona_98,Urbano,2016,37.58524427000002,39.525305720000006,35.102387840000006,408
99,Zona_99,Urbano,2016,40.414806386700526,42.782678780000026,36.52086614000001,394
100,Zona_100,Urbano,2016,40.315442845908336,44.474598679999986,37.36853510000003,589
101,Zona_101,Urbano,2016,34.63589726069366,38.09315534000001,31.944137360000013,173
102,Zona_102,Urbano,2016,25.733729646608335,28.49193716000002,20.674925420000022,457
103,Zona_103,Urbano,2016,38.46186329230771,40.53703963999999,33.65656538000002,234
104,Zona_104,Urbano,2016,32.27883677715598,37.621468580000055,27.606669979999992,218
105,Zona_105,Urbano,2016,19.15155015772729,29.16186908000003,11.630844500000023,396
106,Zona_106,Urbano,2016,35.008327137126116,38.01795890000005,32.104784300000006,341
107,Zona_107,Urbano,2016,35.99350800115046,40.85491550000006,32.624323340000046,226
108,Zona_108,Urbano,2016,41.999978903281274,44.785638500000005,39.21084788000002,256
109,Zona_109,Urbano,2016,39.477772705604416,41.880321500000036,35.65268906000006,182
110,Zona_110,Urbano,2016,36.830486054475394,42.980923940000025,24.882508040000005,467
111,Zona_111,Urbano,2016,38.93340615179041,41.43256087999998,36.021835220000014,458
112,Zona_112,Urbano,2016,38.64224285054832,42.97066988000006,35.645853020000004,383
113,Zona_113,Urbano,2016,37.01104828673741,41.059996700000056,33.16437050000002,377
114,Zona_114,Urbano,2016,29.046206669473705,40.13713130000002,10.492643840000028,323
115,Zona_115,Urbano,2016,36.70149436233085,38.66738270000002,34.84603634000001,266
116,Zona_116,Urbano,2016,34.03765324737502,37.01306102000001,31.58866327999999,480
117,Zona_117,Urbano,2016,37.67978117982761,39.98673842000005,35.29037893999998,116
118,Zona_118,Urbano,2016,37.43845737668876,40.77630104000002,33.44464814000003,302
119,Zona_119,Urbano,2016,39.946487816480015,41.818797140000015,36.985716860000025,375
120,Zona_120,Urbano,2016,31.59209405380599,41.79828902000003,24.964540520000014,1072
121,Zona_121,Urbano,2016,36.244397496344355,40.07560694000006,28.15013515999999,848
122,Zona_122,Urbano,2016,29.813064927254114,38.72890705999998,19.317971479999983,488
123,Zona_123,Urbano,2016,27.565034594937984,32.45342234000003,22.25063264000005,403
124,Zona_124,Urbano,2016,38.33667905179284,40.48576934000005,35.91929462000002,251
125,Zona_125,Urbano,2016,38.48371464843189,42.29390192000005,31.530556939999997,778
126,Zona_126,Urbano,2016,39.03527494949722,42.64937600000002,32.92852712000001,537
127,Zona_127,Urbano,2016,40.32263035269093,45.07275218000001,32.66533958000002,550
128,Zona_128,Urbano,2016,36.85768779149702,40.52336756,33.14386238000003,501
129,Zona_129,Urbano,2016,35.21833122145456,38.91006212000002,29.85230912000003,495
130,Zona_130,Urbano,2016,36.789426807440016,40.26701606000006,32.11845638,250
131,Zona_131,Urbano,2016,40.739869158578216,45.58887320000002,34.917814760000056,422
132,Zona_132,Urbano,2016,36.095440512758636,39.76114910000001,33.184878620000006,406
133,Zona_133,Urbano,2016,37.976690805894755,39.607338200000015,36.838742000000025,95
134,Zona_134,Urbano,2016,32.25918765680002,36.821651900000006,28.768796780000002,375
135,Zona_135,Urbano,2016,35.69715253384617,40.35246656000004,32.333791640000015,468
136,Zona_136,Urbano,2016,39.8053683901887,41.40521672,34.7195696,159
137,Zona_137,Urbano,2016,38.237436817701166,40.96087412000003,36.01158115999999,783
138,Zona_138,Urbano,2016,36.14619856307694,40.161057440000036,31.78349042000002,156
139,Zona_139,Urbano,2016,39.32560205635182,41.183045419999985,36.025253239999984,307
140,Zona_140,Urbano,2016,38.67935665541403,41.93159179999998,34.75374980000004,471
141,Zona_141,Urbano,2016,38.53887986674643,43.23727544000002,31.007599880000043,418
142,Zona_142,Urbano,2016,37.20281533899835,39.58341206,34.37434958000006,599
143,Zona_143,Urbano,2016,34.94973167648651,37.187380039999994,33.345525560000056,74
144,Zona_144,Urbano,2016,25.111033031678854,38.164933760000054,9.221140400000024,411
145,Zona_145,Urbano,2016,37.133456180387114,41.34369235999998,31.88603102000002,465
146,Zona_146,Urbano,2016,35.14426677514379,39.17666768000004,31.639933580000047,313
147,Zona_147,Urbano,2016,35.28900845594251,38.97158648000004,30.58376540000006,626
148,Zona_148,Urbano,2016,40.78109495788138,41.92133774000001,38.759669239999994,236
149,Zona_149,Urbano,2016,30.35103845000002,35.09555180000001,25.44306332000002,306
150,Zona_150,Urbano,2016,41.24316405909861,46.730491880000045,32.84991266000003,710
151,Zona_151,Urbano,2016,28.66514356938418,32.11162034000006,22.647122960000047,1364
152,Zona_152,Urbano,2016,36.51169457657269,39.45352730000002,32.337209659999985,461
153,Zona_153,Urbano,2016,38.56214598939657,41.79487100000006,33.00030554,232
154,Zona_154,Urbano,2016,38.27672557794623,41.56586365999999,32.39189798000001,409
155,Zona_155,Urbano,2016,40.82685857753556,44.98388366000006,34.60677494000004,844
156,Zona_156,Urbano,2016,35.80881611828949,40.9061858,32.217578960000026,760
157,Zona_157,Urbano,2016,28.459993884083786,33.530098640000006,26.010454640000034,191
158,Zona_158,Urbano,2016,38.83386068008957,42.669884120000006,34.50081632000001,670
159,Zona_159,Urbano,2016,36.605702791510225,40.048262780000016,32.96954335999999,245
160,Zona_160,Urbano,2016,34.30402648882814,38.39735912000003,32.56621700000005,256
161,Zona_161,Urbano,2016,37.60188401590911,40.20207368000001,34.57943078000005,396
162,Zona_162,Urbano,2016,42.00894122768685,45.69824984000002,35.02035536000005,281
163,Zona_163,Urbano,2016,38.519428096264605,44.669425820000015,32.28935738000001,1542
164,Zona_164,Urbano,2016,38.017879779166684,39.90812396000001,36.15171998000005,216
165,Zona_165,Urbano,2016,36.39548373737933,42.44429480000002,32.05693201999998,290
166,Zona_166,Urbano,2016,33.95803867275864,36.99255290000002,29.97877586000004,522
167,Zona_167,Urbano,2016,23.41159088615386,34.073563820000004,9.774859640000045,351
168,Zona_168,Urbano,2016,40.37400195377051,42.22554151999998,38.16151574000003,183
169,Zona_169,Urbano,2016,34.23755826259711,41.20013552,31.527138920000027,824
170,Zona_170,Urbano,2016,37.42008633315071,40.34904854000001,33.68732756000003,219
171,Zona_171,Urbano,2016,30.980719685354938,35.97398294000004,27.405006800000024,803
172,Zona_172,Urbano,2016,18.800416463103467,27.254613919999997,13.562025800000015,174
173,Zona_173,Urbano,2016,29.849586984311397,33.86848262000001,20.95520306000003,334
174,Zona_174,Urbano,2016,35.42176305449816,37.98036067999999,33.06524792000005,269
175,Zona_175,Urbano,2016,37.34631205647061,40.38322874000005,33.11651821999999,289
176,Zona_176,Urbano,2016,39.42950507108436,44.48485274000001,35.331395180000015,747
177,Zona_177,Urbano,2016,39.07740080364118,42.020460319999984,36.76354556000001,379
178,Zona_178,Urbano,2016,38.02876536727275,42.717736400000035,27.88694762,495
179,Zona_179,Urbano,2016,37.07888298076752,39.97990238,33.95393311999999,443
180,Zona_180,Urbano,2016,35.51948755466669,39.658608500000014,30.385520240000005,270
181,Zona_181,Urbano,2016,39.89461953604432,41.87348545999998,34.95199495999998,632
182,Zona_182,Urbano,2016,39.262196654949,41.78461693999998,35.63559896000004,392
183,Zona_183,Urbano,2016,39.01084226822744,40.885677680000015,36.51061207999999,299
184,Zona_184,Urbano,2016,30.917381907948073,34.459800080000036,26.372764759999995,385
185,Zona_185,Urbano,2016,42.05209599400001,45.68115974,37.624886600000025,450
186,Zona_186,Urbano,2016,33.49050826041422,38.17518782000002,30.83328086000006,676
187,Zona_187,Urbano,2016,36.833162313297315,39.52188769999998,33.23273089999998,185
188,Zona_188,Urbano,2016,40.277787705885736,42.553671440000016,37.621468580000055,350
189,Zona_189,Urbano,2016,33.04467490088609,37.52918204000002,30.679469960000006,158
190,Zona_190,Urbano,2016,38.72763883538464,44.21482916000002,29.989029920000007,663
191,Zona_191,Urbano,2016,34.46946234689322,39.66544454000001,29.110598780000032,618
192,Zona_192,Urbano,2016,39.730070599383055,42.11616488000004,36.312366920000045,389
193,Zona_193,Urbano,2016,35.53405292998732,45.79053638000005,29.305425920000005,787
194,Zona_194,Urbano,2016,37.21597469512197,42.73824452000002,30.43679054000006,492
195,Zona_195,Urbano,2016,38.76440188307694,41.34027434000001,35.91245858000002,208
196,Zona_196,Urbano,2016,38.778272740421706,41.586371780000036,36.15855601999999,332
197,Zona_197,Urbano,2016,34.74218377272729,37.40613331999998,32.91485504000002,99
198,Zona_198,Urbano,2016,30.147046260308898,35.84751620000003,23.10171962000004,1554
199,Zona_199,Urbano,2016,38.677196685788985,47.092802000000006,33.26349307999999,1033
200,Zona_200,Urbano,2016,25.744844199746854,34.76742188000003,17.086004419999995,79
201,Zona_201,Urbano,2016,35.401701056792476,39.456945320000045,29.578867520000017,318
202,Zona_202,Urbano,2016,35.470669558895366,41.13519314000001,23.532390140000018,344
203,Zona_203,Urbano,2016,39.49476997034702,41.27533196000002,37.58387035999999,317
204,Zona_204,Urbano,2016,38.026803129208645,42.07514864000001,33.728343800000005,417
205,Zona_205,Urbano,2016,35.421214273609486,39.019438760000014,29.517343159999996,169
206,Zona_206,Urbano,2016,37.04059175314413,40.28068814000005,33.19171466,458
207,Zona_207,Urbano,2016,37.67780994745594,41.80512506000002,34.11116204000001,397
208,Zona_208,Urbano,2016,32.083077653506514,36.052597400000025,20.507442439999977,231
209,Zona_209,Urbano,2016,35.907139412781085,37.21130618000001,34.32307928,169
210,Zona_210,Urbano,2016,35.665380972500024,38.11366346,31.34256584000002,408
211,Zona_211,Urbano,2016,38.88434415453746,40.77630104000002,36.30211286000002,227
212,Zona_212,Urbano,2016,36.632324431278214,42.85103918000004,32.067186080000056,133
213,Zona_213,Urbano,2016,35.84536567072058,41.66156822000005,29.29858988000001,569
214,Zona_214,Urbano,2016,36.93290559736551,42.37935242000003,31.995407660000012,539
215,Zona_215,Urbano,2016,39.659899752000015,41.849559320000026,37.06433132000001,270
216,Zona_216,Urbano,2016,31.19094786322582,35.73130351999998,26.465051300000027,279
217,Zona_217,Urbano,2016,35.95070415227275,39.330478579999976,30.911895319999985,264
218,Zona_218,Urbano,2016,32.39738622031548,37.853893940000034,24.776549420000038,634
219,Zona_219,Urbano,2016,27.123013474179704,35.35873934000006,11.682114800000022,512
220,Zona_220,Urbano,2016,36.966928065955756,40.656670340000005,31.472450600000002,497
221,Zona_221,Urbano,2016,21.592445345112804,28.4304128,12.321284540000022,665
222,Zona_222,Urbano,2016,34.43060584885716,39.83976356000005,28.36547042000001,630
223,Zona_223,Urbano,2016,38.27220489968002,40.87542361999999,35.12973199999999,125
224,Zona_224,Urbano,2016,37.11342651636366,40.40373685999998,29.647227919999978,363
225,Zona_225,Urbano,2016,39.877126954198495,42.23921360000003,37.0267331,262
226,Zona_226,Urbano,2016,36.69655595961473,40.92327590000002,30.570093320000012,571
227,Zona_227,Urbano,2016,33.14843453662339,37.38220718000002,29.42163860000005,539
228,Zona_228,Urbano,2016,36.24784830756935,39.166413620000014,32.96954335999999,613
229,Zona_229,Urbano,2016,37.406569363703724,39.38858492000003,32.75079008,243
230,Zona_230,Urbano,2016,37.790370360754736,41.37103652000002,35.040863479999985,371
231,Zona_231,Urbano,2016,39.16206771645431,42.522909260000006,36.17564612000001,722
232,Zona_232,Urbano,2016,38.55390896317882,41.23773374000001,35.24594467999998,302
233,Zona_233,Urbano,2016,26.8885411057143,32.65850354000003,22.72573742000003,357
234,Zona_234,Urbano,2016,33.1069689845233,40.53020360000005,13.521009560000039,451
235,Zona_235,Urbano,2016,39.96081843500002,43.25778356000001,35.76548372000002,396
236,Zona_236,Urbano,2016,35.20638251480665,40.07560694000006,31.940719339999987,181
237,Zona_237,Urbano,2016,37.78941345459461,40.72503074000002,35.63218094000001,481
238,Zona_238,Urbano,2016,22.20970404153848,27.343482440000002,14.720734579999998,156
239,Zona_239,Urbano,2016,39.006679712739746,43.849101020000035,32.51836472000002,438
240,Zona_240,Urbano,2016,36.69302145926607,38.605858340000054,32.64483145999998,218
241,Zona_241,Urbano,2016,39.05766318213742,41.176209380000046,34.7195696,262
242,Zona_242,Urbano,2016,41.28421881200001,43.38766831999999,38.77675934000001,215
243,Zona_243,Urbano,2016,40.00389104475612,42.51607322000001,35.12631398000002,328
244,Zona_244,Urbano,2016,37.78423933825245,41.74018268000003,35.35873934000006,103
245,Zona_245,Urbano,2016,36.03635584610881,38.82461162000004,32.01933380000003,717
246,Zona_246,Urbano,2016,37.113892610000015,40.07560694000006,33.68049152000003,140
247,Zona_247,Urbano,2016,29.283089556744205,36.493521980000025,22.44887779999999,602
248,Zona_248,Urbano,2016,30.33094475697389,35.23227259999999,25.624218380000002,727
249,Zona_249,Urbano,2016,34.73275647211358,40.130295260000025,28.621821920000002,317
250,Zona_250,Urbano,2016,37.032678655842126,39.41251106000004,33.253239020000024,380
251,Zona_251,Urbano,2016,33.87225335950862,37.365117080000005,22.56509047999998,407
252,Zona_252,Urbano,2016,36.68006428962964,38.33583476000001,34.32307928,243
253,Zona_253,Urbano,2016,36.79477172461541,38.674218740000015,33.957351140000014,221
254,Zona_254,Urbano,2016,38.30644613445625,43.87302715999999,29.00122213999998,754
255,Zona_255,Urbano,2016,41.115855392607024,42.62544986,38.18885990000001,257
256,Zona_256,Urbano,2016,37.85530516795456,42.246049640000024,32.740536020000036,264
257,Zona_257,Urbano,2016,38.08202172436484,41.442814940000005,35.66294312000002,614
258,Zona_258,Urbano,2016,37.788806112340446,40.12687724,34.61361098000003,282
259,Zona_259,Urbano,2016,37.97425404377174,40.26018002000001,33.21905881999999,403
260,Zona_260,Urbano,2016,37.78313757500002,43.72947032000002,28.49193716000002,204
261,Zona_261,Urbano,2016,23.373740107741956,27.01535252000002,16.99371788000002,279
262,Zona_262,Urbano,2016,39.06518880646019,41.76410882000005,36.24400652000003,226
263,Zona_263,Urbano,2016,38.44728902000002,40.936947980000014,36.33629306,153
264,Zona_264,Urbano,2016,35.107045188267925,37.13610974000005,31.858686860000034,433
265,Zona_265,Urbano,2016,39.553772707826106,41.79487100000006,36.985716860000025,207
266,Zona_266,Urbano,2016,39.113809731868876,42.58785164000005,32.450004320000005,305
267,Zona_267,Urbano,2016,35.024291261818206,36.640496840000026,34.049637680000046,33
268,Zona_268,Urbano,2016,39.2457153009524,41.98628012000006,35.762065699999994,378
269,Zona_269,Urbano,2016,38.50339335991152,42.553671440000016,31.53739298000005,452
270,Zona_270,Urbano,2016,41.6038535710736,44.98388366000006,34.22395670000003,829
271,Zona_271,Rural,2016,21.69866723907043,28.792722920000017,16.56988339999998,4346
272,Zona_272,Rural,2016,22.53369566104066,28.751706679999984,17.065496300000007,3863
273,Zona_273,Rural,2016,33.139742027123305,40.41399092000006,26.82736141999999,146
274,Zona_274,Rural,2016,23.792058173987762,41.42230682000002,11.107887440000013,9464
275,Zona_275,Rural,2016,20.634873442533745,26.994844400000034,14.484891199999993,3410
276,Zona_276,Rural,2016,18.423330845418345,26.56075586000003,9.590286559999981,3012
277,Zona_277,Rural,2016,30.597961285397027,41.750436740000055,23.761397480000028,3602
278,Zona_278,Rural,2016,26.57841440949654,32.83965860000001,20.51427848000003,3734
279,Zona_279,Rural,2016,23.26081480808046,29.920669520000047,19.10605424000005,1641
280,Zona_280,Rural,2016,30.064064298706914,39.71329681999998,23.590496480000013,3248
281,Zona_281,Rural,2016,25.145422894692093,30.67263392000001,19.43076614000006,8135
282,Zona_282,Rural,2016,23.403324893278995,32.877256820000014,5.93642318000002,16679
283,Zona_283,Rural,2016,26.99834846390627,37.84022186000004,22.72573742000003,4608
284,Zona_284,Rural,2016,29.339400015801075,38.20595000000003,23.54948023999998,2272
285,Zona_285,Rural,2016,23.535995776864258,33.14044436000006,18.084066259999986,3425
286,Zona_286,Rural,2016,23.896963966830388,29.24731958000001,18.14217259999998,5783
287,Zona_287,Rural,2016,28.21756240982338,33.93342500000006,23.816085799999996,3227
288,Zona_288,Rural,2016,24.165126131479763,28.68676430000005,20.421991939999998,2345
289,Zona_289,Rural,2016,26.78755766888591,36.10386770000002,21.526012400000013,7414
290,Zona_290,Rural,2016,23.009164965184432,28.676510240000027,19.67686358000003,1925
291,Zona_291,Rural,2016,27.42489157288756,30.840116899999998,23.802413720000004,2303
292,Zona_292,Rural,2016,34.972625326781134,41.67524030000004,27.03586064000001,4194
293,Zona_293,Rural,2016,26.204369726147483,32.614069280000024,16.651915880000047,3133
294,Zona_294,Rural,2016,30.305341874622663,33.07892000000004,27.367408580000017,424
295,Zona_295,Rural,2016,23.281616813081943,31.19559098000002,13.671402440000008,6921
296,Zona_296,Rural,2016,23.879654080343137,30.87087908000001,15.619673840000019,5654
297,Zona_297,Rural,2016,27.66514423187502,31.287877520000052,24.74236922,1152
298,Zona_298,Rural,2016,25.424613427229566,30.009538040000052,19.27011920000001,3411
299,Zona_299,Rural,2016,25.411405408377927,36.674677040000006,19.410258020000015,7441
300,Zona_300,Rural,2016,21.87423874940453,31.482704660000024,10.933568420000029,15567
301,Zona_301,Rural,2016,26.577347305772374,35.351903300000004,14.563505660000033,4428
302,Zona_302,Rural,2016,31.65989954924308,38.71523497999999,25.043154980000054,2629
303,Zona_303,Rural,2016,31.55131274260872,37.28650262000002,26.800017260000004,966
304,Zona_304,Rural,2016,30.747875783748476,39.35782274000002,23.289710720000016,7299
305,Zona_305,Rural,2016,24.523041337534966,48.54546049999999,11.036109020000026,19172
306,Zona_306,Rural,2016,21.308415551129606,29.39087642000004,10.318324820000043,5533
307,Zona_307,Rural,2016,26.52569782844658,40.84807946000001,19.46836436000001,8169
308,Zona_308,Rural,2016,25.28433441620157,29.84889110000006,19.376077819999978,4644
309,Zona_309,Rural,2016,29.68304260174438,36.21666235999999,26.177937620000023,1995
310,Zona_310,Rural,2016,28.07457786877211,34.72982366000002,22.900056440000014,2207
311,Zona_311,Rural,2016,29.071093554939036,36.71911130000001,24.88592606000003,1312
312,Zona_312,Rural,2016,25.38105587670566,31.240025240000023,20.787720079999986,2908
313,Zona_313,Rural,2016,26.873380327258605,32.911437019999994,21.912248660000046,2185
314,Zona_314,Rural,2016,26.853971814186522,37.41638738000006,12.22557998000002,9158
315,Zona_315,Rural,2016,24.916497888609214,33.21564080000002,18.227623100000017,10289
316,Zona_316,Rural,2016,23.626995756127737,31.516884860000005,10.260218480000049,10774
317,Zona_317,Rural,2016,24.77724097288374,31.038362060000054,19.18808672,3440
318,Zona_318,Rural,2016,27.00823803260414,33.42755804000001,22.26430472000004,2185
319,Zona_319,Rural,2016,22.777199503977346,38.19227792000004,9.255320600000005,22759
320,Zona_320,Rural,2016,29.094295153543325,34.87679852000002,25.176457760000005,1143
321,Zona_321,Rural,2016,28.78696969460467,34.65462722000001,23.340981020000015,1935
322,Zona_322,Rural,2016,29.780418238707423,36.91393844000004,24.492853760000003,1702
323,Zona_323,Rural,2016,29.10148105117959,36.68151308000006,24.39373118000003,3408
324,Zona_324,Rural,2016,26.23548210797806,33.694163600000024,18.836030660000006,3279
325,Zona_325,Rural,2016,30.803376027664687,40.08586100000002,25.822463540000058,1503
326,Zona_326,Rural,2016,34.027388705093195,39.07070906000001,30.24196340000003,805
327,Zona_327,Rural,2016,33.694576119655196,37.918836320000025,29.93434160000004,58
328,Zona_328,Rural,2016,35.4748034104348,37.39246123999999,32.35429976,207
329,Zona_329,Rural,2016,34.78700198919357,39.94230416000005,30.306905780000022,372
330,Zona_330,Rural,2016,34.94910809138791,39.347568679999995,29.52759722000002,843
331,Zona_331,Rural,2016,29.94712978627777,35.01693734000003,25.942094240000017,2297
0,Zona_0,Urbano,2017,37.383935833474595,41.192841180000016,33.65610708000003,236
1,Zona_1,Urbano,2017,33.87896507024833,44.77834416000002,28.658961840000018,443
2,Zona_2,Urbano,2017,39.0977334883784,41.175751080000055,33.25278072000003,74
3,Zona_3,Urbano,2017,38.91576605677421,41.261201580000034,37.05703698000002,279
4,Zona_4,Urbano,2017,34.13719981984965,40.017042300000014,28.272725580000042,133
5,Zona_5,Urbano,2017,37.241418139090925,39.13519314000001,32.65462722000001,374
6,Zona_6,Urbano,2017,38.98966582283816,40.79293284000005,35.39929728000004,451
7,Zona_7,Urbano,2017,35.235371612351116,39.96919002000004,25.309302240000022,319
8,Zona_8,Urbano,2017,36.17438358000002,37.38858492000003,34.97204478000003,85
9,Zona_9,Urbano,2017,29.701094607165377,35.82654978000005,26.83373916000005,1016
10,Zona_10,Urbano,2017,33.018621340097575,35.93250840000002,26.65942014000001,410
11,Zona_11,Urbano,2017,29.06145216170925,35.983778700000016,24.15401148000001,1018
12,Zona_12,Urbano,2017,33.838000997706786,38.00382852000001,29.63651556000002,532
13,Zona_13,Urbano,2017,37.91251163106384,41.17233306000003,34.22008038000001,423
14,Zona_14,Urbano,2017,34.30979136971833,38.54729370000001,30.12871044000002,426
15,Zona_15,Urbano,2017,40.971816918243256,46.371141480000006,34.613152679999985,444
16,Zona_16,Urbano,2017,39.68058063500753,43.41455417999998,35.99061474000001,665
17,Zona_17,Urbano,2017,41.64726827765015,47.59137462000001,33.153658140000005,1149
18,Zona_18,Urbano,2017,36.11890706978231,39.89399358000003,31.663401420000014,689
19,Zona_19,Urbano,2017,36.28575137683519,39.63422406000001,29.62284348000003,455
20,Zona_20,Urbano,2017,32.30050201379312,37.556067900000016,27.55494138000006,261
21,Zona_21,Urbano,2017,29.25582045870309,33.625344900000016,23.607128279999984,293
22,Zona_22,Urbano,2017,34.092247390771405,37.426183140000035,27.930923580000012,713
23,Zona_23,Urbano,2017,33.80664644657144,39.68549436000001,27.284917800000017,490
24,Zona_24,Urbano,2017,37.32589843320002,43.633307460000026,32.21370264000001,350
25,Zona_25,Urbano,2017,41.32757280442625,46.712943480000035,33.235690620000014,366
26,Zona_26,Urbano,2017,41.17409955963304,43.028317920000006,39.66840425999999,327
27,Zona_27,Urbano,2017,35.355054684672915,38.820735300000024,29.906539140000007,321
28,Zona_28,Urbano,2017,38.83565755073932,42.01658400000002,35.58045234000002,257
29,Zona_29,Urbano,2017,41.65121499978263,43.014645840000014,40.55025341999999,276
30,Zona_30,Urbano,2017,37.40932542662892,41.20993127999998,29.007599880000043,353
31,Zona_31,Urbano,2017,37.85611176418607,40.90572750000001,34.56530040000001,258
32,Zona_32,Urbano,2017,36.86148644952383,40.71090035999998,32.43587394000002,567
33,Zona_33,Urbano,2017,33.029791206718166,37.76114910000001,27.124270860000024,518
34,Zona_34,Urbano,2017,29.748588638000022,34.493521980000025,24.762419040000054,360
35,Zona_35,Urbano,2017,37.24355721073772,40.64595798000005,29.909957159999976,244
36,Zona_36,Urbano,2017,39.89440893432914,42.02342004000002,36.82461162000004,395
37,Zona_37,Urbano,2017,36.50280847795975,44.31007542000003,24.259970100000032,745
38,Zona_38,Urbano,2017,36.64135691914288,40.43745876000003,28.42653647999998,140
39,Zona_39,Urbano,2017,38.091332533992116,39.94526388000003,35.54969016000001,253
40,Zona_40,Urbano,2017,39.238496559914175,51.778449120000005,34.15171998000005,466
41,Zona_41,Urbano,2017,35.145381804118394,40.93990770000005,31.99836737999999,811
42,Zona_42,Urbano,2017,35.559590063710864,37.487707500000056,31.393377840000028,415
43,Zona_43,Urbano,2017,28.943904615405422,30.68584770000001,24.70431270000006,74
44,Zona_44,Urbano,2017,37.09235475631581,41.309053860000006,31.769360040000038,646
45,Zona_45,Urbano,2017,37.82022140217393,41.196259199999986,35.31726480000003,690
46,Zona_46,Urbano,2017,30.567143292682946,35.720591160000026,26.970459960000028,738
47,Zona_47,Urbano,2017,36.18347693130436,38.718194700000026,34.12779383999998,207
48,Zona_48,Urbano,2017,35.91502651114626,37.72696890000003,33.40317360000006,253
49,Zona_49,Urbano,2017,34.46419712123079,38.51311350000003,27.73951446000001,195
50,Zona_50,Urbano,2017,37.37978668333335,41.11764474000006,34.459341780000045,486
51,Zona_51,Urbano,2017,33.90826976805917,39.90766566000002,30.614069280000024,541
52,Zona_52,Urbano,2017,34.478457373333356,36.74599716,27.052492440000037,81
53,Zona_53,Urbano,2017,35.03283314299272,37.76456712000004,32.743495740000014,274
54,Zona_54,Urbano,2017,43.590588808494225,46.54204248000002,36.441793380000036,259
55,Zona_55,Urbano,2017,39.94929574848982,45.489292320000004,33.478370040000016,490
56,Zona_56,Urbano,2017,34.93825855738319,39.96919002000004,29.83817873999999,321
57,Zona_57,Urbano,2017,36.25297807659576,38.66692440000003,33.444189840000035,282
58,Zona_58,Urbano,2017,29.496376740000024,31.427558040000008,27.435310680000043,78
59,Zona_59,Urbano,2017,34.52803773904112,38.70110460000001,26.55687954000001,438
60,Zona_60,Urbano,2017,32.74132235944549,38.540457660000015,29.889449040000045,541
61,Zona_61,Urbano,2017,37.69682459284617,39.54193752000003,34.056015419999994,260
62,Zona_62,Urbano,2017,34.71747276463919,41.948223600000006,28.52907707999998,388
63,Zona_63,Urbano,2017,39.36697133812502,40.998014040000044,34.50035802000002,544
64,Zona_64,Urbano,2017,40.9803482734737,50.452257359999976,33.755229660000055,1140
65,Zona_65,Urbano,2017,35.2478690661411,39.31976622000002,30.415824120000025,241
66,Zona_66,Urbano,2017,34.17523646966294,38.509695480000005,31.430976060000035,267
67,Zona_67,Urbano,2017,37.50926307774195,39.49750326000003,33.362157360000026,186
68,Zona_68,Urbano,2017,30.549158402488494,35.84705789999998,24.553919820000033,1302
69,Zona_69,Urbano,2017,29.004224853962285,34.87975824,23.938676220000048,477
70,Zona_70,Urbano,2017,35.788115497553974,37.41592908000001,32.87679852000002,278
71,Zona_71,Urbano,2017,32.72267871443664,37.870525740000005,29.80741655999998,852
72,Zona_72,Urbano,2017,37.05270619329547,41.213349300000004,31.236148920000005,352
73,Zona_73,Urbano,2017,39.13068912702343,41.326143960000024,37.019438760000014,299
74,Zona_74,Urbano,2017,36.60088064097089,38.311450320000006,34.78063566000003,412
75,Zona_75,Urbano,2017,37.87562661168369,40.72457244000003,32.31966126000003,392
76,Zona_76,Urbano,2017,30.355689259434804,36.069229199999995,25.538309580000032,460
77,Zona_77,Urbano,2017,32.91468157500002,35.35486302000004,28.946075520000022,120
78,Zona_78,Urbano,2017,36.639510553170744,40.26313974000004,33.42026370000002,246
79,Zona_79,Urbano,2017,37.76088342430495,44.38527185999999,28.50515094000002,669
80,Zona_80,Urbano,2017,37.24520531066669,39.788034960000005,34.40123544000005,405
81,Zona_81,Urbano,2017,35.653088465393274,38.345630519999986,31.461738240000045,267
82,Zona_82,Urbano,2017,32.94149820035505,37.52188769999998,26.006578320000017,169
83,Zona_83,Urbano,2017,37.4495801892329,42.70360602000005,30.887510880000036,730
84,Zona_84,Urbano,2017,31.894070624896568,36.735743100000036,27.380622360000018,580
85,Zona_85,Urbano,2017,39.07372754252151,40.70406432000004,36.05555712,349
86,Zona_86,Urbano,2017,37.77262107517243,39.44965098,35.905164239999976,174
87,Zona_87,Urbano,2017,40.31888987094677,42.70702404000002,37.21426589999999,338
88,Zona_88,Urbano,2017,32.176311572727286,36.27772842000002,27.15161502000001,66
89,Zona_89,Urbano,2017,35.46793346156481,38.704522620000034,31.622385180000038,409
90,Zona_90,Urbano,2017,34.1689486483784,39.904247639999994,30.00907974000006,148
91,Zona_91,Urbano,2017,38.916934158276945,40.70064630000002,37.33731462000003,325
92,Zona_92,Urbano,2017,32.17594883445236,37.35440472000005,27.271245720000024,703
93,Zona_93,Urbano,2017,35.900775304173926,43.76661023999998,30.562798980000025,345
94,Zona_94,Urbano,2017,39.10658001449103,40.44771281999999,37.02969282000004,167
95,Zona_95,Urbano,2017,37.725175378516504,39.183045419999985,35.26599450000003,364
96,Zona_96,Urbano,2017,39.88220863216903,42.67967987999998,36.08973732000004,355
97,Zona_97,Urbano,2017,36.41369431987732,38.74553886000001,32.81185614000003,326
98,Zona_98,Urbano,2017,39.386166285000016,41.97556775999999,36.22304010000005,408
99,Zona_99,Urbano,2017,38.42564168360408,41.24752950000004,32.22737472000006,394
100,Zona_100,Urbano,2017,39.727166349168094,42.601065420000054,35.61463254,589
101,Zona_101,Urbano,2017,34.35128888184973,37.77140315999998,31.157534460000022,173
102,Zona_102,Urbano,2017,25.296303293041593,28.826444820000006,22.277518500000042,457
103,Zona_103,Urbano,2017,33.962049083846175,36.349506840000004,28.057390320000025,234
104,Zona_104,Urbano,2017,30.036565010917453,36.84511974000003,24.86837766000002,218
105,Zona_105,Urbano,2017,27.09653828863639,34.07310552000001,22.899598140000023,396
106,Zona_106,Urbano,2017,33.450033551612925,37.426183140000035,30.484184519999985,341
107,Zona_107,Urbano,2017,33.67260734469029,39.29925810000003,29.39383614000002,226
108,Zona_108,Urbano,2017,43.092152113828135,46.241256720000024,39.40179870000003,256
109,Zona_109,Urbano,2017,35.65085979593408,38.15422139999998,31.212222780000047,182
110,Zona_110,Urbano,2017,36.78668404047112,40.751916600000015,31.646311319999995,467
111,Zona_111,Urbano,2017,39.12626001786028,42.50877888000002,36.182023860000015,458
112,Zona_112,Urbano,2017,35.018192512167126,37.80216533999999,31.495918440000025,383
113,Zona_113,Urbano,2017,32.944216017931055,37.309970460000045,29.43827040000002,377
114,Zona_114,Urbano,2017,38.64373900736844,41.78757666000001,32.986175160000016,323
115,Zona_115,Urbano,2017,37.71112522082708,40.44429480000002,36.069229199999995,266
116,Zona_116,Urbano,2017,33.17760564262502,36.95791440000005,30.98321543999998,480
117,Zona_117,Urbano,2017,36.59654718206898,40.36909836000001,32.67855336000002,116
118,Zona_118,Urbano,2017,38.13988156112585,41.45261070000004,31.393377840000028,302
119,Zona_119,Urbano,2017,38.35634943072002,40.02387834000001,35.457403620000036,375
120,Zona_120,Urbano,2017,31.55765323779853,40.79635086000002,25.18283550000001,1072
121,Zona_121,Urbano,2017,34.639722948679264,38.919857879999995,25.811751179999987,848
122,Zona_122,Urbano,2017,34.91281777770494,40.639121939999995,25.548563639999998,488
123,Zona_123,Urbano,2017,26.138863327295308,30.203906879999977,19.980609060000006,403
124,Zona_124,Urbano,2017,34.948568021115555,37.053618959999994,30.67559363999999,251
125,Zona_125,Urbano,2017,36.16425718534707,40.27339380000001,28.566675300000043,778
126,Zona_126,Urbano,2017,37.35868201877097,41.5209711,30.45342234000003,537
127,Zona_127,Urbano,2017,40.19606575843638,45.22268675999999,30.843076620000033,550
128,Zona_128,Urbano,2017,36.617988558682654,41.36374218000003,31.714671720000013,501
129,Zona_129,Urbano,2017,33.46132137054547,38.099533080000015,26.15013515999999,495
130,Zona_130,Urbano,2017,33.645702627120016,37.57999404000003,27.941177639999978,250
131,Zona_131,Urbano,2017,38.48788332867301,44.00245361999998,31.475410320000037,422
132,Zona_132,Urbano,2017,34.86959678645323,38.77971906000005,31.80012222000005,406
133,Zona_133,Urbano,2017,38.111010431368435,40.43745876000003,36.91006212000002,95
134,Zona_134,Urbano,2017,31.64865380304002,35.56336224000006,28.84695294000005,375
135,Zona_135,Urbano,2017,34.16414316807694,39.74018268000003,29.86894092,468
136,Zona_136,Urbano,2017,36.644015481509456,39.59320782000003,29.909957159999976,159
137,Zona_137,Urbano,2017,37.6233806310345,41.066374440000004,35.296756680000044,783
138,Zona_138,Urbano,2017,34.0636621442308,40.07856665999998,29.40409020000004,156
139,Zona_139,Urbano,2017,38.965160562019555,41.01852216000003,35.17712598000003,307
140,Zona_140,Urbano,2017,39.730393064331224,43.07617019999998,36.117081480000024,471
141,Zona_141,Urbano,2017,35.77370948038279,40.90572750000001,27.322516020000023,418
142,Zona_142,Urbano,2017,39.33322146400669,42.026838060000046,36.81435756000002,599
143,Zona_143,Urbano,2017,34.28035762459461,36.16151574000003,32.99642921999998,74
144,Zona_144,Urbano,2017,37.10900585343068,40.02729636000004,33.79966392000006,411
145,Zona_145,Urbano,2017,36.59350936451615,41.68845408000004,29.920211220000056,465
146,Zona_146,Urbano,2017,33.950886734568705,37.14248748,30.90118296000003,313
147,Zona_147,Urbano,2017,31.211927934824306,34.87975824,26.341544279999994,626
148,Zona_148,Urbano,2017,40.30186764457629,41.54489724000001,36.97842251999998,236
149,Zona_149,Urbano,2017,26.53372413000002,30.70293780000003,21.67936500000002,306
150,Zona_150,Urbano,2017,42.20441623428171,48.223708320000014,32.19319452000002,710
151,Zona_151,Urbano,2017,29.35679923706747,34.45592376000002,9.818835600000057,1364
152,Zona_152,Urbano,2017,36.23910701830805,40.00337022000002,29.995407660000012,461
153,Zona_153,Urbano,2017,34.2356087984483,38.000410500000044,28.99734582000002,232
154,Zona_154,Urbano,2017,37.48352063442544,41.33298000000002,30.41924214000005,409
155,Zona_155,Urbano,2017,40.067628186042676,45.25344894,33.5569845,844
156,Zona_156,Urbano,2017,37.43972479555265,42.785638500000005,32.68538940000002,760
157,Zona_157,Urbano,2017,26.887317965654468,32.07698184000003,23.962602360000005,191
158,Zona_158,Urbano,2017,37.914470253850766,41.767068540000025,33.05111754000001,670
159,Zona_159,Urbano,2017,35.12881331363267,38.01066456000001,30.781552260000012,245
160,Zona_160,Urbano,2017,32.53475619046877,36.39052307999998,31.065247920000047,256
161,Zona_161,Urbano,2017,37.345091478636384,39.70942050000002,33.94322076000003,396
162,Zona_162,Urbano,2017,40.128839530676174,44.173354620000055,32.429037900000026,281
163,Zona_163,Urbano,2017,38.560580089027255,45.373079640000014,31.567696860000012,1542
164,Zona_164,Urbano,2017,36.10962829750002,38.444753100000014,33.50229618000003,216
165,Zona_165,Urbano,2017,35.08302435351726,41.51755308000003,30.610651260000054,290
166,Zona_166,Urbano,2017,34.23234465482761,37.64835444000005,29.25711534000004,522
167,Zona_167,Urbano,2017,36.78571825282053,39.788034960000005,32.21028462000004,351
168,Zona_168,Urbano,2017,38.91317126163936,41.360324160000005,36.30165456000003,183
169,Zona_169,Urbano,2017,33.270190222354394,39.586371780000036,30.347463720000007,824
170,Zona_170,Urbano,2017,39.97490232739728,42.62840958000004,36.96475043999999,219
171,Zona_171,Urbano,2017,31.734115699277723,37.053618959999994,28.402610340000024,803
172,Zona_172,Urbano,2017,27.028919888275876,31.55744279999999,24.485559420000016,174
173,Zona_173,Urbano,2017,32.559383171676664,35.23865034000005,25.28195807999998,334
174,Zona_174,Urbano,2017,34.83838622096657,37.86368970000001,32.78793000000002,269
175,Zona_175,Urbano,2017,36.15372170823532,39.572699700000044,31.83772044,289
176,Zona_176,Urbano,2017,42.45634178602411,48.27156060000004,37.65519047999999,747
177,Zona_177,Urbano,2017,37.91276849905015,40.803186900000014,35.084839439999996,379
178,Zona_178,Urbano,2017,39.27685108000002,46.20365850000002,32.19319452000002,495
179,Zona_179,Urbano,2017,37.6407854160271,40.55708946000004,35.187380039999994,443
180,Zona_180,Urbano,2017,33.34448493066669,36.48622764000004,27.27808176000002,270
181,Zona_181,Urbano,2017,39.97379244882913,42.13279668000001,34.26109661999999,632
182,Zona_182,Urbano,2017,40.94819116683675,43.800790440000014,35.90858226,392
183,Zona_183,Urbano,2017,38.955592764682294,40.898891460000016,35.88123810000002,299
184,Zona_184,Urbano,2017,33.11702761916885,37.720132860000035,26.47826508000003,385
185,Zona_185,Urbano,2017,41.57951798480001,46.58647674000002,36.41444922000005,450
186,Zona_186,Urbano,2017,31.90709714476333,37.64835444000005,28.898223239999993,676
187,Zona_187,Urbano,2017,34.61481550054056,38.20207368000001,30.138964500000043,185
188,Zona_188,Urbano,2017,41.30898549960001,43.69141380000002,37.904705939999985,350
189,Zona_189,Urbano,2017,29.57046989506331,34.001327100000026,27.172123140000053,158
190,Zona_190,Urbano,2017,35.91676901076925,41.852519040000004,26.39623260000002,663
191,Zona_191,Urbano,2017,34.66062333640779,39.9486819,30.415824120000025,618
192,Zona_192,Urbano,2017,39.13494711285349,42.81981870000004,34.295276820000026,389
193,Zona_193,Urbano,2017,34.767580300254146,45.59183292,28.166766960000018,787
194,Zona_194,Urbano,2017,34.424209814268316,41.042448300000046,25.979234160000033,492
195,Zona_195,Urbano,2017,38.15716286913464,41.12106276000003,35.047241220000046,208
196,Zona_196,Urbano,2017,39.326025726506046,42.17039490000002,36.12733553999999,332
197,Zona_197,Urbano,2017,35.96803509272729,38.83782540000004,33.481788059999985,99
198,Zona_198,Urbano,2017,30.145076905135156,36.920316179999986,25.729718700000035,1554
199,Zona_199,Urbano,2017,38.59300847668928,48.568928340000014,31.615549139999985,1033
200,Zona_200,Urbano,2017,30.565178614177242,34.77038160000001,26.748288660000014,79
201,Zona_201,Urbano,2017,31.893042920943415,36.56142408000005,26.02025040000001,318
202,Zona_202,Urbano,2017,36.118720937267454,40.307574000000045,31.359197640000048,344
203,Zona_203,Urbano,2017,39.56110862271296,41.438938620000044,37.200593819999995,317
204,Zona_204,Urbano,2017,34.231473780000016,39.61713396000005,29.380164060000027,417
205,Zona_205,Urbano,2017,34.480881373491144,39.07366878000005,27.513925140000026,169
206,Zona_206,Urbano,2017,37.24293099786028,40.259721720000016,33.00668328000006,458
207,Zona_207,Urbano,2017,37.15719271465996,42.440418480000005,32.94515892000004,397
208,Zona_208,Urbano,2017,33.45078913402599,36.04872108000001,30.255177180000032,231
209,Zona_209,Urbano,2017,36.33263921467457,37.47745343999998,34.3943994,169
210,Zona_210,Urbano,2017,36.51850614750002,38.64983430000001,31.89924480000002,408
211,Zona_211,Urbano,2017,39.83716711533041,42.23533728000001,36.58193219999998,227
212,Zona_212,Urbano,2017,35.30138257172934,41.473118820000025,30.44316828000001,133
213,Zona_213,Urbano,2017,30.91323913950793,37.14248748,23.61054630000001,569
214,Zona_214,Urbano,2017,37.75706523194807,43.03515396,32.81869218000003,539
215,Zona_215,Urbano,2017,38.99653546200002,40.79293284000005,36.48964566000001,270
216,Zona_216,Urbano,2017,29.965637808387118,34.92077447999998,24.328330499999993,279
217,Zona_217,Urbano,2017,32.322341298409114,36.22304010000005,27.353278199999977,264
218,Zona_218,Urbano,2017,32.10568458208204,40.02729636000004,24.18477366000002,634
219,Zona_219,Urbano,2017,33.60805452539064,39.21722562000002,25.750226820000023,512
220,Zona_220,Urbano,2017,32.364343102937646,35.334354899999994,26.54662547999999,497
221,Zona_221,Urbano,2017,26.10660551882708,29.89970310000001,21.908372340000028,665
222,Zona_222,Urbano,2017,33.166972141714304,39.23431572000004,26.87133738,630
223,Zona_223,Urbano,2017,37.97530856112002,40.488729060000026,33.95689284000002,125
224,Zona_224,Urbano,2017,38.16978610264465,41.72947032000002,29.02810800000003,363
225,Zona_225,Urbano,2017,38.54515417603055,41.042448300000046,34.81139784000004,262
226,Zona_226,Urbano,2017,35.54206396476359,39.30267612,31.154116440000053,571
227,Zona_227,Urbano,2017,33.404226274063106,38.52336756,30.432914220000043,539
228,Zona_228,Urbano,2017,36.987951714420895,41.28512771999999,31.81379430000004,613
229,Zona_229,Urbano,2017,36.41819075629632,38.85491550000006,29.94755538000004,243
230,Zona_230,Urbano,2017,39.564997638760126,44.18360868000002,34.821651900000006,371
231,Zona_231,Urbano,2017,40.178659730443236,43.605963299999985,37.23819204000006,722
232,Zona_232,Urbano,2017,36.950546416490084,40.93990770000005,33.76548372000002,302
233,Zona_233,Urbano,2017,30.281219237142874,36.89297202,25.73997276,357
234,Zona_234,Urbano,2017,35.63849047117518,39.79145298000003,28.330831920000037,451
235,Zona_235,Urbano,2017,41.04669493090911,45.226104780000014,36.31874465999999,396
236,Zona_236,Urbano,2017,33.79618924773483,39.35394642000006,30.12871044000002,181
237,Zona_237,Urbano,2017,37.02635296677756,39.753854760000024,34.985716860000025,481
238,Zona_238,Urbano,2017,25.796611104230784,30.771298200000047,23.029482900000005,156
239,Zona_239,Urbano,2017,36.4390698891781,41.87644518000002,28.306905780000022,438
240,Zona_240,Urbano,2017,37.461946918073416,39.99995220000005,32.72982366000002,218
241,Zona_241,Urbano,2017,38.031994570305365,41.69187210000001,32.95199495999998,262
242,Zona_242,Urbano,2017,41.221345877023275,43.110350400000016,38.325122400000055,215
243,Zona_243,Urbano,2017,37.87290168073172,40.28706588,33.327977160000046,328
244,Zona_244,Urbano,2017,35.81599705805827,41.45261070000004,32.96224902000006,103
245,Zona_245,Urbano,2017,34.715354814979094,38.34904854000001,29.55790109999998,717
246,Zona_246,Urbano,2017,34.21321992557145,37.50137958000005,29.48954070000002,140
247,Zona_247,Urbano,2017,29.402829734152846,36.882717960000036,24.33174852000002,602
248,Zona_248,Urbano,2017,28.606083613122436,34.250842560000024,25.644268200000056,727
249,Zona_249,Urbano,2017,32.92516835507888,38.56780182,26.269765860000007,317
250,Zona_250,Urbano,2017,37.249705370526335,40.27339380000001,32.760585839999976,380
251,Zona_251,Urbano,2017,34.245005891941055,36.872463900000014,27.609629700000028,407
252,Zona_252,Urbano,2017,36.46071205037039,37.897869900000046,34.56871841999998,243
253,Zona_253,Urbano,2017,35.89354915846156,38.42082696,32.09748996000002,221
254,Zona_254,Urbano,2017,37.36212473068967,43.814462520000006,27.86939921999999,754
255,Zona_255,Urbano,2017,39.00601326350196,40.228959540000005,35.395879260000015,257
256,Zona_256,Urbano,2017,33.91524219477275,38.43791706000002,29.55790109999998,264
257,Zona_257,Urbano,2017,38.1777912642997,40.786096799999996,34.61657070000001,614
258,Zona_258,Urbano,2017,40.22207501744683,42.65575374000002,36.58193219999998,282
259,Zona_259,Urbano,2017,40.053605784416895,42.69676998,34.63366080000003,403
260,Zona_260,Urbano,2017,35.39308117500002,41.99265786000001,24.97433627999999,204
261,Zona_261,Urbano,2017,27.462115797419372,29.27420544000006,24.389854860000014,279
262,Zona_262,Urbano,2017,40.05028481309736,43.308595560000015,37.65519047999999,226
263,Zona_263,Urbano,2017,38.49124264000002,41.77732260000005,36.882717960000036,153
264,Zona_264,Urbano,2017,35.78833584277138,37.38858492000003,31.068665940000017,433
265,Zona_265,Urbano,2017,40.195307729565236,42.242173320000006,37.50821561999999,207
266,Zona_266,Urbano,2017,37.089782732262314,40.46480292000001,29.913375180000003,305
267,Zona_267,Urbano,2017,33.52435794545456,35.197634100000016,32.67171732000003,33
268,Zona_268,Urbano,2017,36.91553276047621,40.62203183999998,32.14876026000002,378
269,Zona_269,Urbano,2017,37.43766224256639,42.2558454,29.51004882000001,452
270,Zona_270,Urbano,2017,42.01707052154404,46.877008440000054,33.314305080000054,829
271,Zona_271,Rural,2017,15.512047321573881,22.844909819999998,3.0682461000000103,4346
272,Zona_272,Rural,2017,15.730141481843146,23.073917160000008,1.1746630200000254,3863
273,Zona_273,Rural,2017,30.462224912054815,40.167435179999984,17.44785624000002,146
274,Zona_274,Rural,2017,22.13801712772825,36.92715222000004,17.181250680000005,9464
275,Zona_275,Rural,2017,20.972217758428172,25.596415920000027,17.099218199999996,3410
276,Zona_276,Rural,2017,19.64932666338647,25.285376100000008,7.60737666,3012
277,Zona_277,Rural,2017,27.5080712351194,38.95403808000003,20.944490700000017,3602
278,Zona_278,Rural,2017,23.512784886507788,30.665339580000023,18.38439372000005,3734
279,Zona_279,Rural,2017,21.7570463259598,27.093508680000014,18.97229316000005,1641
280,Zona_280,Rural,2017,27.404093886502483,37.52872374000003,21.091465560000017,3248
281,Zona_281,Rural,2017,23.006089945910286,30.545708880000007,18.100698060000013,8135
282,Zona_282,Rural,2017,23.948702193408497,34.907102399999985,9.876941940000052,16679
283,Zona_283,Rural,2017,24.032542704140646,33.96372888000002,19.84388826000003,4608
284,Zona_284,Rural,2017,26.99003384125882,34.24400652000003,21.111973680000006,2272
285,Zona_285,Rural,2017,21.332662008402938,28.41286439999999,16.497646680000003,3425
286,Zona_286,Rural,2017,20.510818256503562,27.71558832000005,9.008764860000042,5783
287,Zona_287,Rural,2017,26.081490895928123,30.22783302000005,21.62809470000002,3227
288,Zona_288,Rural,2017,19.687654865654604,25.760480880000046,5.300213159999998,2345
289,Zona_289,Rural,2017,25.275661897218793,34.790889719999996,20.260886700000015,7414
290,Zona_290,Rural,2017,21.136349045485733,25.712628600000016,12.970250039999996,1925
291,Zona_291,Rural,2017,24.92610405509338,28.255635480000024,21.149571900000012,2303
292,Zona_292,Rural,2017,32.73139656858371,39.66498624000002,25.95189000000005,4194
293,Zona_293,Rural,2017,24.042944922036405,30.579889080000044,17.229102959999977,3133
294,Zona_294,Rural,2017,28.114706645943418,31.167788520000045,25.336646400000006,424
295,Zona_295,Rural,2017,12.646857739687926,27.609629700000028,1.0516143000000397,6921
296,Zona_296,Rural,2017,16.112667240583676,22.30144464,6.209406479999984,5654
297,Zona_297,Rural,2017,23.89970426453127,26.912353619999976,20.75991762000001,1152
298,Zona_298,Rural,2017,20.103717903482867,23.976274439999997,14.01274613999999,3411
299,Zona_299,Rural,2017,20.082679745410584,30.757626120000054,14.27251566000001,7441
300,Zona_300,Rural,2017,18.239907227743323,27.086672640000018,6.134210040000028,15567
301,Zona_301,Rural,2017,24.575278585447172,33.334813199999985,18.743285819999983,4428
302,Zona_302,Rural,2017,27.430114093488037,33.55014846000006,21.498209940000038,2629
303,Zona_303,Rural,2017,29.49973814683232,34.907102399999985,25.076876879999986,966
304,Zona_304,Rural,2017,25.452595434944534,36.79726746000006,19.061161680000055,7299
305,Zona_305,Rural,2017,20.531975157605903,40.69039224000005,5.833424280000031,19172
306,Zona_306,Rural,2017,19.34544358633655,24.639370320000012,6.072685680000006,5533
307,Zona_307,Rural,2017,22.957688998699982,38.656670340000005,16.340417760000037,8169
308,Zona_308,Rural,2017,20.750679986705446,25.992906240000025,14.798890740000047,4644
309,Zona_309,Rural,2017,26.92332554986468,35.54627214000004,23.477243520000002,1995
310,Zona_310,Rural,2017,20.779581688844605,25.91770980000001,16.69589184000006,2207
311,Zona_311,Rural,2017,21.18745929699697,27.650645940000004,12.843783300000041,1312
312,Zona_312,Rural,2017,19.07740785346632,23.29950647999999,14.23833546000003,2908
313,Zona_313,Rural,2017,18.207434142672792,22.899598140000023,8.31148877999999,2185
314,Zona_314,Rural,2017,20.23863112753878,28.52224104000004,13.359904320000055,9158
315,Zona_315,Rural,2017,16.156089180215783,25.459695119999992,2.5657971599999883,10289
316,Zona_316,Rural,2017,17.816688325394487,25.21359768000002,4.579010939999989,10774
317,Zona_317,Rural,2017,18.008720532854674,23.25165420000002,11.261240040000018,3440
318,Zona_318,Rural,2017,20.02074302847599,26.584223700000052,16.265221320000023,2185
319,Zona_319,Rural,2017,20.393043431816004,37.40567501999999,6.7665437400000314,22759
320,Zona_320,Rural,2017,25.27515493433073,32.049637680000046,21.46402974,1143
321,Zona_321,Rural,2017,21.866910962511646,26.63891202000002,16.883882940000035,1935
322,Zona_322,Rural,2017,23.415401858495905,30.68242968000004,18.753539880000005,1702
323,Zona_323,Rural,2017,23.39735031132044,31.91291688000001,18.83899038000004,3408
324,Zona_324,Rural,2017,20.41357181116196,28.25905350000005,12.816439140000057,3279
325,Zona_325,Rural,2017,24.180295894610797,34.411489500000016,20.05580550000002,1503
326,Zona_326,Rural,2017,30.025851390931695,34.50377604000005,27.613047720000054,805
327,Zona_327,Rural,2017,29.541871764827604,34.30553087999999,25.808333160000018,58
328,Zona_328,Rural,2017,33.66170470695654,36.02137692000002,29.561319120000007,207
329,Zona_329,Rural,2017,33.19955332790324,39.78119892000001,28.44362658,372
330,Zona_330,Rural,2017,29.24171600434165,34.66784100000001,23.85322572000001,843
331,Zona_331,Rural,2017,28.27079262049632,33.874860360000014,23.508005700000012,2297
0,Zona_0,Urbano,2017,34.44257030898307,40.52632728000003,30.890928900000006,236
1,Zona_1,Urbano,2017,31.508001102121913,40.84078512000002,26.385978539999996,443
2,Zona_2,Urbano,2017,38.32281292702705,41.032194240000024,32.56917672000003,74
3,Zona_3,Urbano,2017,35.0047303619355,37.26553620000004,33.12631398000002,279
4,Zona_4,Urbano,2017,33.77432431308272,39.89057556,26.498773200000016,133
5,Zona_5,Urbano,2017,34.36477960636366,36.79726746000006,30.56621700000005,374
6,Zona_6,Urbano,2017,38.8052670542794,40.10249280000005,36.065811180000026,451
7,Zona_7,Urbano,2017,32.04692683655174,36.735743100000036,24.075397020000025,319
8,Zona_8,Urbano,2017,35.41441699200001,36.472555560000046,34.30211286000002,85
9,Zona_9,Urbano,2017,28.291921664763798,34.886594280000054,25.080294900000013,1016
10,Zona_10,Urbano,2017,31.45252625926831,34.40465346000002,25.572489780000012,410
11,Zona_11,Urbano,2017,26.694973591650314,32.367513540000004,21.590496480000013,1018
12,Zona_12,Urbano,2017,32.24915496022559,35.45398560000001,28.82302679999998,532
13,Zona_13,Urbano,2017,37.28977747659576,40.18452528,32.96224902000006,423
14,Zona_14,Urbano,2017,34.81465538957748,38.33537646000002,30.79864236000003,426
15,Zona_15,Urbano,2017,38.54060392662164,43.90674906000004,31.875318660000005,444
16,Zona_16,Urbano,2017,36.36155471801506,42.09861648000003,33.53989439999998,665
17,Zona_17,Urbano,2017,38.31846187190603,43.90674906000004,30.825986520000015,1149
18,Zona_18,Urbano,2017,32.05792724664733,34.99597091999999,28.303487760000053,689
19,Zona_19,Urbano,2017,34.26625745459343,37.39883898000005,27.10034472000001,455
20,Zona_20,Urbano,2017,34.398013857931055,36.37001496000005,30.839658600000007,261
21,Zona_21,Urbano,2017,27.814209279317428,33.16733022000005,21.90495432,293
22,Zona_22,Urbano,2017,32.531449065862574,35.94276246000004,26.54662547999999,713
23,Zona_23,Urbano,2017,28.296121578122463,33.23910864000004,22.57830425999998,490
24,Zona_24,Urbano,2017,35.14849273817145,41.20651326000001,30.942199200000005,350
25,Zona_25,Urbano,2017,37.883992365245916,42.09861648000003,31.12677228000001,366
26,Zona_26,Urbano,2017,36.976781452293594,38.87200560000002,35.20447014000001,327
27,Zona_27,Urbano,2017,35.87051552635516,38.66008836000003,30.285939360000043,321
28,Zona_28,Urbano,2017,35.75446546715955,38.71135866000003,32.50081632000001,257
29,Zona_29,Urbano,2017,37.017568756304364,38.820735300000024,35.71375512000003,276
30,Zona_30,Urbano,2017,34.743705551558094,39.326602260000016,26.57396964000003,353
31,Zona_31,Urbano,2017,37.094078778139554,40.635703920000026,34.54137426,258
32,Zona_32,Urbano,2017,32.70176816603176,36.64003853999998,27.773694660000046,567
33,Zona_33,Urbano,2017,28.906781486988436,34.97204478000003,23.350776780000047,518
34,Zona_34,Urbano,2017,27.87475411800002,32.661463260000005,22.492853760000003,360
35,Zona_35,Urbano,2017,33.05135568073773,36.48622764000004,29.940719339999987,244
36,Zona_36,Urbano,2017,36.471811383493694,38.36613864000003,33.888532440000006,395
37,Zona_37,Urbano,2017,31.287864250791966,37.66886255999998,21.498209940000038,745
38,Zona_38,Urbano,2017,37.05396076200001,39.89057556,29.66044169999998,140
39,Zona_39,Urbano,2017,36.21779823533599,37.901287920000016,33.071625659999995,253
40,Zona_40,Urbano,2017,36.788333665236074,47.13335993999999,32.23079274000003,466
41,Zona_41,Urbano,2017,32.111764724167706,37.658608500000014,28.221455279999986,811
42,Zona_42,Urbano,2017,33.628738211421705,35.744517299999984,29.940719339999987,415
43,Zona_43,Urbano,2017,28.48782989270272,30.26201322000003,24.488977439999985,74
44,Zona_44,Urbano,2017,37.49212023789476,41.606421599999976,33.30746904,646
45,Zona_45,Urbano,2017,35.66476350000002,38.40715488000001,33.211764480000056,690
46,Zona_46,Urbano,2017,27.994170844390265,33.184420320000015,24.776091120000046,738
47,Zona_47,Urbano,2017,33.300022049565236,35.84363988000001,31.478828340000007,207
48,Zona_48,Urbano,2017,34.29868133003955,35.67273888,32.610192960000006,253
49,Zona_49,Urbano,2017,32.7897880006154,36.58535022000001,26.939697780000017,195
50,Zona_50,Urbano,2017,37.19569184481484,40.198197359999995,33.60141876,486
51,Zona_51,Urbano,2017,30.870149107430702,35.836803840000016,27.223393439999995,541
52,Zona_52,Urbano,2017,28.34125477111113,30.808896419999996,23.40888312000004,81
53,Zona_53,Urbano,2017,35.31200055021899,37.757731079999985,33.11605992,274
54,Zona_54,Urbano,2017,39.419469467490366,42.765130380000016,34.18590018000003,259
55,Zona_55,Urbano,2017,36.54053230469389,41.41501248000003,29.957809440000005,490
56,Zona_56,Urbano,2017,35.01808689364488,39.459905040000024,28.34450400000003,321
57,Zona_57,Urbano,2017,36.1479527457447,38.85833352000003,32.81527416000006,282
58,Zona_58,Urbano,2017,28.293146058461552,30.337209659999985,26.21507754000004,78
59,Zona_59,Urbano,2017,32.27952683794522,37.62101028000001,23.90449602000001,438
60,Zona_60,Urbano,2017,29.763563552939026,33.96372888000002,27.083254620000048,541
61,Zona_61,Urbano,2017,34.985900907230786,36.769923300000016,32.36067750000001,260
62,Zona_62,Urbano,2017,32.06598779628868,39.00530838000003,26.597895780000044,388
63,Zona_63,Urbano,2017,38.98147648687501,40.61519580000004,34.71911130000001,544
64,Zona_64,Urbano,2017,37.45809065652633,43.780282320000026,31.461738240000045,1140
65,Zona_65,Urbano,2017,34.27264130165977,38.184983579999994,29.011017900000013,241
66,Zona_66,Urbano,2017,33.83362649325844,37.344150660000025,30.757626120000054,267
67,Zona_67,Urbano,2017,35.41771048451614,36.79384944000003,31.25665704000005,186
68,Zona_68,Urbano,2017,27.071349304562233,32.25471888000004,21.197424179999985,1302
69,Zona_69,Urbano,2017,31.102423366037755,37.046782920000055,25.64085018000003,477
70,Zona_70,Urbano,2017,33.87683986079138,35.58387035999999,30.39531599999998,278
71,Zona_71,Urbano,2017,29.492629755633825,33.92613066000001,26.604731819999984,852
72,Zona_72,Urbano,2017,33.80472297801138,37.98673842000005,29.55448308000001,352
73,Zona_73,Urbano,2017,36.25093297224082,39.15911928000003,34.33971108000003,299
74,Zona_74,Urbano,2017,34.80955609135924,36.59560428000003,32.630701079999994,412
75,Zona_75,Urbano,2017,37.15894978040818,40.246049640000024,30.81915048000002,392
76,Zona_76,Urbano,2017,28.434643131782625,35.31726480000003,24.28389623999999,460
77,Zona_77,Urbano,2017,31.479853746000018,34.349965139999995,26.861083320000034,120
78,Zona_78,Urbano,2017,33.79509266560978,37.28604432000003,30.190234799999985,246
79,Zona_79,Urbano,2017,35.94203696098657,41.329561979999994,27.85230912000003,669
80,Zona_80,Urbano,2017,35.44188327733335,38.15763942000001,32.220538680000004,405
81,Zona_81,Urbano,2017,33.165768428089905,35.231814299999996,29.677531799999997,267
82,Zona_82,Urbano,2017,31.430429985798835,34.886594280000054,26.05101258000002,169
83,Zona_83,Urbano,2017,33.297266484410976,38.06193486000001,27.073000560000025,730
84,Zona_84,Urbano,2017,31.88045158313795,37.316806499999984,24.485559420000016,580
85,Zona_85,Urbano,2017,36.42266617925503,38.15763942000001,32.8221102,349
86,Zona_86,Urbano,2017,36.25272187137933,38.362720620000005,33.95005680000003,174
87,Zona_87,Urbano,2017,37.65711185218937,40.160599140000045,33.46811597999999,338
88,Zona_88,Urbano,2017,25.975350046363655,29.68778586000002,21.716963220000025,66
89,Zona_89,Urbano,2017,32.83813060180931,36.81435756000002,29.253697320000015,409
90,Zona_90,Urbano,2017,30.739750799189206,36.86562786000002,26.211659520000012,148
91,Zona_91,Urbano,2017,36.19778881993848,38.05851684000004,34.48668594000003,325
92,Zona_92,Urbano,2017,33.89358410825037,38.86175154,29.19559098000002,703
93,Zona_93,Urbano,2017,33.73201684591306,39.39496266000003,28.85037096000002,345
94,Zona_94,Urbano,2017,36.1816554506587,37.74405899999999,34.343129100000056,167
95,Zona_95,Urbano,2017,35.48572435714288,37.033110840000006,32.71615158000003,364
96,Zona_96,Urbano,2017,36.61952079177467,39.91450170000002,32.84603634000001,355
97,Zona_97,Urbano,2017,34.0452371238037,36.83144765999998,30.333791640000015,326
98,Zona_98,Urbano,2017,36.16996863750001,38.75237490000001,33.970564920000015,408
99,Zona_99,Urbano,2017,35.58145866060915,37.91154198000004,29.817670620000058,394
100,Zona_100,Urbano,2017,36.05107133144315,39.60004386000003,32.17610442,589
101,Zona_101,Urbano,2017,32.5593573215029,35.01306102000001,30.41924214000005,173
102,Zona_102,Urbano,2017,25.92629598590812,28.80251868000005,22.629574560000037,457
103,Zona_103,Urbano,2017,33.893776325384636,37.145905500000026,28.361594100000048,234
104,Zona_104,Urbano,2017,30.35948950596332,36.83486568000001,24.201863760000037,218
105,Zona_105,Urbano,2017,24.650142261818203,31.13019029999998,19.77552786000001,396
106,Zona_106,Urbano,2017,33.078080806275686,35.512091940000005,29.83134270000005,341
107,Zona_107,Urbano,2017,32.43115525752214,37.69962473999999,28.009538040000052,226
108,Zona_108,Urbano,2017,39.74501597390627,42.87792504000004,35.891492159999984,256
109,Zona_109,Urbano,2017,35.28952625307694,38.509695480000005,32.329915320000055,182
110,Zona_110,Urbano,2017,37.109258763083524,41.24069345999999,31.888990740000054,467
111,Zona_111,Urbano,2017,36.19786018847164,38.99163629999998,33.512550239999996,458
112,Zona_112,Urbano,2017,34.38015616261099,37.55264987999999,31.08575603999998,383
113,Zona_113,Urbano,2017,33.96906896960214,38.19181962000005,30.03300588000002,377
114,Zona_114,Urbano,2017,34.05298893789476,37.38858492000003,28.911895319999985,323
115,Zona_115,Urbano,2017,35.666455377067685,37.64835444000005,32.986175160000016,266
116,Zona_116,Urbano,2017,29.68464555412502,34.12779383999998,27.230229480000048,480
117,Zona_117,Urbano,2017,36.751507243965534,39.55902762000005,32.415365820000034,116
118,Zona_118,Urbano,2017,36.06775786688743,39.46332305999999,31.625803200000007,302
119,Zona_119,Urbano,2017,35.17693457088002,37.17324966000001,31.99153134000005,375
120,Zona_120,Urbano,2017,27.894629436660466,37.79874732000002,22.54412406000006,1072
121,Zona_121,Urbano,2017,35.717435134457574,40.64937600000002,27.148196999999982,848
122,Zona_122,Urbano,2017,30.428508616352477,35.00280696000004,22.03825710000001,488
123,Zona_123,Urbano,2017,26.138854845856095,30.35771778000003,20.12416589999998,403
124,Zona_124,Urbano,2017,33.765619896095636,36.069229199999995,30.82940454000004,251
125,Zona_125,Urbano,2017,33.389224739460175,38.311450320000006,25.90403772000002,778
126,Zona_126,Urbano,2017,36.00650821474862,39.89399358000003,28.959747600000014,537
127,Zona_127,Urbano,2017,37.506599828727296,43.520512800000006,29.345983860000047,550
128,Zona_128,Urbano,2017,34.85986413556888,39.79828902000003,28.515404999999987,501
129,Zona_129,Urbano,2017,34.659927765818196,38.21232773999998,29.332311780000055,495
130,Zona_130,Urbano,2017,34.41523564992002,38.147385360000044,29.25027929999999,250
131,Zona_131,Urbano,2017,34.7966647158768,38.950620060000006,31.04815782000003,422
132,Zona_132,Urbano,2017,34.350125096601,37.576576020000005,31.776196079999977,406
133,Zona_133,Urbano,2017,35.44686172673686,37.25186412000005,34.172228099999984,95
134,Zona_134,Urbano,2017,28.86783476352002,32.65462722000001,25.09054895999998,375
135,Zona_135,Urbano,2017,33.81280284730771,39.210389580000026,27.906997440000055,468
136,Zona_136,Urbano,2017,35.00175360792454,37.12539737999998,31.475410320000037,159
137,Zona_137,Urbano,2017,34.35615511747128,37.641518399999995,31.85139251999999,783
138,Zona_138,Urbano,2017,33.08109094615387,38.325122400000055,28.717068180000012,156
139,Zona_139,Urbano,2017,35.79949509400653,37.86027167999998,32.86654446,307
140,Zona_140,Urbano,2017,36.33061701821658,38.34221250000002,33.17074824000002,471
141,Zona_141,Urbano,2017,34.07523156114834,38.92327590000002,26.69018232000002,418
142,Zona_142,Urbano,2017,35.91698750784643,38.424244980000026,32.70247949999998,599
143,Zona_143,Urbano,2017,33.65546042756759,35.63855868000002,31.55060676000005,74
144,Zona_144,Urbano,2017,33.26034028248177,36.14100761999998,29.11355850000001,411
145,Zona_145,Urbano,2017,36.88438654180647,40.91598155999998,31.017395640000018,465
146,Zona_146,Urbano,2017,32.11844580785944,36.209368020000056,29.219517119999978,313
147,Zona_147,Urbano,2017,30.950367503386598,35.85047592000001,24.533411699999988,626
148,Zona_148,Urbano,2017,36.54946101000002,37.97990238,33.621926880000046,236
149,Zona_149,Urbano,2017,24.81639248000002,29.387000100000023,20.57876256000003,306
150,Zona_150,Urbano,2017,39.80368564030987,45.766151939999986,30.532036800000014,710
151,Zona_151,Urbano,2017,27.706339117785944,32.16243234000001,24.769255079999994,1364
152,Zona_152,Urbano,2017,34.67134057796097,37.90812396000001,29.25027929999999,461
153,Zona_153,Urbano,2017,34.083050190258646,37.785075240000026,28.43679054000006,232
154,Zona_154,Urbano,2017,35.51281900048902,38.64983430000001,29.34256584000002,409
155,Zona_155,Urbano,2017,37.04150604789101,42.28660758000001,31.352361599999995,844
156,Zona_156,Urbano,2017,34.540119486868434,38.16789348000003,30.99346950000006,760
157,Zona_157,Urbano,2017,26.312643220837707,30.938781179999978,23.108097359999988,191
158,Zona_158,Urbano,2017,34.35230163725375,38.3763927,29.315221680000036,670
159,Zona_159,Urbano,2017,33.84247985216329,37.39200294,29.29129554000002,245
160,Zona_160,Urbano,2017,29.761727245781266,34.06285146000005,27.83863703999998,256
161,Zona_161,Urbano,2017,34.504466549090935,36.851955780000026,32.12141610000003,396
162,Zona_162,Urbano,2017,35.13635301544486,39.38470860000001,30.44316828000001,281
163,Zona_163,Urbano,2017,35.354803171400796,40.99459602000002,28.720486199999982,1542
164,Zona_164,Urbano,2017,34.39963719916669,36.869045880000044,32.692225440000016,216
165,Zona_165,Urbano,2017,34.431054717931055,39.94526388000003,29.68436784000005,290
166,Zona_166,Urbano,2017,31.977558055172434,35.79236958000001,26.912353619999976,522
167,Zona_167,Urbano,2017,32.522502731794894,35.70350106000001,28.91531334000001,351
168,Zona_168,Urbano,2017,35.2392480265574,37.12881540000001,33.43393578000001,183
169,Zona_169,Urbano,2017,30.186638412451472,37.39883898000005,27.404548500000033,824
170,Zona_170,Urbano,2017,35.20273771890413,37.25870015999999,32.01203945999998,219
171,Zona_171,Urbano,2017,28.632775465105873,33.529640340000014,25.70921057999999,803
172,Zona_172,Urbano,2017,25.217212137931053,30.959289300000023,22.03825710000001,174
173,Zona_173,Urbano,2017,32.18282789047906,34.784053680000056,25.23410580000001,334
174,Zona_174,Urbano,2017,32.794499205724925,35.149781820000044,30.497856599999977,269
175,Zona_175,Urbano,2017,32.81957920941179,35.512091940000005,29.352819899999986,289
176,Zona_176,Urbano,2017,38.46535730891568,43.79737241999999,34.99938894000002,747
177,Zona_177,Urbano,2017,34.316001384538275,37.610756219999985,32.24788283999999,379
178,Zona_178,Urbano,2017,36.07832320472728,41.57565942000002,27.431892660000017,495
179,Zona_179,Urbano,2017,37.241718078690766,39.63764207999998,34.94811864000002,443
180,Zona_180,Urbano,2017,32.91549810200002,36.19569594000001,28.108660620000023,270
181,Zona_181,Urbano,2017,36.39909517129749,38.913021840000056,32.55892266000001,632
182,Zona_182,Urbano,2017,36.281294670459204,40.20845142000002,30.655085520000057,392
183,Zona_183,Urbano,2017,35.647269486822765,37.65177246000002,32.54183255999999,299
184,Zona_184,Urbano,2017,32.00200734935067,34.51744812000004,25.23752381999998,385
185,Zona_185,Urbano,2017,39.20181414760002,43.47949656000003,33.037445460000015,450
186,Zona_186,Urbano,2017,29.0433171777515,34.71911130000001,25.510965420000048,676
187,Zona_187,Urbano,2017,34.47432564064867,37.59024810000005,30.200488860000007,185
188,Zona_188,Urbano,2017,37.590755920114304,39.67524030000004,33.591164700000036,350
189,Zona_189,Urbano,2017,28.933636523164576,33.78257382000004,25.93479990000003,158
190,Zona_190,Urbano,2017,33.67679048307694,39.79828902000003,24.31124040000003,663
191,Zona_191,Urbano,2017,31.26988665786409,35.61463254,27.71900634000002,618
192,Zona_192,Urbano,2017,37.94961468092547,40.92281760000003,34.07652354000004,389
193,Zona_193,Urbano,2017,32.221246605362154,42.522450960000015,24.95041014000003,787
194,Zona_194,Urbano,2017,33.06268461987807,38.68401449999999,25.712628600000016,492
195,Zona_195,Urbano,2017,38.01526574076925,41.23043940000002,33.61850886000002,208
196,Zona_196,Urbano,2017,36.033700323433756,38.41399092000006,33.68003322000004,332
197,Zona_197,Urbano,2017,34.05359863818184,36.42812130000004,32.32307928,99
198,Zona_198,Urbano,2017,27.490872200733612,33.74839362,23.087589240000057,1554
199,Zona_199,Urbano,2017,35.17523663883835,44.20411680000001,28.55300322000005,1033
200,Zona_200,Urbano,2017,30.470772036455717,34.37389128000001,26.3278722,79
201,Zona_201,Urbano,2017,33.471673730377375,37.132233420000034,27.650645940000004,318
202,Zona_202,Urbano,2017,34.40519994575583,38.14396734000002,30.238087080000014,344
203,Zona_203,Urbano,2017,39.697527515583616,41.917461419999995,37.07754510000001,317
204,Zona_204,Urbano,2017,34.769799634964045,38.82415332000005,30.316701540000054,417
205,Zona_205,Urbano,2017,31.885774969704165,36.15809772,26.550043500000015,169
206,Zona_206,Urbano,2017,36.864806938165955,39.23431572000004,33.10580586000003,458
207,Zona_207,Urbano,2017,34.325419107204056,38.74895688000004,30.446586300000035,397
208,Zona_208,Urbano,2017,33.02939609688313,35.22839628000003,30.98321543999998,231
209,Zona_209,Urbano,2017,34.460251903668656,36.36659694000002,32.72982366000002,169
210,Zona_210,Urbano,2017,34.720577362500016,37.456945320000045,30.251759160000006,408
211,Zona_211,Urbano,2017,36.26033717286346,38.41399092000006,33.88169640000001,227
212,Zona_212,Urbano,2017,32.629441809473704,39.770944859999986,27.319098000000054,133
213,Zona_213,Urbano,2017,32.969271279015835,39.46332305999999,26.46117498000001,569
214,Zona_214,Urbano,2017,35.36372831120595,40.18794330000003,30.86358474000002,539
215,Zona_215,Urbano,2017,35.811826975333354,37.38174888000003,33.70395936,270
216,Zona_216,Urbano,2017,29.432867723225826,34.37047326000004,23.829299579999997,279
217,Zona_217,Urbano,2017,32.297133400909104,36.05555712,27.842055060000007,264
218,Zona_218,Urbano,2017,29.05737142675081,36.117081480000024,21.781905600000016,634
219,Zona_219,Urbano,2017,29.33902097941408,34.907102399999985,21.583660440000017,512
220,Zona_220,Urbano,2017,32.27310191311873,35.78895155999999,26.81664906000003,497
221,Zona_221,Urbano,2017,26.722106112812053,32.329915320000055,20.889802379999992,665
222,Zona_222,Urbano,2017,31.629682381428587,37.52188769999998,25.302466200000026,630
223,Zona_223,Urbano,2017,37.80022390464002,41.03903028000002,34.25426058000005,125
224,Zona_224,Urbano,2017,33.8229026895868,38.02775466000003,26.03050446000003,363
225,Zona_225,Urbano,2017,35.967849683129785,38.161057440000036,32.17268640000003,262
226,Zona_226,Urbano,2017,36.04459072308233,40.751916600000015,32.46663612000003,571
227,Zona_227,Urbano,2017,29.289627749165142,33.35873934000006,26.98413204000002,539
228,Zona_228,Urbano,2017,34.893324378107685,38.79680916000001,30.634577400000012,613
229,Zona_229,Urbano,2017,34.2635862888889,37.03652886000003,29.776654380000025,243
230,Zona_230,Urbano,2017,36.39393188700811,40.30073795999999,32.04621966000002,371
231,Zona_231,Urbano,2017,36.48024847204987,39.72651059999998,32.88363456000002,722
232,Zona_232,Urbano,2017,34.26599729105962,37.40567501999999,31.301091300000053,302
233,Zona_233,Urbano,2017,28.30250160857144,35.15319984000001,23.008974780000017,357
234,Zona_234,Urbano,2017,33.35304011374724,37.641518399999995,26.963623920000032,451
235,Zona_235,Urbano,2017,37.51750296727274,41.98923983999998,33.52622231999999,396
236,Zona_236,Urbano,2017,31.362955573591183,36.30849060000003,27.93434160000004,181
237,Zona_237,Urbano,2017,34.659349245530166,36.62978448000001,31.482246359999976,481
238,Zona_238,Urbano,2017,24.62769208500002,29.39041812000005,22.13737967999998,156
239,Zona_239,Urbano,2017,35.042715074794536,40.28022984000006,29.356237920000012,438
240,Zona_240,Urbano,2017,36.01468199091745,37.74064098000002,32.26155491999998,218
241,Zona_241,Urbano,2017,36.60214026480919,38.755792919999976,31.748851919999993,262
242,Zona_242,Urbano,2017,38.543271564837234,40.07856665999998,34.92761052000003,215
243,Zona_243,Urbano,2017,37.25593864993904,39.92133774000001,33.60483678000003,328
244,Zona_244,Urbano,2017,34.65592770699031,38.882259660000045,31.95051510000002,103
245,Zona_245,Urbano,2017,35.61560503104604,39.083922840000014,31.31134536000002,717
246,Zona_246,Urbano,2017,31.68376305342859,35.477911740000025,28.077898440000013,140
247,Zona_247,Urbano,2017,27.401403013156166,34.049179380000055,21.72038124000005,602
248,Zona_248,Urbano,2017,26.868864369656137,32.722987620000026,22.250174340000058,727
249,Zona_249,Urbano,2017,31.394563903722414,36.48622764000004,26.163807239999983,317
250,Zona_250,Urbano,2017,34.82967525221054,37.40225700000002,29.909957159999976,380
251,Zona_251,Urbano,2017,32.93627374761672,35.12243766000006,27.021730260000027,407
252,Zona_252,Urbano,2017,34.661848915555574,36.294818520000035,32.98959318000004,243
253,Zona_253,Urbano,2017,34.978138444615404,37.44327324000005,30.45342234000003,221
254,Zona_254,Urbano,2017,34.823691832360765,40.919399580000004,26.526117360000057,754
255,Zona_255,Urbano,2017,35.655622180622586,37.463781359999984,32.92806882000002,257
256,Zona_256,Urbano,2017,34.44724923954547,38.41740894000003,30.10136627999998,264
257,Zona_257,Urbano,2017,38.119428851140086,40.485311040000056,34.397817420000024,614
258,Zona_258,Urbano,2017,37.26747550212768,39.95893596000002,33.871442340000044,282
259,Zona_259,Urbano,2017,37.17207073995039,39.82563318000001,32.70247949999998,403
260,Zona_260,Urbano,2017,35.16893278500002,38.72844875999999,27.25073759999998,204
261,Zona_261,Urbano,2017,25.07905755225808,28.563257280000016,21.997240860000034,279
262,Zona_262,Urbano,2017,35.90961069079648,38.00382852000001,33.10922388000006,226
263,Zona_263,Urbano,2017,35.18094612000002,38.147385360000044,32.76400386,153
264,Zona_264,Urbano,2017,33.944396937782926,36.27089238000002,30.477348480000046,433
265,Zona_265,Urbano,2017,36.42148340608698,38.30119625999998,33.91929462000002,207
266,Zona_266,Urbano,2017,33.9613418693115,38.17472952000003,26.382560520000027,305
267,Zona_267,Urbano,2017,32.81289190363638,34.59606258000002,31.663401420000014,33
268,Zona_268,Urbano,2017,33.61505467047621,37.30313441999999,30.115038360000028,378
269,Zona_269,Urbano,2017,34.596145761902676,38.885677680000015,28.68630600000006,452
270,Zona_270,Urbano,2017,38.2727306266104,42.70702404000002,30.019333800000027,829
271,Zona_271,Rural,2017,21.99982207068571,27.93775962000001,12.505399320000038,4346
272,Zona_272,Rural,2017,20.178378192363464,27.56861346000005,13.096716780000008,3863
273,Zona_273,Rural,2017,30.178318552191804,36.67763676000004,23.24823618000005,146
274,Zona_274,Rural,2017,20.995470627210498,38.051680799999986,15.54743712000004,9464
275,Zona_275,Rural,2017,19.63666904338418,25.343482440000002,16.494228660000033,3410
276,Zona_276,Rural,2017,18.810724761753008,24.646206360000008,16.521572820000017,3012
277,Zona_277,Rural,2017,26.49492342011662,36.117081480000024,20.763335640000037,3602
278,Zona_278,Rural,2017,22.934905169839336,29.120394540000007,18.343377480000015,3734
279,Zona_279,Rural,2017,19.426589884058522,25.644268200000056,16.914645120000046,1641
280,Zona_280,Rural,2017,26.245918645954454,35.24206836000002,18.900514740000006,3248
281,Zona_281,Rural,2017,22.476455667245254,30.238087080000014,17.967395280000005,8135
282,Zona_282,Rural,2017,20.893854452034315,30.86700275999999,14.310113880000017,16679
283,Zona_283,Rural,2017,22.06445895296877,30.036423900000045,17.201758799999993,4608
284,Zona_284,Rural,2017,23.741782020369733,31.718089739999982,19.59779082,2272
285,Zona_285,Rural,2017,18.446284332070093,28.190693100000033,8.957494559999986,3425
286,Zona_286,Rural,2017,19.637172226294332,26.385978539999996,15.229561260000025,5783
287,Zona_287,Rural,2017,24.01229551969013,29.451942480000014,18.58263887999999,3227
288,Zona_288,Rural,2017,19.855101406208973,24.40010891999998,16.330163700000014,2345
289,Zona_289,Rural,2017,24.890543155492328,33.266452800000025,19.778945880000038,7414
290,Zona_290,Rural,2017,18.672093346285735,24.519739619999996,9.541975980000018,1925
291,Zona_291,Rural,2017,23.577882911307007,28.546167179999998,19.27307891999999,2303
292,Zona_292,Rural,2017,30.91752979957084,37.460363340000015,23.497751640000047,4194
293,Zona_293,Rural,2017,22.12921047037346,30.24150510000004,15.031316100000026,3133
294,Zona_294,Rural,2017,26.900027788443413,29.98515359999999,23.272162320000007,424
295,Zona_295,Rural,2017,21.70623357074124,31.29425526,13.44877284000006,6921
296,Zona_296,Rural,2017,22.079781750827753,32.022293520000005,15.704666040000006,5654
297,Zona_297,Rural,2017,25.991348548593766,29.42801634,23.54902193999999,1152
298,Zona_298,Rural,2017,24.099176859525084,30.986633460000007,17.478618420000032,3411
299,Zona_299,Rural,2017,20.960578039932827,31.646311319999995,16.44637638000006,7441
300,Zona_300,Rural,2017,19.8683295072731,29.199009000000046,15.619215540000027,15567
301,Zona_301,Rural,2017,22.728482548861813,32.65462722000001,15.410716320000006,4428
302,Zona_302,Rural,2017,29.46398940785091,35.884656120000045,23.419137180000007,2629
303,Zona_303,Rural,2017,28.293484920931697,33.22885458000002,23.333686680000028,966
304,Zona_304,Rural,2017,26.734928458520365,38.755792919999976,20.06947758000001,7299
305,Zona_305,Rural,2017,21.194545284373064,39.702584460000026,15.393626219999987,19172
306,Zona_306,Rural,2017,19.20864186086754,24.817107360000023,16.805268479999995,5533
307,Zona_307,Rural,2017,22.367781173830352,35.25232242000004,16.54549896000003,8169
308,Zona_308,Rural,2017,24.48853068329459,29.328893760000028,17.967395280000005,4644
309,Zona_309,Rural,2017,28.479237379849646,36.527243880000015,22.438165440000034,1995
310,Zona_310,Rural,2017,23.74016777798824,29.53739298000005,19.04065356000001,2207
311,Zona_311,Rural,2017,26.289747729969527,32.91097872,21.330726959999993,1312
312,Zona_312,Rural,2017,22.87841182277168,26.95336986000001,19.980609060000006,2908
313,Zona_313,Rural,2017,24.51992420872313,28.99734582000002,21.816085799999996,2185
314,Zona_314,Rural,2017,21.438590161356213,31.759105980000015,12.676300319999996,9158
315,Zona_315,Rural,2017,19.913797715035493,32.09065392000002,12.761750820000032,10289
316,Zona_316,Rural,2017,20.000025215563415,27.284917800000017,12.611357940000062,10774
317,Zona_317,Rural,2017,22.890985524488396,28.693142039999998,17.81700239999998,3440
318,Zona_318,Rural,2017,23.929496841803225,31.003723560000026,18.606565020000005,2185
319,Zona_319,Rural,2017,20.621324185377233,36.643456560000004,16.466884499999992,22759
320,Zona_320,Rural,2017,27.57829336440947,33.64243499999998,23.466989460000036,1143
321,Zona_321,Rural,2017,24.267931348651185,30.56963502000002,17.625593280000032,1935
322,Zona_322,Rural,2017,26.8502689617744,34.37389128000001,20.506984139999986,1702
323,Zona_323,Rural,2017,27.190180074295792,33.72788550000001,22.581722280000008,3408
324,Zona_324,Rural,2017,23.25647632885638,30.877256820000014,15.742264260000013,3279
325,Zona_325,Rural,2017,26.46479539772457,36.363178919999996,22.486017720000007,1503
326,Zona_326,Rural,2017,31.055320801043496,35.98719672000004,28.13258675999998,805
327,Zona_327,Rural,2017,30.564213333103464,34.65416892000002,27.288335820000043,58
328,Zona_328,Rural,2017,31.50884747217393,34.10044968,27.37720434000005,207
329,Zona_329,Rural,2017,30.615419949193566,35.52918204000002,26.324454180000032,372
330,Zona_330,Rural,2017,31.672864834804294,37.21426589999999,25.722882659999982,843
331,Zona_331,Rural,2017,25.806543052006983,31.513008539999987,20.530910280000057,2297
0,Zona_0,Urbano,2018,40.991042491440695,47.38333369999998,37.66590284000006,236
1,Zona_1,Urbano,2018,37.41977453751694,49.52301422000005,31.369910000000004,443
2,Zona_2,Urbano,2018,44.345637709189205,46.82619643999999,38.83144765999998,74
3,Zona_3,Urbano,2018,43.17814001870969,45.78711836000002,40.13713130000002,279
4,Zona_4,Urbano,2018,40.07568403819551,46.05372392000004,33.24298496000006,133
5,Zona_5,Urbano,2018,41.46865115000002,43.43210257999999,35.885114420000036,374
6,Zona_6,Urbano,2018,45.41681264997784,47.01076952000005,42.07856665999998,451
7,Zona_7,Urbano,2018,37.02933679548591,41.12835710000002,27.405006800000024,319
8,Zona_8,Urbano,2018,43.66653854000001,44.64549968000006,42.307574000000045,85
9,Zona_9,Urbano,2018,32.905727984626,40.81389926000003,29.961685760000023,1016
10,Zona_10,Urbano,2018,38.682472007804904,42.43404074,31.24344326000005,410
11,Zona_11,Urbano,2018,31.114307241119864,38.41786724000002,25.039736960000027,1018
12,Zona_12,Urbano,2018,37.72221022210528,41.28558601999998,34.41878384000006,532
13,Zona_13,Urbano,2018,42.433499351489374,45.629889440000056,38.69130884000003,423
14,Zona_14,Urbano,2018,39.52698263591551,43.24752950000004,34.88363456000002,426
15,Zona_15,Urbano,2018,45.454469571216244,51.3824171,38.01795890000005,444
16,Zona_16,Urbano,2018,43.77578577596994,49.123105880000026,39.603920180000046,665
17,Zona_17,Urbano,2018,46.25087138689297,52.90001798000003,37.87440206000002,1149
18,Zona_18,Urbano,2018,39.25714741651671,43.23043940000002,35.19467438000004,689
19,Zona_19,Urbano,2018,39.22913992109891,42.91256354000001,31.732220120000022,455
20,Zona_20,Urbano,2018,38.94231722827588,42.65963006000004,35.68345124000001,261
21,Zona_21,Urbano,2018,36.00000888750855,40.43108102000002,28.62523994000003,293
22,Zona_22,Urbano,2018,39.252736601963555,43.24752950000004,33.37628774000001,713
23,Zona_23,Urbano,2018,34.87640091359186,41.059996700000056,27.5929979,490
24,Zona_24,Urbano,2018,41.629536489714305,47.79007808000006,36.93102854000006,350
25,Zona_25,Urbano,2018,45.084565828360674,49.68707918000001,37.395879260000015,366
26,Zona_26,Urbano,2018,43.90159428128442,45.84522470000002,41.65131416000003,327
27,Zona_27,Urbano,2018,42.602183898317776,47.01418754000002,36.07994156000001,321
28,Zona_28,Urbano,2018,43.11789743408561,45.947765300000015,38.89297202,257
29,Zona_29,Urbano,2018,43.830896348260886,45.110350400000016,43.01852216000003,276
30,Zona_30,Urbano,2018,42.44775155110484,47.23635883999998,32.84991266000003,353
31,Zona_31,Urbano,2018,43.7111216467442,47.2978832,39.62784632,258
32,Zona_32,Urbano,2018,40.02818869428573,44.033674099999985,34.68197138000005,567
33,Zona_33,Urbano,2018,36.35395722899616,41.36761850000005,29.40796652000006,518
34,Zona_34,Urbano,2018,33.56682336600002,38.98867658000006,26.806853300000057,360
35,Zona_35,Urbano,2018,42.00065261393444,45.455570420000015,35.53647638000001,244
36,Zona_36,Urbano,2018,44.011219006582294,45.97510946,40.889095699999984,395
37,Zona_37,Urbano,2018,38.32850322179868,45.780282320000026,26.089069100000017,745
38,Zona_38,Urbano,2018,41.66281335585716,44.765130380000016,33.94709708000005,140
39,Zona_39,Urbano,2018,43.50531305581029,45.67774172000003,39.77823920000003,253
40,Zona_40,Urbano,2018,42.25124268326182,54.909813740000004,36.65416892000002,466
41,Zona_41,Urbano,2018,38.659033627718884,43.74314240000001,34.86312644000003,811
42,Zona_42,Urbano,2018,41.23103771527713,43.43210257999999,34.86312644000003,415
43,Zona_43,Urbano,2018,35.53804682162164,38.16151574000003,30.662379859999987,74
44,Zona_44,Urbano,2018,43.896530015789494,49.177794199999994,39.17666768000004,646
45,Zona_45,Urbano,2018,42.833245661391324,45.73584806000002,40.57463786000005,690
46,Zona_46,Urbano,2018,34.56440631268294,39.77140315999998,29.96852180000002,738
47,Zona_47,Urbano,2018,40.83445691652176,43.917461419999995,38.35292486000003,207
48,Zona_48,Urbano,2018,42.70940075438737,44.01316598000005,40.72161272000005,253
49,Zona_49,Urbano,2018,37.92630337907694,41.28558601999998,31.65702368000001,195
50,Zona_50,Urbano,2018,43.03104083407409,46.22804294000002,39.02969282000004,486
51,Zona_51,Urbano,2018,38.0318268369686,44.11912460000002,33.10284614,541
52,Zona_52,Urbano,2018,35.3880245977778,37.40613331999998,28.51244528000001,81
53,Zona_53,Urbano,2018,40.175477991532865,42.79976887999999,38.05213909999998,274
54,Zona_54,Urbano,2018,47.620232839073374,51.026943019999976,40.70794064000006,259
55,Zona_55,Urbano,2018,44.205363337265325,50.13483980000001,36.28502276000006,490
56,Zona_56,Urbano,2018,40.865946866729,45.64356152000005,35.447607860000005,321
57,Zona_57,Urbano,2018,43.10100310361704,46.09132213999999,39.29629838000005,282
58,Zona_58,Urbano,2018,35.59874569307694,37.82654978000005,32.53887284000001,78
59,Zona_59,Urbano,2018,38.7445924942466,43.94138756000001,29.124270860000024,438
60,Zona_60,Urbano,2018,35.302503118151584,40.67034242,31.745892200000014,541
61,Zona_61,Urbano,2018,43.58154893138463,45.158202680000045,39.87394376000003,260
62,Zona_62,Urbano,2018,39.08981649654641,46.4604683,32.4124061,388
63,Zona_63,Urbano,2018,44.80252125687501,46.80568832000006,39.897869900000046,544
64,Zona_64,Urbano,2018,44.84705192426318,53.65198238000005,37.28308460000005,1140
65,Zona_65,Urbano,2018,40.777308008547735,45.32226764000001,35.91929462000002,241
66,Zona_66,Urbano,2018,38.991608140224734,42.77584274000003,35.676615200000015,267
67,Zona_67,Urbano,2018,43.548388765806465,45.69824984000002,37.32068282,186
68,Zona_68,Urbano,2018,32.723810823824905,39.39883898000005,25.449899360000018,1302
69,Zona_69,Urbano,2018,35.34197169471701,41.16595532000002,29.237065519999987,477
70,Zona_70,Urbano,2018,40.77987889546764,42.93648968000002,36.99255290000002,278
71,Zona_71,Urbano,2018,35.63593995964791,40.331958439999994,32.32695560000002,852
72,Zona_72,Urbano,2018,40.993714300795475,45.06249811999999,36.68493110000003,352
73,Zona_73,Urbano,2018,42.50612781063547,45.12402248000001,40.34221250000002,299
74,Zona_74,Urbano,2018,42.270523326893226,44.30027966,40.130295260000025,412
75,Zona_75,Urbano,2018,43.34526568923471,46.46388632000003,36.59264456000005,392
76,Zona_76,Urbano,2018,35.85296274056524,43.11080870000001,31.00076383999999,460
77,Zona_77,Urbano,2018,36.85329706850003,39.68595266,32.27568530000002,120
78,Zona_78,Urbano,2018,40.507250067317095,44.79931058,36.50035802000002,246
79,Zona_79,Urbano,2018,42.42761343183858,48.46684604000001,33.48908240000003,669
80,Zona_80,Urbano,2018,43.12513906533335,45.452152400000045,39.983320400000025,405
81,Zona_81,Urbano,2018,40.745065201797765,43.30221782000001,36.575554460000035,267
82,Zona_82,Urbano,2018,35.64332489869824,39.25186412000005,28.83715718000002,169
83,Zona_83,Urbano,2018,40.81637615394522,46.75783604000003,33.024231680000014,730
84,Zona_84,Urbano,2018,37.017846248000026,42.56734352000001,29.86939921999999,580
85,Zona_85,Urbano,2018,42.701175162693424,44.344713920000004,39.132233420000034,349
86,Zona_86,Urbano,2018,43.925947538620704,45.76319222000001,42.14009102,174
87,Zona_87,Urbano,2018,45.16451287076925,48.46342802000004,41.671822280000015,338
88,Zona_88,Urbano,2018,32.61039231909092,36.462759800000015,27.514383440000017,66
89,Zona_89,Urbano,2018,39.94588096332521,44.22508321999999,35.49204212000001,409
90,Zona_90,Urbano,2018,37.3720916883784,44.22166520000002,32.20390687999998,148
91,Zona_91,Urbano,2018,43.97636705083079,46.03663382000002,41.99995220000005,325
92,Zona_92,Urbano,2018,38.51726209470841,44.16697687999999,33.19513268000003,703
93,Zona_93,Urbano,2018,40.25672237078263,47.39016974000003,34.299153140000044,345
94,Zona_94,Urbano,2018,43.3094018021557,44.82323672000001,41.12493907999999,167
95,Zona_95,Urbano,2018,43.024259550714305,44.48143472000004,40.099533080000015,364
96,Zona_96,Urbano,2018,43.697764573915514,47.36624360000002,40.034590700000024,355
97,Zona_97,Urbano,2018,42.243501852085906,44.45067254000003,38.37001496000005,326
98,Zona_98,Urbano,2018,42.72625631750002,45.84180667999999,39.36807680000004,408
99,Zona_99,Urbano,2018,42.74330214857869,44.93944940000006,37.30701074000001,394
100,Zona_100,Urbano,2018,44.22366726604416,47.30130122000003,40.02433664,589
101,Zona_101,Urbano,2018,39.95516618901736,43.01852216000003,36.87975824,173
102,Zona_102,Urbano,2018,30.758121816280102,34.41194780000001,27.08713094000001,457
103,Zona_103,Urbano,2018,41.78033711153848,44.55663116000005,35.68345124000001,234
104,Zona_104,Urbano,2018,33.07434173467892,39.03994688,27.029024600000014,218
105,Zona_105,Urbano,2018,30.927794291818202,38.35634288000006,25.825881560000028,396
106,Zona_106,Urbano,2018,38.15102111554255,41.439396920000036,34.98959318000004,341
107,Zona_107,Urbano,2018,39.11565753539825,44.34129589999998,34.68538940000002,226
108,Zona_108,Urbano,2018,47.481521665156265,51.20809808000001,43.72605229999999,256
109,Zona_109,Urbano,2018,43.0500543335165,46.49123048000001,38.26063832,182
110,Zona_110,Urbano,2018,44.10356419203428,49.041073400000016,38.43837536000001,467
111,Zona_111,Urbano,2018,44.03299497375547,46.74416396000004,41.80170704,458
112,Zona_112,Urbano,2018,42.24121265086164,46.29982136000001,38.97158648000004,383
113,Zona_113,Urbano,2018,39.964507690450944,44.52586898000004,35.65268906000006,377
114,Zona_114,Urbano,2018,40.389652077894766,43.94138756000001,34.38802166000005,323
115,Zona_115,Urbano,2018,42.24696196864664,44.72753216000001,39.96964832000003,266
116,Zona_116,Urbano,2018,36.309518570000016,40.39690082000004,33.68732756000003,480
117,Zona_117,Urbano,2018,41.491610122068984,44.55663116000005,37.016479040000036,116
118,Zona_118,Urbano,2018,41.55949165582784,44.59764740000003,36.17564612000001,302
119,Zona_119,Urbano,2018,43.513086867200016,45.537602900000024,40.60198202000004,375
120,Zona_120,Urbano,2018,34.082159885223895,45.31884962000004,27.073458860000017,1072
121,Zona_121,Urbano,2018,40.634731327193414,45.22998110000003,33.41046793999999,848
122,Zona_122,Urbano,2018,36.87847648250001,42.228959540000005,27.271704020000016,488
123,Zona_123,Urbano,2018,31.850120606402005,36.15171998000005,24.848327840000024,403
124,Zona_124,Urbano,2018,41.79711790557771,44.033674099999985,37.7616074,251
125,Zona_125,Urbano,2018,41.03993230753215,45.893076980000046,32.27226728000005,778
126,Zona_126,Urbano,2018,42.82594823988829,47.318391320000046,35.362157360000026,537
127,Zona_127,Urbano,2018,44.56324347505456,50.78426360000003,34.81869218000003,550
128,Zona_128,Urbano,2018,40.38429303365272,45.81788054000003,35.52280430000002,501
129,Zona_129,Urbano,2018,39.0492756578182,42.91598155999998,34.08039986000006,495
130,Zona_130,Urbano,2018,38.88876101936002,42.782678780000026,33.249821,250
131,Zona_131,Urbano,2018,42.77317798033177,48.10111790000002,37.00622498000001,422
132,Zona_132,Urbano,2018,39.48300140842367,43.70554418000006,36.52086614000001,406
133,Zona_133,Urbano,2018,42.23468022610528,44.717278100000044,40.90276777999998,95
134,Zona_134,Urbano,2018,34.14320939552002,39.02627480000001,30.27614360000001,375
135,Zona_135,Urbano,2018,39.70835237653848,45.045408020000025,35.03060942000002,468
136,Zona_136,Urbano,2018,43.307054640754735,45.43164428,37.49841986000001,159
137,Zona_137,Urbano,2018,41.59315107126439,45.44189834000002,39.13906946000003,783
138,Zona_138,Urbano,2018,38.493677170769246,44.04051014000004,33.499336459999995,156
139,Zona_139,Urbano,2018,42.48773816820849,45.00439177999999,39.022856779999984,307
140,Zona_140,Urbano,2018,43.007346468280275,45.54785695999999,39.32706056000001,471
141,Zona_141,Urbano,2018,40.87122877727275,46.79201624000001,31.882612999999992,418
142,Zona_142,Urbano,2018,42.929762057996676,45.51025874000004,39.76798514000001,599
143,Zona_143,Urbano,2018,37.93357075756759,40.05509882000001,35.73130351999998,74
144,Zona_144,Urbano,2018,38.93002136087593,42.46822094000004,34.99984724000001,411
145,Zona_145,Urbano,2018,41.58689367122583,46.10157620000001,35.25278072000003,465
146,Zona_146,Urbano,2018,39.84604267022366,43.60983962,36.11070374000002,313
147,Zona_147,Urbano,2018,38.3645111833866,43.13131682000005,31.96464548000006,626
148,Zona_148,Urbano,2018,43.857718485677985,45.226563080000005,40.62932618000002,236
149,Zona_149,Urbano,2018,32.44657513000002,37.55652620000001,27.227269760000013,306
150,Zona_150,Urbano,2018,47.25717024909861,53.69641664000005,35.86802432000002,710
151,Zona_151,Urbano,2018,34.17457583334313,39.17324966000001,30.053972300000055,1364
152,Zona_152,Urbano,2018,40.27135346065078,43.12448078,33.91633490000004,461
153,Zona_153,Urbano,2018,41.565966789913816,46.01954372,34.463218100000006,232
154,Zona_154,Urbano,2018,42.23202656528118,46.443378199999984,34.90414268000001,409
155,Zona_155,Urbano,2018,44.699098607369685,50.84920598000002,36.787471700000026,844
156,Zona_156,Urbano,2018,41.269197513578966,45.629889440000056,36.82506992000003,760
157,Zona_157,Urbano,2018,31.2067577050262,35.27328884000002,28.66967420000003,191
158,Zona_158,Urbano,2018,42.26177253200002,47.079129920000014,36.84899605999999,670
159,Zona_159,Urbano,2018,39.715849871673484,42.54683540000002,36.48326792,245
160,Zona_160,Urbano,2018,36.2625786521094,40.913021840000056,34.23762878000002,256
161,Zona_161,Urbano,2018,42.358611253181834,44.30027966,39.04336490000003,396
162,Zona_162,Urbano,2018,44.30373417131674,48.54546049999999,37.60096046000001,281
163,Zona_163,Urbano,2018,42.024177582996124,50.76033746000002,36.30894890000002,1542
164,Zona_164,Urbano,2018,42.13596091250002,43.832010920000016,39.32364254000004,216
165,Zona_165,Urbano,2018,39.67817371793105,46.39894393999998,35.16391220000003,290
166,Zona_166,Urbano,2018,38.049742557241395,42.56734352000001,32.121874400000024,522
167,Zona_167,Urbano,2018,38.1245602246154,41.210389580000026,33.45148418000002,351
168,Zona_168,Urbano,2018,43.55548749868854,45.59229121999999,41.230897700000014,183
169,Zona_169,Urbano,2018,36.664580607135946,44.97362959999998,33.759105980000015,824
170,Zona_170,Urbano,2018,42.16470388547947,44.38914818000001,39.35098670000002,219
171,Zona_171,Urbano,2018,35.12315986689915,39.921796040000004,31.86894092,803
172,Zona_172,Urbano,2018,31.53701974793105,37.44031352000002,28.13304506000003,174
173,Zona_173,Urbano,2018,39.07823075071858,42.12300091999998,29.920669520000047,334
174,Zona_174,Urbano,2018,40.826491296505594,42.88863739999999,38.56826011999999,269
175,Zona_175,Urbano,2018,39.477051320000015,43.192841180000016,34.545250580000015,289
176,Zona_176,Urbano,2018,46.27049136240965,52.81456748000005,42.17427122000004,747
177,Zona_177,Urbano,2018,42.378802290131944,45.88624093999999,39.14248748,379
178,Zona_178,Urbano,2018,42.92506865963638,48.47026405999998,34.15559630000001,495
179,Zona_179,Urbano,2018,43.436708805598215,46.56984494000005,41.02239847999999,443
180,Zona_180,Urbano,2018,40.34378225733335,43.326143960000024,35.413427660000025,270
181,Zona_181,Urbano,2018,44.26002057632913,46.74416396000004,38.462301500000024,632
182,Zona_182,Urbano,2018,43.3088097157143,46.094740160000015,38.182023860000015,392
183,Zona_183,Urbano,2018,43.13323731284283,45.308595560000015,39.70304276000002,299
184,Zona_184,Urbano,2018,39.191627066233785,43.14840692000001,31.17850088,385
185,Zona_185,Urbano,2018,45.91702590680002,51.037197080000055,39.61759226000004,450
186,Zona_186,Urbano,2018,35.14616478846156,41.91108368000005,32.15605460000006,676
187,Zona_187,Urbano,2018,40.62367259016219,44.43016441999998,35.76890174000005,185
188,Zona_188,Urbano,2018,45.27235478222859,47.64652124000003,42.07856665999998,350
189,Zona_189,Urbano,2018,33.894918192405086,39.050200940000025,31.45877852000001,158
190,Zona_190,Urbano,2018,40.457275529230785,47.54739866,29.872817240000018,663
191,Zona_191,Urbano,2018,38.59846922233012,43.77732260000005,34.11116204000001,618
192,Zona_192,Urbano,2018,43.432981248380486,46.357927700000005,39.44327324000005,389
193,Zona_193,Urbano,2018,38.32155464594665,50.75350142000002,30.183857060000037,787
194,Zona_194,Urbano,2018,40.1597861032927,46.48439444000002,32.14580053999998,492
195,Zona_195,Urbano,2018,43.06926661076925,46.388689880000015,38.363178919999996,208
196,Zona_196,Urbano,2018,43.2516373011446,46.22804294000002,40.81389926000003,332
197,Zona_197,Urbano,2018,39.61403613818183,42.31782806000001,37.49158382000002,99
198,Zona_198,Urbano,2018,33.441986747335925,40.00382852000001,29.29858988000001,1554
199,Zona_199,Urbano,2018,42.270078353688305,52.22666804000005,35.14340407999998,1033
200,Zona_200,Urbano,2018,37.503568523037984,40.94036600000004,32.972961380000015,79
201,Zona_201,Urbano,2018,37.84628400867926,42.95357978000004,31.790326460000017,318
202,Zona_202,Urbano,2018,38.57912028238374,42.49898312000005,33.83430242000003,344
203,Zona_203,Urbano,2018,45.61352176063094,47.991741260000026,41.78461693999998,317
204,Zona_204,Urbano,2018,41.216192836978436,47.13381823999998,36.21324434000002,417
205,Zona_205,Urbano,2018,36.538279839526645,41.00530838000003,30.11207864000005,169
206,Zona_206,Urbano,2018,43.56990550423583,47.00735150000003,38.97500450000001,458
207,Zona_207,Urbano,2018,41.46250514589423,46.768090099999995,37.41980540000003,397
208,Zona_208,Urbano,2018,40.470898733506516,42.55025341999999,37.93934444000001,231
209,Zona_209,Urbano,2018,41.845028926627236,43.60983962,39.952558220000014,169
210,Zona_210,Urbano,2018,41.20277443250002,43.507299020000005,35.69712332000006,408
211,Zona_211,Urbano,2018,43.25495277691631,45.81104449999998,40.28068814000005,227
212,Zona_212,Urbano,2018,38.82252996872183,46.18360868000002,33.31134536000002,133
213,Zona_213,Urbano,2018,37.72301801427067,43.95164162000003,30.617945599999985,569
214,Zona_214,Urbano,2018,41.426200445751405,46.750999999999976,36.380727320000005,539
215,Zona_215,Urbano,2018,43.399707346000014,45.10693237999999,40.63616222000002,270
216,Zona_216,Urbano,2018,31.93824464451615,37.15319984000001,26.39327288000004,279
217,Zona_217,Urbano,2018,38.148594588636385,43.015104140000005,32.73028196000001,264
218,Zona_218,Urbano,2018,34.440984796403804,42.50581915999999,26.225789899999995,634
219,Zona_219,Urbano,2018,35.26549815769533,40.70110460000001,25.976274439999997,512
220,Zona_220,Urbano,2018,40.21449409070425,44.23191926000004,32.99688752000003,497
221,Zona_221,Urbano,2018,31.24573564634588,37.019897060000005,25.668652640000005,665
222,Zona_222,Urbano,2018,36.91645583885716,43.30221782000001,29.98219388000001,630
223,Zona_223,Urbano,2018,43.79192438144002,46.67238554000005,39.344150660000025,125
224,Zona_224,Urbano,2018,41.19018277305787,45.49316864000002,32.01933380000003,363
225,Zona_225,Urbano,2018,42.96325982137406,45.34961180000005,39.193757780000055,262
226,Zona_226,Urbano,2018,42.40427822609459,47.11672814000002,37.70350106000001,571
227,Zona_227,Urbano,2018,36.0183411030798,40.14054931999999,33.39679586,539
228,Zona_228,Urbano,2018,40.510030033344236,44.51903293999999,35.707377380000025,613
229,Zona_229,Urbano,2018,42.30300257407409,45.20605496000002,35.63901698000001,243
230,Zona_230,Urbano,2018,43.25504730140164,47.94047096000003,38.27431039999999,371
231,Zona_231,Urbano,2018,44.04024976451526,48.73345160000002,40.03800871999999,722
232,Zona_232,Urbano,2018,41.01802975245035,44.64549968000006,37.64539472000001,302
233,Zona_233,Urbano,2018,33.91447748857144,41.82563318000001,28.50902726000004,357
234,Zona_234,Urbano,2018,37.64407601605323,41.788034960000005,30.341085980000003,451
235,Zona_235,Urbano,2018,44.750802316363654,49.417055600000026,40.07218892000003,396
236,Zona_236,Urbano,2018,37.768764469502784,44.33104184000001,33.742015880000054,181
237,Zona_237,Urbano,2018,43.33764868844076,45.865732820000005,39.97648436000003,481
238,Zona_238,Urbano,2018,29.970406093076942,35.02035536000005,27.435768980000034,156
239,Zona_239,Urbano,2018,41.6498080461644,47.06887586000005,34.476890180000055,438
240,Zona_240,Urbano,2018,41.61823148935782,43.48679090000002,37.38562520000005,218
241,Zona_241,Urbano,2018,42.81169281236643,45.34619378000002,37.53601808000002,262
242,Zona_242,Urbano,2018,46.50881341079071,48.82573814,42.21870548000004,215
243,Zona_243,Urbano,2018,44.66951960713417,47.62943114000001,39.82267346000003,328
244,Zona_244,Urbano,2018,40.86503682135925,45.38379200000003,37.69324700000004,103
245,Zona_245,Urbano,2018,40.208690432803365,44.05418222000003,35.659525099999996,717
246,Zona_246,Urbano,2018,39.18919228185717,42.10249280000005,34.57943078000005,140
247,Zona_247,Urbano,2018,32.51921070833889,40.92669392000005,26.646206360000008,602
248,Zona_248,Urbano,2018,31.707066877909238,38.27089238000002,26.844451520000007,727
249,Zona_249,Urbano,2018,37.311550129337554,43.92429746000005,30.80251868000005,317
250,Zona_250,Urbano,2018,41.2737668666316,44.30369768000003,35.34506726000001,380
251,Zona_251,Urbano,2018,40.19868925233418,43.175751080000055,33.75226994000002,407
252,Zona_252,Urbano,2018,42.16246990814817,43.978985780000016,40.099533080000015,243
253,Zona_253,Urbano,2018,40.74716280615387,43.555151300000034,36.56871841999998,221
254,Zona_254,Urbano,2018,42.158464010795775,49.041073400000016,31.270787420000033,754
255,Zona_255,Urbano,2018,43.31076951984437,45.23681714000003,40.38322874000005,257
256,Zona_256,Urbano,2018,40.942994250227294,45.20947297999999,36.086777600000005,264
257,Zona_257,Urbano,2018,44.673428354820864,47.140654280000035,40.998472340000035,614
258,Zona_258,Urbano,2018,44.01731123829789,47.18167052000001,39.91837801999998,282
259,Zona_259,Urbano,2018,43.26102346977669,45.61621736000001,37.69324700000004,403
260,Zona_260,Urbano,2018,40.70660024000002,46.18702670000005,30.682887980000032,204
261,Zona_261,Urbano,2018,31.76491795290324,34.740077720000045,29.021730260000027,279
262,Zona_262,Urbano,2018,43.137487404778774,46.04005184000005,40.87884164000002,226
263,Zona_263,Urbano,2018,42.75345806000002,45.76661023999998,40.82415332000005,153
264,Zona_264,Urbano,2018,41.57737283588916,43.68845408000004,37.689828980000016,433
265,Zona_265,Urbano,2018,44.7181367330435,47.18508854000004,41.07708680000002,207
266,Zona_266,Urbano,2018,41.65219948321313,45.031735939999976,32.610651260000054,305
267,Zona_267,Urbano,2018,37.98626453272728,39.58683008000003,37.25574044000001,33
268,Zona_268,Urbano,2018,40.72277918714288,44.70360602000005,35.22201854000002,378
269,Zona_269,Urbano,2018,41.755790629734534,46.798852280000006,32.99688752000003,452
270,Zona_270,Urbano,2018,46.033747675247305,50.49031388000003,35.97740096000001,829
271,Zona_271,Rural,2018,23.383168321155104,33.65656538000002,11.367656960000033,4346
272,Zona_272,Rural,2018,22.547665921920807,31.42801634,13.230477860000008,3863
273,Zona_273,Rural,2018,36.42890735534248,42.87838334000003,29.736096439999983,146
274,Zona_274,Rural,2018,24.214440428879985,40.87884164000002,14.180687420000027,9464
275,Zona_275,Rural,2018,23.144740563812334,30.060808339999994,16.921939460000033,3410
276,Zona_276,Rural,2018,22.87281895127492,28.42357676000006,20.001575480000042,3012
277,Zona_277,Rural,2018,31.840473235380365,42.91256354000001,24.598812380000027,3602
278,Zona_278,Rural,2018,28.014328822233548,35.040863479999985,23.228186359999995,3734
279,Zona_279,Rural,2018,22.83376643115176,28.519281320000005,12.933110120000038,1641
280,Zona_280,Rural,2018,31.276608998399034,40.64641628000004,23.97673273999999,3248
281,Zona_281,Rural,2018,27.418096535105118,34.28889908000002,22.82144198000003,8135
282,Zona_282,Rural,2018,24.969035649726024,34.98959318000004,13.086921019999977,16679
283,Zona_283,Rural,2018,27.78277515281252,38.68447279999998,22.623196820000032,4608
284,Zona_284,Rural,2018,30.087732769551078,38.82802964000001,24.274100480000016,2272
285,Zona_285,Rural,2018,22.519784001173743,28.69018232000002,12.659668520000025,3425
286,Zona_286,Rural,2018,23.26840055034759,29.790784760000008,13.42188698000001,5783
287,Zona_287,Rural,2018,29.712829118853442,34.09407194000005,24.769713379999985,3227
288,Zona_288,Rural,2018,24.309897133808125,28.997804120000012,19.81700239999998,2345
289,Zona_289,Rural,2018,28.874643371559234,38.472555560000046,23.505045979999977,7414
290,Zona_290,Rural,2018,22.669243320083133,28.81664906000003,13.784197100000029,1925
291,Zona_291,Rural,2018,29.23993440087714,33.67023746000001,24.103199480000058,2303
292,Zona_292,Rural,2018,37.318542686351954,44.26268144000005,29.53785128000004,4194
293,Zona_293,Rural,2018,27.38918877511014,35.94322076000003,16.71002222000004,3133
294,Zona_294,Rural,2018,32.57926029330191,35.73472154000001,28.69018232000002,424
295,Zona_295,Rural,2018,23.349693242340717,35.09896981999998,11.319804680000061,6921
296,Zona_296,Rural,2018,24.973897455542996,33.58136894000006,10.24312838000003,5654
297,Zona_297,Rural,2018,30.126391598750022,32.71319186000005,27.093966980000005,1152
298,Zona_298,Rural,2018,27.724946899577855,35.53647638000001,20.70910562000006,3411
299,Zona_299,Rural,2018,26.652601883781767,39.33731462000003,20.982547220000015,7441
300,Zona_300,Rural,2018,23.66102950850262,34.746913759999984,15.390666500000009,15567
301,Zona_301,Rural,2018,28.03335975719514,38.739161120000006,16.73053034000003,4428
302,Zona_302,Rural,2018,33.79195485535947,40.492605379999986,27.070040840000047,2629
303,Zona_303,Rural,2018,33.84747913478263,39.94230416000005,28.502191219999986,966
304,Zona_304,Rural,2018,32.25193710870531,42.90572750000001,25.015810820000013,7299
305,Zona_305,Rural,2018,25.253071362579824,44.02342004000002,9.969686780000018,19172
306,Zona_306,Rural,2018,23.43408113895176,30.371848160000013,20.278435100000024,5533
307,Zona_307,Rural,2018,27.89643263596036,42.553671440000016,21.686659340000006,8169
308,Zona_308,Rural,2018,27.676092439186064,32.38164391999999,21.026981480000018,4644
309,Zona_309,Rural,2018,32.69075457181957,40.981382240000016,28.52269934000003,1995
310,Zona_310,Rural,2018,29.111572923443607,35.09213378000004,24.506525839999995,2207
311,Zona_311,Rural,2018,30.772702186935998,38.85879182000002,25.08417122000003,1312
312,Zona_312,Rural,2018,29.14662315929163,33.50275448000002,24.701352980000024,2908
313,Zona_313,Rural,2018,29.114073115203677,33.92317093999998,25.060245080000016,2185
314,Zona_314,Rural,2018,27.313265172557347,39.60050216000002,10.714815140000042,9158
315,Zona_315,Rural,2018,24.950890697492486,37.89832820000004,14.73440665999999,10289
316,Zona_316,Rural,2018,22.68248553985337,34.09407194000005,10.020957080000017,10774
317,Zona_317,Rural,2018,26.49099148841281,32.614069280000024,18.839448680000032,3440
318,Zona_318,Rural,2018,28.528890883780342,35.85093422,23.207678240000007,2185
319,Zona_319,Rural,2018,24.894252368133944,39.66544454000001,19.29746336000005,22759
320,Zona_320,Rural,2018,31.328241854173253,39.07070906000001,27.210179659999994,1143
321,Zona_321,Rural,2018,29.75738001776746,35.92613066000001,23.67936500000002,1935
322,Zona_322,Rural,2018,31.68999090462987,40.43791706000002,25.087589240000057,1702
323,Zona_323,Rural,2018,30.842836873661987,40.21232773999998,24.756041299999993,3408
324,Zona_324,Rural,2018,27.818512167410812,36.40465346000002,20.43224600000002,3279
325,Zona_325,Rural,2018,31.96322187353295,43.391086340000015,27.27854006000001,1503
326,Zona_326,Rural,2018,35.851312112894426,39.932050100000026,32.610651260000054,805
327,Zona_327,Rural,2018,35.3022241472414,40.19181962000005,31.602335359999984,58
328,Zona_328,Rural,2018,37.82683048695654,40.540457660000015,33.646311319999995,207
329,Zona_329,Rural,2018,36.929420600483894,42.314410039999984,31.968063500000028,372
330,Zona_330,Rural,2018,37.198582874234894,44.02000201999999,30.829862840000033,843
331,Zona_331,Rural,2018,31.739346327131056,36.74645545999999,26.87179567999999,2297
0,Zona_0,Urbano,2019,37.7114140123729,42.46434462000002,34.40807147999999,236
1,Zona_1,Urbano,2019,35.00766780108354,46.14897017999999,29.24686128000002,443
2,Zona_2,Urbano,2019,38.56600043108111,40.929653640000026,34.018417200000044,74
3,Zona_3,Urbano,2019,38.12763680000002,39.935009820000005,35.918836320000025,279
4,Zona_4,Urbano,2019,37.05528942090228,42.29686164000003,29.913375180000003,133
5,Zona_5,Urbano,2019,37.39766917636366,39.22747967999999,32.887052580000045,374
6,Zona_6,Urbano,2019,13.513002816718425,33.724467480000044,-3.3747215999999867,451
7,Zona_7,Urbano,2019,35.03809078401256,39.16595532000002,25.958726039999988,319
8,Zona_8,Urbano,2019,32.03290948800002,34.514030100000014,25.11447510000005,85
9,Zona_9,Urbano,2019,25.142996727519705,35.56678026000003,12.187523460000023,1016
10,Zona_10,Urbano,2019,34.50303407956099,37.347568679999995,28.108660620000023,410
11,Zona_11,Urbano,2019,29.174690022730864,36.298236540000005,22.896180120000054,1018
12,Zona_12,Urbano,2019,32.44603805210528,36.22645812000002,28.361594100000048,532
13,Zona_13,Urbano,2019,23.23711751446811,32.23762878000002,-9.701476619999994,423
14,Zona_14,Urbano,2019,15.052506219295791,33.07846170000005,-14.206426979999947,426
15,Zona_15,Urbano,2019,42.45134228716218,48.288650700000005,36.42812130000004,444
16,Zona_16,Urbano,2019,39.28557060036092,44.40236196000001,36.48280962000001,665
17,Zona_17,Urbano,2019,42.3276446434465,49.08846738,35.26257648000001,1149
18,Zona_18,Urbano,2019,36.21074217317854,39.25824186,32.28548106000005,689
19,Zona_19,Urbano,2019,36.33268717674727,39.53851950000001,29.896285079999984,455
20,Zona_20,Urbano,2019,29.158333252413815,35.628304619999994,22.4484195,261
21,Zona_21,Urbano,2019,31.584203680136543,36.05897514000003,26.13646308,293
22,Zona_22,Urbano,2019,30.37440998987379,34.91393844000004,25.00509846,713
23,Zona_23,Urbano,2019,34.33073354583676,39.54193752000003,26.850829260000012,490
24,Zona_24,Urbano,2019,38.22487675628573,44.176772640000024,33.413427660000025,350
25,Zona_25,Urbano,2019,41.18561290819674,45.50980044000005,34.838742000000025,366
26,Zona_26,Urbano,2019,40.634376432110116,43.23681714000003,38.95403808000003,327
27,Zona_27,Urbano,2019,32.77170239102806,37.61417424000001,26.85424727999998,321
28,Zona_28,Urbano,2019,29.97883624785994,37.06045500000005,20.346337199999994,257
29,Zona_29,Urbano,2019,40.6918783356522,41.93796954000004,39.74701872000003,276
30,Zona_30,Urbano,2019,29.893912799830044,35.58728838000002,16.53182688000004,353
31,Zona_31,Urbano,2019,28.689737268139552,35.63172264000002,2.4940187400000013,258
32,Zona_32,Urbano,2019,35.765730725714306,38.9061858,31.22931288000001,567
33,Zona_33,Urbano,2019,32.51201396467183,36.99209460000003,26.65942014000001,518
34,Zona_34,Urbano,2019,30.538692444500022,35.334354899999994,24.878631720000044,360
35,Zona_35,Urbano,2019,33.33500931590166,37.22793797999998,27.517343159999996,244
36,Zona_36,Urbano,2019,8.744954288506351,33.40317360000006,-11.116536899999971,395
37,Zona_37,Urbano,2019,36.65160475264431,43.81104449999998,25.24435986000003,745
38,Zona_38,Urbano,2019,34.82243316171431,37.90812396000001,28.139422800000034,140
39,Zona_39,Urbano,2019,37.88233344545456,39.31976622000002,34.756709520000015,253
40,Zona_40,Urbano,2019,28.068751935836932,41.41159446000006,6.264094800000009,466
41,Zona_41,Urbano,2019,35.93749424175095,40.88863739999999,32.53499652000005,811
42,Zona_42,Urbano,2019,36.52424590583135,38.57805588000002,32.30940720000001,415
43,Zona_43,Urbano,2019,30.45254474027029,32.87338050000005,27.22681146000002,74
44,Zona_44,Urbano,2019,24.341796228947384,36.332416739999985,5.050697700000001,646
45,Zona_45,Urbano,2019,38.987336529913065,40.307574000000045,36.69130884000003,690
46,Zona_46,Urbano,2019,31.70169899097563,36.29140050000001,27.93775962000001,738
47,Zona_47,Urbano,2019,35.113950402608715,37.921796040000004,32.81527416000006,207
48,Zona_48,Urbano,2019,36.03665668529646,38.32170438000003,33.215182500000026,253
49,Zona_49,Urbano,2019,34.93840795753848,37.757731079999985,29.011017900000013,195
50,Zona_50,Urbano,2019,38.2580209003704,41.469700800000055,34.95153665999999,486
51,Zona_51,Urbano,2019,33.65223416639558,38.84466143999998,30.55596294000003,541
52,Zona_52,Urbano,2019,34.14880833333335,36.66738270000002,26.505609240000013,81
53,Zona_53,Urbano,2019,-1.6452034799999806,21.918626399999994,-13.762084379999976,274
54,Zona_54,Urbano,2019,44.03552527297298,46.86675438000003,37.901287920000016,259
55,Zona_55,Urbano,2019,39.66664642114288,46.224166620000005,33.40659162000003,490
56,Zona_56,Urbano,2019,31.611343165233666,36.96475043999999,22.024585020000018,321
57,Zona_57,Urbano,2019,27.86704781617023,36.458883480000054,9.107887440000013,282
58,Zona_58,Urbano,2019,29.504790327692334,31.10968218000005,26.915771640000003,78
59,Zona_59,Urbano,2019,34.89989958616441,38.80706322000003,27.12768888000005,438
60,Zona_60,Urbano,2019,32.85305560103514,38.20890972000001,29.780072399999995,541
61,Zona_61,Urbano,2019,35.53981734069233,38.622490140000025,26.382560520000027,260
62,Zona_62,Urbano,2019,6.796927118814453,27.725842380000017,-9.766418999999985,388
63,Zona_63,Urbano,2019,9.43104112500002,33.08529773999999,-7.028584980000005,544
64,Zona_64,Urbano,2019,41.55865027310528,50.30870052,34.924192500000004,1140
65,Zona_65,Urbano,2019,30.916883159751055,36.773341319999986,22.97479457999998,241
66,Zona_66,Urbano,2019,-7.971497643370769,1.3660721400000284,-15.782134199999973,267
67,Zona_67,Urbano,2019,34.91338714645163,38.06193486000001,25.96898010000001,186
68,Zona_68,Urbano,2019,31.072049832304163,36.82802964000001,24.30098634000001,1302
69,Zona_69,Urbano,2019,30.846953242264167,37.07070906000001,26.027086440000005,477
70,Zona_70,Urbano,2019,36.97998398956837,38.90960382000003,33.83384411999998,278
71,Zona_71,Urbano,2019,33.283113641619735,38.22599982000003,30.060350040000003,852
72,Zona_72,Urbano,2019,36.72361495517048,40.23921360000003,33.91929462000002,352
73,Zona_73,Urbano,2019,-3.725497331438108,26.898681539999984,-13.157094840000013,299
74,Zona_74,Urbano,2019,36.893262385776715,39.05316066,31.803540240000018,412
75,Zona_75,Urbano,2019,18.717205978622466,36.81777557999999,-6.9123723000000155,392
76,Zona_76,Urbano,2019,32.02919643430437,35.22156024000003,27.650645940000004,460
77,Zona_77,Urbano,2019,-4.592989378499979,13.30179798000006,-15.580471020000005,120
78,Zona_78,Urbano,2019,37.72263385024392,41.51071704000003,34.606316640000045,246
79,Zona_79,Urbano,2019,33.084694860538136,39.94184586000006,24.892303800000036,669
80,Zona_80,Urbano,2019,34.282971948000025,39.20355354000003,24.861541620000025,405
81,Zona_81,Urbano,2019,36.79697302382024,39.001890360000004,32.887052580000045,267
82,Zona_82,Urbano,2019,32.89174477313612,36.65371062000003,26.21507754000004,169
83,Zona_83,Urbano,2019,36.59722432783563,40.751916600000015,30.53545482000004,730
84,Zona_84,Urbano,2019,22.2765461322414,34.54137426,-8.477825459999963,580
85,Zona_85,Urbano,2019,0.25946612905446154,19.262824860000023,-12.733260359999974,349
86,Zona_86,Urbano,2019,35.519360143448296,39.442814940000005,30.00907974000006,174
87,Zona_87,Urbano,2019,39.108415279171616,42.99755574000005,34.37389128000001,338
88,Zona_88,Urbano,2019,30.710136357272745,35.00964299999998,24.553919820000033,66
89,Zona_89,Urbano,2019,17.783632830660164,30.754208100000028,-3.6960154799999714,409
90,Zona_90,Urbano,2019,34.89975827594596,40.29731994000002,30.38847996000004,148
91,Zona_91,Urbano,2019,23.659418727507717,35.67957492000005,3.4510643400000163,325
92,Zona_92,Urbano,2019,30.66055046236133,37.76798514000001,23.83613562000005,703
93,Zona_93,Urbano,2019,32.95865266852176,39.64789614000006,28.956329579999988,345
94,Zona_94,Urbano,2019,26.23376408047906,30.39189798000001,21.918626399999994,167
95,Zona_95,Urbano,2019,37.67961429873628,39.56928168000002,25.876693560000035,364
96,Zona_96,Urbano,2019,38.52029615611269,40.82369502000006,35.92909038000005,355
97,Zona_97,Urbano,2019,34.27344762478529,37.85343564000004,28.713650160000043,326
98,Zona_98,Urbano,2019,23.766786675000017,36.065811180000026,1.2498594600000388,408
99,Zona_99,Urbano,2019,11.479628962538092,27.083254620000048,-11.389978499999984,394
100,Zona_100,Urbano,2019,39.041484842954176,42.587393340000006,34.71227526000001,589
101,Zona_101,Urbano,2019,35.79191516115609,38.000410500000044,33.06137160000003,173
102,Zona_102,Urbano,2019,27.68291145045954,30.40557006000006,24.42745308000002,457
103,Zona_103,Urbano,2019,33.81522029307695,36.48964566000001,25.719464640000012,234
104,Zona_104,Urbano,2019,30.85877128981653,36.52382585999999,25.64085018000003,218
105,Zona_105,Urbano,2019,26.947733579545474,33.06137160000003,20.40444353999999,396
106,Zona_106,Urbano,2019,1.0126428578885838,25.01877053999999,-12.928087499999947,341
107,Zona_107,Urbano,2019,22.567551108584087,34.11070374000002,0.6414518999999927,226
108,Zona_108,Urbano,2019,44.02754135273439,47.48199798000002,40.601523720000046,256
109,Zona_109,Urbano,2019,29.488639244175843,34.24400652000003,24.844451520000007,182
110,Zona_110,Urbano,2019,26.144997151349052,39.49066721999998,8.793429600000024,467
111,Zona_111,Urbano,2019,35.96740504087338,38.45158914000001,25.921127820000038,458
112,Zona_112,Urbano,2019,32.92755120861621,37.019438760000014,29.906539140000007,383
113,Zona_113,Urbano,2019,30.605265838567654,35.905164239999976,18.192984600000045,377
114,Zona_114,Urbano,2019,38.55332550000002,41.671363980000024,32.777675939999995,323
115,Zona_115,Urbano,2019,38.46842224601505,40.70064630000002,36.78017736000004,266
116,Zona_116,Urbano,2019,33.63438129037502,37.27579026000001,31.075501980000013,480
117,Zona_117,Urbano,2019,16.629535106896576,24.90255786,3.6253833600000007,116
118,Zona_118,Urbano,2019,22.55689070423843,36.294818520000035,7.928670539999985,302
119,Zona_119,Urbano,2019,36.68844681792002,39.02581650000002,33.44077182000001,375
120,Zona_120,Urbano,2019,31.92323789748136,41.192841180000016,25.55539968000005,1072
121,Zona_121,Urbano,2019,32.31591675459908,38.36613864000003,13.428264720000016,848
122,Zona_122,Urbano,2019,35.502370194590185,40.37251637999998,26.758542720000037,488
123,Zona_123,Urbano,2019,28.15066070694791,31.789868160000026,22.38005910000004,403
124,Zona_124,Urbano,2019,33.641127709482085,36.48280962000001,30.97637940000004,251
125,Zona_125,Urbano,2019,31.654381889074568,37.60050216000002,21.306800820000035,778
126,Zona_126,Urbano,2019,33.95009499016762,39.78119892000001,23.12176943999998,537
127,Zona_127,Urbano,2019,40.34207114367275,45.33548142000001,32.627283060000025,550
128,Zona_128,Urbano,2019,35.3875354706587,40.57759758000003,28.28981568000006,501
129,Zona_129,Urbano,2019,14.996086326181834,28.272725580000042,-14.483286599999985,495
130,Zona_130,Urbano,2019,29.400344050080022,33.47153400000002,23.03290092000003,250
131,Zona_131,Urbano,2019,32.570229664549785,37.316806499999984,18.69201552000004,422
132,Zona_132,Urbano,2019,15.92123885896554,32.65804523999998,-8.51200566,406
133,Zona_133,Urbano,2019,37.09096532589476,38.20207368000001,36.15809772,95
134,Zona_134,Urbano,2019,31.86105412320002,36.674218740000015,28.99392780000005,375
135,Zona_135,Urbano,2019,29.154194960000016,36.48280962000001,18.292107180000016,468
136,Zona_136,Urbano,2019,35.9032725056604,38.49602340000001,30.24492312000001,159
137,Zona_137,Urbano,2019,36.518356154942545,40.50240114000002,33.64243499999998,783
138,Zona_138,Urbano,2019,13.923417501923096,20.08656768000003,-4.998281099999986,156
139,Zona_139,Urbano,2019,8.273389547296436,28.508568960000048,-11.793304859999978,307
140,Zona_140,Urbano,2019,14.26897427197454,31.03106772000001,-7.982212559999994,471
141,Zona_141,Urbano,2019,33.75500887880385,38.9061858,22.315116719999992,418
142,Zona_142,Urbano,2019,39.03297208777965,42.143050740000035,34.14146592000003,599
143,Zona_143,Urbano,2019,30.02108899945948,35.32410084000003,22.786803480000003,74
144,Zona_144,Urbano,2019,37.218540504087606,40.82711304000003,33.17074824000002,411
145,Zona_145,Urbano,2019,32.340485454967755,40.198197359999995,2.9862136200000577,465
146,Zona_146,Urbano,2019,29.73752733316296,34.88317626000003,23.57636610000003,313
147,Zona_147,Urbano,2019,32.66495226124602,37.10488926000005,28.060808339999994,626
148,Zona_148,Urbano,2019,-2.6046532805084555,17.84434656000002,-11.851411199999973,236
149,Zona_149,Urbano,2019,28.510423180000014,32.37093156000003,24.946992120000004,306
150,Zona_150,Urbano,2019,44.18013289064791,50.599232219999976,34.51744812000004,710
151,Zona_151,Urbano,2019,32.00220638780061,35.66248482000003,28.631617679999977,1364
152,Zona_152,Urbano,2019,1.2052472553579354,18.295525200000043,-12.764022539999985,461
153,Zona_153,Urbano,2019,33.038373629224154,38.03800871999999,26.437248840000052,232
154,Zona_154,Urbano,2019,36.03865923139366,39.244569780000006,30.285939360000043,409
155,Zona_155,Urbano,2019,40.607428309052146,47.177794199999994,34.30553087999999,844
156,Zona_156,Urbano,2019,37.53836165692107,42.095198460000006,33.775737779999986,760
157,Zona_157,Urbano,2019,29.140705810680643,33.25278072000003,26.960205900000005,191
158,Zona_158,Urbano,2019,36.800578348029866,40.88863739999999,32.51790642000003,670
159,Zona_159,Urbano,2019,15.267801230693896,27.15845106000006,-5.859622139999999,245
160,Zona_160,Urbano,2019,33.24598473492189,37.491125520000026,31.448066160000053,256
161,Zona_161,Urbano,2019,38.15928801045456,39.83246922000001,35.93250840000002,396
162,Zona_162,Urbano,2019,29.737657326192192,37.456945320000045,18.439082040000017,281
163,Zona_163,Urbano,2019,38.194499507276284,45.80716818000002,33.42368171999999,1542
164,Zona_164,Urbano,2019,35.72573401416668,38.02775466000003,32.46663612000003,216
165,Zona_165,Urbano,2019,10.950094143517262,36.5990223,-8.62821833999999,290
166,Zona_166,Urbano,2019,34.65698453034484,38.26018002000001,30.494438580000008,522
167,Zona_167,Urbano,2019,37.43250306871797,40.485311040000056,32.71615158000003,351
168,Zona_168,Urbano,2019,38.11135606721313,40.020460319999984,35.806041660000005,183
169,Zona_169,Urbano,2019,33.487105901796134,40.56392549999998,30.631159379999986,824
170,Zona_170,Urbano,2019,39.87136285397262,41.57907743999999,37.53214176000006,219
171,Zona_171,Urbano,2019,32.32838721392281,36.54433398000003,29.19559098000002,803
172,Zona_172,Urbano,2019,23.973249295862086,29.00076383999999,19.601208840000027,174
173,Zona_173,Urbano,2019,34.44895468329343,37.231356000000005,27.442146719999982,334
174,Zona_174,Urbano,2019,32.55481849472121,36.93057024000001,25.99632426000005,269
175,Zona_175,Urbano,2019,36.647572376470606,40.40327855999999,31.714671720000013,289
176,Zona_176,Urbano,2019,42.380056338313274,46.79155794000002,39.19671749999998,747
177,Zona_177,Urbano,2019,36.51595268992086,39.439396920000036,34.1893182,379
178,Zona_178,Urbano,2019,38.30147246363639,45.752479859999994,31.09259208000003,495
179,Zona_179,Urbano,2019,35.34276492663659,40.08882072000006,28.740994320000027,443
180,Zona_180,Urbano,2019,32.93152481800002,36.359760900000026,28.368430139999987,270
181,Zona_181,Urbano,2019,39.3041417583228,41.305635840000036,34.332875039999976,632
182,Zona_182,Urbano,2019,40.537113225765324,43.34961180000005,36.086319300000014,392
183,Zona_183,Urbano,2019,37.332993511103695,39.476995139999985,33.707377380000025,299
184,Zona_184,Urbano,2019,33.596393826701316,36.92373420000001,26.765378760000033,385
185,Zona_185,Urbano,2019,32.755261324400024,40.68013818000003,24.054888900000037,450
186,Zona_186,Urbano,2019,32.90224658902369,39.162537300000054,29.68436784000005,676
187,Zona_187,Urbano,2019,29.08700879870272,35.04040517999999,21.505045979999977,185
188,Zona_188,Urbano,2019,40.69511887337145,43.19921892000002,38.56438380000003,350
189,Zona_189,Urbano,2019,27.320893542151914,32.67855336000002,18.74670384000001,158
190,Zona_190,Urbano,2019,34.48582499076925,39.261659880000025,26.792722920000017,663
191,Zona_191,Urbano,2019,35.54233975776701,40.21186943999999,31.246402980000028,618
192,Zona_192,Urbano,2019,23.462850931928042,31.27374714000001,-4.372783439999978,389
193,Zona_193,Urbano,2019,35.51250887763661,46.422411780000004,28.31374182000002,787
194,Zona_194,Urbano,2019,33.05115227597563,37.47061740000004,27.91725150000002,492
195,Zona_195,Urbano,2019,13.912686891057708,32.497398299999986,-9.031544699999984,208
196,Zona_196,Urbano,2019,39.54651890222893,41.99265786000001,36.87929994000001,332
197,Zona_197,Urbano,2019,20.48291989818184,29.14090266000005,10.823733479999987,99
198,Zona_198,Urbano,2019,31.278300101003882,38.048262780000016,27.462654840000027,1554
199,Zona_199,Urbano,2019,39.52274962263313,48.58943646,33.474952020000046,1033
200,Zona_200,Urbano,2019,27.88951794531647,32.11116204000001,24.41378100000003,79
201,Zona_201,Urbano,2019,34.08975493188681,38.61565410000003,29.236607219999996,318
202,Zona_202,Urbano,2019,36.312802869418626,40.91598155999998,32.347005420000016,344
203,Zona_203,Urbano,2019,21.467900620694028,38.93011194000002,-3.5968929000000003,317
204,Zona_204,Urbano,2019,33.095174752230236,37.66544454000001,28.52565906000001,417
205,Zona_205,Urbano,2019,34.2324580618935,38.56780182,27.82496495999999,169
206,Zona_206,Urbano,2019,36.679569657772944,41.70896220000003,29.626261500000055,458
207,Zona_207,Urbano,2019,36.91329072831236,41.616675660000055,32.94515892000004,397
208,Zona_208,Urbano,2019,26.24397534545456,32.65804523999998,22.756041299999993,231
209,Zona_209,Urbano,2019,28.119925928520725,34.81139784000004,18.41515590000006,169
210,Zona_210,Urbano,2019,37.28629564500002,39.21722562000002,32.7195696,408
211,Zona_211,Urbano,2019,40.0284106044053,42.143050740000035,36.380269020000014,227
212,Zona_212,Urbano,2019,24.21489335503761,36.09657335999998,7.217722380000055,133
213,Zona_213,Urbano,2019,34.3473160243234,40.79635086000002,28.28981568000006,569
214,Zona_214,Urbano,2019,36.16714691209649,41.16549702000003,31.76594202000001,539
215,Zona_215,Urbano,2019,39.33937552733335,41.30221782000001,36.61611240000002,270
216,Zona_216,Urbano,2019,29.9257854103226,34.68493110000003,24.923065980000047,279
217,Zona_217,Urbano,2019,32.95185254250001,37.93888614000002,28.484642819999976,264
218,Zona_218,Urbano,2019,32.92005210747636,40.61861382000001,25.401588779999997,634
219,Zona_219,Urbano,2019,34.43966146171877,40.488729060000026,26.00316029999999,512
220,Zona_220,Urbano,2019,34.13483619911471,37.06387302000002,29.13406662,497
221,Zona_221,Urbano,2019,28.73485216375942,33.58091064000001,23.918168100000003,665
222,Zona_222,Urbano,2019,10.583728796285733,28.857207000000017,-15.62148725999998,630
223,Zona_223,Urbano,2019,39.330758572320015,42.48827075999998,34.96520873999998,125
224,Zona_224,Urbano,2019,38.36689192264464,41.555151300000034,29.609171400000037,363
225,Zona_225,Urbano,2019,4.672223737328264,24.27706020000005,-11.304528000000005,262
226,Zona_226,Urbano,2019,21.666662655972,35.72742720000002,2.6033953800000518,571
227,Zona_227,Urbano,2019,33.49962644638221,37.76114910000001,30.918273060000047,539
228,Zona_228,Urbano,2019,15.036791623066904,31.58136894000006,-9.766418999999985,613
229,Zona_229,Urbano,2019,24.626556261481497,30.60039720000003,18.360467579999977,243
230,Zona_230,Urbano,2019,39.41692643272239,43.13427654000003,35.183962020000024,371
231,Zona_231,Urbano,2019,40.32497181648201,43.141112580000026,36.61269437999999,722
232,Zona_232,Urbano,2019,38.15160695423843,41.47995486000002,35.016479040000036,302
233,Zona_233,Urbano,2019,31.026855034285735,37.309970460000045,26.72436252,357
234,Zona_234,Urbano,2019,35.512895288381394,40.10249280000005,28.696560060000024,451
235,Zona_235,Urbano,2019,41.48445180045456,45.64652124000003,36.43495733999998,396
236,Zona_236,Urbano,2019,32.28827590508289,39.206971560000056,27.85230912000003,181
237,Zona_237,Urbano,2019,29.95241593234929,37.52872374000003,22.995302700000025,481
238,Zona_238,Urbano,2019,25.224618603461558,29.756146260000037,23.14911360000002,156
239,Zona_239,Urbano,2019,34.63608775027399,40.30415598000002,28.282979640000008,438
240,Zona_240,Urbano,2019,1.8193204067890119,17.789658239999994,-10.491039239999964,218
241,Zona_241,Urbano,2019,28.022375183816816,36.08973732000004,9.251444279999987,262
242,Zona_242,Urbano,2019,41.63739045097677,43.339357740000025,38.30461428000001,215
243,Zona_243,Urbano,2019,32.77027717719514,38.557547760000034,26.184315360000028,328
244,Zona_244,Urbano,2019,32.3830107763107,37.13565144000006,29.646769619999986,103
245,Zona_245,Urbano,2019,32.98657083037659,38.34904854000001,27.578867520000017,717
246,Zona_246,Urbano,2019,27.620396463000016,33.67319717999999,16.00886982000003,140
247,Zona_247,Urbano,2019,30.086570000730916,37.44327324000005,25.111057080000023,602
248,Zona_248,Urbano,2019,29.764411568335642,35.016479040000036,26.06468466000001,727
249,Zona_249,Urbano,2019,30.39403289470033,36.43837536000001,24.59493606000001,317
250,Zona_250,Urbano,2019,37.88015016473686,40.37935242000003,32.98275713999999,380
251,Zona_251,Urbano,2019,30.73058429100739,35.512091940000005,20.763335640000037,407
252,Zona_252,Urbano,2019,26.841151902962984,34.03892532000003,18.28868915999999,243
253,Zona_253,Urbano,2019,15.886114956923095,27.24731958000001,-0.45231449999999995,221
254,Zona_254,Urbano,2019,38.206094613342195,44.79201624000001,28.91531334000001,754
255,Zona_255,Urbano,2019,27.982180580311308,34.84216002000005,14.740784400000052,257
256,Zona_256,Urbano,2019,31.299524707500026,35.52918204000002,21.351235080000038,264
257,Zona_257,Urbano,2019,28.518238505179166,37.20742986000005,8.950658520000047,614
258,Zona_258,Urbano,2019,34.23061321468087,40.14009102,25.52805552000001,282
259,Zona_259,Urbano,2019,12.771156736079426,29.356237920000012,-4.506086219999986,403
260,Zona_260,Urbano,2019,28.74176505000002,35.775279479999995,19.232062680000013,204
261,Zona_261,Urbano,2019,29.61127856645163,32.98275713999999,26.290273980000052,279
262,Zona_262,Urbano,2019,39.842859395840726,42.80272860000002,37.460363340000015,226
263,Zona_263,Urbano,2019,39.01877940000002,42.211411139999996,37.016020740000044,153
264,Zona_264,Urbano,2019,36.14444932143188,38.14396734000002,32.04621966000002,433
265,Zona_265,Urbano,2019,39.76638750000002,42.22166520000002,37.115143320000016,207
266,Zona_266,Urbano,2019,36.031563740262314,38.87542361999999,29.872358940000026,305
267,Zona_267,Urbano,2019,-11.104211312727251,-3.542204579999975,-15.385643879999975,33
268,Zona_268,Urbano,2019,16.803839783809543,30.94561722000003,-9.954410099999961,378
269,Zona_269,Urbano,2019,36.65480710871683,41.360324160000005,29.14090266000005,452
270,Zona_270,Urbano,2019,42.346668252304006,46.37455950000003,33.66636114000005,829
271,Zona_271,Rural,2019,22.171665267639227,30.24150510000004,14.768128560000036,4346
272,Zona_272,Rural,2019,22.54602905535596,27.86598120000002,16.02595991999999,3863
273,Zona_273,Rural,2019,32.073704286575364,39.456487020000054,-5.008535159999951,146
274,Zona_274,Rural,2019,22.971614925722758,40.59468767999999,12.03029454,9464
275,Zona_275,Rural,2019,21.827714084463363,28.535913120000032,16.948825320000026,3410
276,Zona_276,Rural,2019,21.783274169760976,27.059328479999976,19.464488039999992,3012
277,Zona_277,Rural,2019,23.249970810916174,36.88955400000003,-6.669692879999957,3602
278,Zona_278,Rural,2019,14.948316981242654,29.03152602,-2.6466833399999814,3734
279,Zona_279,Rural,2019,22.421127412212087,28.494896880000056,19.20471852000003,1641
280,Zona_280,Rural,2019,27.42703608293721,36.93057024000001,21.354653100000007,3248
281,Zona_281,Rural,2019,11.316214070338065,22.260428400000023,-11.899263479999945,8135
282,Zona_282,Rural,2019,24.187395118830885,35.19079806000002,14.033254260000035,16679
283,Zona_283,Rural,2019,22.41736432566408,32.808438120000005,8.31148877999999,4608
284,Zona_284,Rural,2019,27.423427343741213,35.34119094000005,21.737471340000013,2272
285,Zona_285,Rural,2019,22.522099037693447,31.60529508000002,18.45275412000001,3425
286,Zona_286,Rural,2019,22.93470805562513,27.992447940000034,16.73349006000001,5783
287,Zona_287,Rural,2019,26.553085506024185,31.352361599999995,20.831696039999997,3227
288,Zona_288,Rural,2019,22.839612982183386,26.632075980000025,19.71058548000002,2345
289,Zona_289,Rural,2019,22.88988024903967,32.073563820000004,14.942447580000021,7414
290,Zona_290,Rural,2019,22.612143545797423,27.746350500000005,19.454233980000026,1925
291,Zona_291,Rural,2019,17.475455675484174,23.06708112000001,6.609314820000009,2303
292,Zona_292,Rural,2019,31.895538277596582,38.84124342000001,21.614422620000028,4194
293,Zona_293,Rural,2019,23.123358988400913,30.82940454000004,15.971271600000023,3133
294,Zona_294,Rural,2019,27.532482408962284,30.726863940000044,24.57442794000002,424
295,Zona_295,Rural,2019,21.83960598530561,31.789868160000026,14.180229120000035,6921
296,Zona_296,Rural,2019,21.922596961613035,28.70339610000002,14.58355548000003,5654
297,Zona_297,Rural,2019,26.06831927328127,30.029587859999992,20.677885140000058,1152
298,Zona_298,Rural,2019,23.213685218522446,29.151156720000017,16.97958749999998,3411
299,Zona_299,Rural,2019,19.97151715436099,36.233294160000014,9.93163026000002,7441
300,Zona_300,Rural,2019,14.16741247816537,27.647227919999978,-12.223975379999956,15567
301,Zona_301,Rural,2019,19.421082736788637,28.518823020000013,4.637117279999984,4428
302,Zona_302,Rural,2019,30.5643747275238,37.37491283999998,23.87031582000003,2629
303,Zona_303,Rural,2019,29.704005532546606,36.23671218000004,23.449899360000018,966
304,Zona_304,Rural,2019,28.37173811277437,38.57805588000002,16.30623756,7299
305,Zona_305,Rural,2019,17.894984494209282,34.65416892000002,-9.048634799999945,19172
306,Zona_306,Rural,2019,21.806487792275455,27.42847463999999,18.880006620000017,5533
307,Zona_307,Rural,2019,17.32290206485496,33.06137160000003,-10.600415880000014,8169
308,Zona_308,Rural,2019,22.971313263333354,28.40944638000002,18.158804400000008,4644
309,Zona_309,Rural,2019,28.69653436060152,36.16835178000002,25.09738500000003,1995
310,Zona_310,Rural,2019,24.90348863934755,32.083817880000026,18.237418860000048,2207
311,Zona_311,Rural,2019,26.37729801969514,32.24446482000002,22.18523196000001,1312
312,Zona_312,Rural,2019,25.93096226750346,31.017395640000018,20.05580550000002,2908
313,Zona_313,Rural,2019,25.771509274050363,31.270329120000042,21.850266000000033,2185
314,Zona_314,Rural,2019,22.630232933802155,29.88603102000002,10.953618240000026,9158
315,Zona_315,Rural,2019,19.859401732249992,36.209368020000056,11.100593100000026,10289
316,Zona_316,Rural,2019,21.24034390245779,29.95097340000001,10.83740555999998,10774
317,Zona_317,Rural,2019,22.816793624668623,29.516884860000005,16.347253800000033,3440
318,Zona_318,Rural,2019,24.35044673192679,31.55060676000005,18.650999280000008,2185
319,Zona_319,Rural,2019,22.750799755291553,39.35394642000006,13.482953039999984,22759
320,Zona_320,Rural,2019,28.03208560850396,35.624886600000025,24.034380779999992,1143
321,Zona_321,Rural,2019,25.401258459720946,31.78303212000003,15.875567040000021,1935
322,Zona_322,Rural,2019,28.031939927837854,36.735743100000036,22.376641080000013,1702
323,Zona_323,Rural,2019,27.9485582764965,36.76650528000005,22.010912940000026,3408
324,Zona_324,Rural,2019,21.517459886733782,31.249820999999997,11.069830920000015,3279
325,Zona_325,Rural,2019,28.914455992335352,41.48337288000005,22.834655760000032,1503
326,Zona_326,Rural,2019,21.519737097018652,32.30598917999998,10.86474972000002,805
327,Zona_327,Rural,2019,30.349762043793127,33.49204212000001,27.82154694000002,58
328,Zona_328,Rural,2019,34.290537826086975,36.91006212000002,30.183398760000046,207
329,Zona_329,Rural,2019,32.98687346516131,38.93352995999999,29.42459832000003,372
330,Zona_330,Rural,2019,34.127477581921724,40.35884429999999,28.905059280000046,843
331,Zona_331,Rural,2019,28.40543165733567,34.14488394,24.212117820000003,2297
0,Zona_0,Urbano,2020,31.391972975847477,36.759669239999994,28.11207864000005,236
1,Zona_1,Urbano,2020,29.419560019638844,38.26701606000006,24.112995240000032,443
2,Zona_2,Urbano,2020,37.50803086216217,39.92475576000004,32.11458005999998,74
3,Zona_3,Urbano,2020,32.36347072064518,34.199572260000025,30.484184519999985,279
4,Zona_4,Urbano,2020,33.36971298315792,38.70110460000001,26.31420012000001,133
5,Zona_5,Urbano,2020,32.26638036000002,34.61998872000004,28.682887980000032,374
6,Zona_6,Urbano,2020,37.92143983835922,39.25140582000006,35.21472419999998,451
7,Zona_7,Urbano,2020,30.63975264658309,34.81139784000004,22.41765731999999,319
8,Zona_8,Urbano,2020,35.102412084000015,36.07606524000005,34.018417200000044,85
9,Zona_9,Urbano,2020,27.39823054570868,32.67855336000002,24.188191680000045,1016
10,Zona_10,Urbano,2020,29.430709072829284,32.24446482000002,23.586620160000052,410
11,Zona_11,Urbano,2020,25.640638652239705,31.188296640000033,20.49673008000002,1018
12,Zona_12,Urbano,2020,30.735164845714305,33.38950152000001,27.958267739999997,532
13,Zona_13,Urbano,2020,36.14286611787236,39.25482384000003,31.871900640000035,423
14,Zona_14,Urbano,2020,32.67714924380284,36.39735912000003,29.482704660000024,426
15,Zona_15,Urbano,2020,35.94848225472975,41.47995486000002,29.352819899999986,444
16,Zona_16,Urbano,2020,33.46152665422558,38.57463786000005,30.463676400000054,665
17,Zona_17,Urbano,2020,36.21497547665798,41.490208919999986,29.496376740000017,1149
18,Zona_18,Urbano,2020,31.11253466403485,34.65416892000002,27.322516020000023,689
19,Zona_19,Urbano,2020,31.96455527446156,35.00964299999998,26.16722526000001,455
20,Zona_20,Urbano,2020,32.42715209586209,34.021835220000014,28.563257280000016,261
21,Zona_21,Urbano,2020,27.444759813788416,32.01545748000001,21.593914499999983,293
22,Zona_22,Urbano,2020,31.228195911332413,34.784053680000056,25.056368760000055,713
23,Zona_23,Urbano,2020,27.08479621677553,31.66681944000004,21.55973430000006,490
24,Zona_24,Urbano,2020,32.30612590080002,39.459905040000024,29.052034140000046,350
25,Zona_25,Urbano,2020,35.00625299655739,38.967710160000024,28.864043040000013,366
26,Zona_26,Urbano,2020,34.598508502568826,36.65029260000006,32.84945435999998,327
27,Zona_27,Urbano,2020,35.38458169233647,38.12004120000006,30.40898808000003,321
28,Zona_28,Urbano,2020,33.31576804575877,35.63514066000005,30.17998074000002,257
29,Zona_29,Urbano,2020,34.45940370065219,36.233294160000014,33.187838339999985,276
30,Zona_30,Urbano,2020,32.78976972747878,36.96475043999999,25.387916700000005,353
31,Zona_31,Urbano,2020,35.943305633720946,39.377872560000014,33.413427660000025,258
32,Zona_32,Urbano,2020,31.167722209206367,34.67125901999998,27.168705120000027,567
33,Zona_33,Urbano,2020,27.476247738069517,33.13998606000001,22.031421060000014,518
34,Zona_34,Urbano,2020,25.528178948500013,30.019333800000027,20.25405066000002,360
35,Zona_35,Urbano,2020,31.350134283688543,35.02331508000003,28.269307560000016,244
36,Zona_36,Urbano,2020,34.12386528030381,35.905164239999976,31.328435460000037,395
37,Zona_37,Urbano,2020,29.566067644429545,35.52918204000002,20.048969460000023,745
38,Zona_38,Urbano,2020,36.11329724357145,38.81389926000003,29.65360566000004,140
39,Zona_39,Urbano,2020,35.07368021264824,37.00918469999999,31.875318660000005,253
40,Zona_40,Urbano,2020,33.91086692690989,43.08300624000003,29.007599880000043,466
41,Zona_41,Urbano,2020,30.371145414673265,35.26257648000001,26.973877979999997,811
42,Zona_42,Urbano,2020,31.541662254650625,33.591164700000036,27.83180100000004,415
43,Zona_43,Urbano,2020,27.276603697297322,28.76833848000001,23.685742740000023,74
44,Zona_44,Urbano,2020,36.44860825578949,40.71431838000001,32.75374980000004,646
45,Zona_45,Urbano,2020,33.75476897034784,35.78553354000002,31.83430242000003,690
46,Zona_46,Urbano,2020,27.695010728048803,32.99984724000001,24.601772100000005,738
47,Zona_47,Urbano,2020,30.732742273913065,33.65268906000006,29.188754940000024,207
48,Zona_48,Urbano,2020,34.018795478893296,35.52918204000002,32.347005420000016,253
49,Zona_49,Urbano,2020,30.230514851076943,34.165392060000045,24.36251070000003,195
50,Zona_50,Urbano,2020,36.39062154148151,39.111267,33.22543656000005,486
51,Zona_51,Urbano,2020,29.303305994750474,34.45592376000002,25.05295074000003,541
52,Zona_52,Urbano,2020,27.317747671111132,29.598917340000014,22.797057540000026,81
53,Zona_53,Urbano,2020,33.27366307576644,36.04188504000001,30.911437019999994,274
54,Zona_54,Urbano,2020,37.21864730015446,40.25630369999999,32.52474246000003,259
55,Zona_55,Urbano,2020,33.556272993795936,37.98673842000005,27.346442160000038,490
56,Zona_56,Urbano,2020,34.15846018766357,38.18840160000002,28.221455279999986,321
57,Zona_57,Urbano,2020,35.29715666106385,37.44327324000005,32.459800080000036,282
58,Zona_58,Urbano,2020,27.32396210538464,29.492958720000047,25.394752740000058,78
59,Zona_59,Urbano,2020,30.205748552876734,34.954954680000014,22.12028958000002,438
60,Zona_60,Urbano,2020,28.49044271345658,32.52816048,25.722882659999982,541
61,Zona_61,Urbano,2020,35.01260090192309,36.73232508000001,32.514488400000005,260
62,Zona_62,Urbano,2020,30.413287032989707,37.52188769999998,24.813689339999996,388
63,Zona_63,Urbano,2020,38.04515263312502,39.52826544000004,33.4544439,544
64,Zona_64,Urbano,2020,35.41954155284213,41.54147922000004,29.332311780000055,1140
65,Zona_65,Urbano,2020,33.26221218597512,36.66396468000005,28.303487760000053,241
66,Zona_66,Urbano,2020,31.85831817101126,34.89343031999999,29.270787420000033,267
67,Zona_67,Urbano,2020,35.65232264225808,37.11856134000004,32.200030560000016,186
68,Zona_68,Urbano,2020,25.799583343824903,31.068665940000017,20.00453520000002,1302
69,Zona_69,Urbano,2020,29.76661528981134,34.77038160000001,24.218953860000056,477
70,Zona_70,Urbano,2020,32.12831361517987,34.01158115999999,28.600855500000023,278
71,Zona_71,Urbano,2020,27.951451758802836,32.299153140000044,25.08713094000001,852
72,Zona_72,Urbano,2020,32.2509998411932,35.97694266000002,29.585245260000022,352
73,Zona_73,Urbano,2020,33.830071723344496,36.769923300000016,31.663401420000014,299
74,Zona_74,Urbano,2020,33.7784506259709,35.43689549999999,31.659983399999987,412
75,Zona_75,Urbano,2020,35.96178827540818,38.98821828000001,29.920211220000056,392
76,Zona_76,Urbano,2020,26.821917269086978,33.28696092000001,22.940614380000056,460
77,Zona_77,Urbano,2020,30.079918204500018,32.893888619999984,26.239003679999996,120
78,Zona_78,Urbano,2020,32.16868481560977,35.66248482000003,28.549585200000024,246
79,Zona_79,Urbano,2020,34.65384704367715,41.00826810000001,26.52269934000003,669
80,Zona_80,Urbano,2020,34.563190511111124,37.231356000000005,31.23956694000003,405
81,Zona_81,Urbano,2020,31.656795808314623,34.07652354000004,28.38893826000003,267
82,Zona_82,Urbano,2020,29.61616923976333,33.16049418,24.905975880000028,169
83,Zona_83,Urbano,2020,31.748439884712347,36.33583476000001,25.750226820000023,730
84,Zona_84,Urbano,2020,30.13337191210347,35.758189379999976,23.323432620000005,580
85,Zona_85,Urbano,2020,33.56563238441262,35.296756680000044,29.909957159999976,349
86,Zona_86,Urbano,2020,35.31325746620691,37.491125520000026,33.01693734000003,174
87,Zona_87,Urbano,2020,35.22492769757398,38.622490140000025,31.123354260000042,338
88,Zona_88,Urbano,2020,25.25295669818184,28.52907707999998,21.012851100000034,66
89,Zona_89,Urbano,2020,30.99428848767728,34.66442298000004,27.178959179999993,409
90,Zona_90,Urbano,2020,28.382956725000017,33.874860360000014,24.212117820000003,148
91,Zona_91,Urbano,2020,33.93205172233848,35.61805056000003,32.24788283999999,325
92,Zona_92,Urbano,2020,31.71315962295877,36.33925278000004,27.42505662000002,703
93,Zona_93,Urbano,2020,32.33214446347828,38.10978713999998,27.206303339999977,345
94,Zona_94,Urbano,2020,34.61845368107786,36.17176979999999,32.893888619999984,167
95,Zona_95,Urbano,2020,34.44081498478023,35.676156900000024,31.926588960000004,364
96,Zona_96,Urbano,2020,33.31885923059157,36.41444922000005,30.238087080000014,355
97,Zona_97,Urbano,2020,33.62212608975462,35.823131760000024,29.957809440000005,326
98,Zona_98,Urbano,2020,33.27525755250002,35.77869750000002,30.75079008,408
99,Zona_99,Urbano,2020,33.6312700463452,35.7616074,28.06422636000002,394
100,Zona_100,Urbano,2020,33.17638884346352,36.30507258,29.58866327999999,589
101,Zona_101,Urbano,2020,31.266101049017358,33.772319760000016,28.843534920000025,173
102,Zona_102,Urbano,2020,24.964605767921245,28.139422800000034,21.470865780000054,457
103,Zona_103,Urbano,2020,33.58827252923079,36.52040784000002,28.098406560000058,234
104,Zona_104,Urbano,2020,28.816708166697268,35.37195312000006,22.499689800000056,218
105,Zona_105,Urbano,2020,23.43434564272729,29.32547574,18.158804400000008,396
106,Zona_106,Urbano,2020,31.482948006334333,34.3943994,28.55642124000002,341
107,Zona_107,Urbano,2020,30.979555436283203,36.25038426000003,26.741452620000018,226
108,Zona_108,Urbano,2020,37.34417736328127,40.43404074,33.28012488000002,256
109,Zona_109,Urbano,2020,35.13716143846156,38.082442979999996,31.87873668000003,182
110,Zona_110,Urbano,2020,36.124320070535354,40.53658134,31.362615660000017,467
111,Zona_111,Urbano,2020,33.42759975602622,35.412969360000034,31.270329120000042,458
112,Zona_112,Urbano,2020,34.29739188720628,37.54923186000002,30.808896419999996,383
113,Zona_113,Urbano,2020,33.386428021909836,37.51846968000001,30.251759160000006,377
114,Zona_114,Urbano,2020,31.97340419368423,35.36169905999998,27.028566300000023,323
115,Zona_115,Urbano,2020,33.208205113308296,35.07800340000006,30.60381522,266
116,Zona_116,Urbano,2020,28.56849824400002,32.7195696,26.26292982000001,480
117,Zona_117,Urbano,2020,34.47268973741381,37.084381140000005,30.32695560000002,116
118,Zona_118,Urbano,2020,32.72501353251658,35.56336224000006,28.96316562000004,302
119,Zona_119,Urbano,2020,32.741526960480016,34.609734660000015,29.462196540000036,375
120,Zona_120,Urbano,2020,26.728478810876883,35.10534756000004,21.296546760000012,1072
121,Zona_121,Urbano,2020,34.247722810613226,39.04974263999998,26.54320746000002,848
122,Zona_122,Urbano,2020,28.60049128475412,33.17074824000002,20.530910280000057,488
123,Zona_123,Urbano,2020,24.819634828883395,29.175082860000032,18.57580284000005,403
124,Zona_124,Urbano,2020,33.58168684374504,35.495001839999986,30.596979180000005,251
125,Zona_125,Urbano,2020,31.362663986760943,35.80262363999998,24.752164980000032,778
126,Zona_126,Urbano,2020,35.03981323240225,39.12493907999999,28.238545380000005,537
127,Zona_127,Urbano,2020,34.88421409516366,39.9486819,27.582285540000044,550
128,Zona_128,Urbano,2020,32.407608756646724,36.78701339999998,28.655543820000048,501
129,Zona_129,Urbano,2020,32.1993331458182,35.597542439999984,27.589121579999983,495
130,Zona_130,Urbano,2020,32.64986933616002,36.08973732000004,27.96510378000005,250
131,Zona_131,Urbano,2020,33.40003096549765,38.044844760000046,29.68436784000005,422
132,Zona_132,Urbano,2020,32.98556900866997,36.38368704000004,30.79864236000003,406
133,Zona_133,Urbano,2020,33.203309377894755,34.89001230000002,32.07698184000003,95
134,Zona_134,Urbano,2020,27.560264376480024,31.253239020000024,24.123249299999998,375
135,Zona_135,Urbano,2020,32.953156210384634,38.588309940000045,27.82496495999999,468
136,Zona_136,Urbano,2020,34.91140179622644,36.94766034000003,31.854810540000017,159
137,Zona_137,Urbano,2020,31.767984974482776,34.42174355999998,29.14773869999999,783
138,Zona_138,Urbano,2020,31.022172103846167,35.75135334000004,26.618403900000033,156
139,Zona_139,Urbano,2020,33.54876789166125,35.27283054000003,31.034485740000036,307
140,Zona_140,Urbano,2020,33.69813203503186,35.77869750000002,30.17998074000002,471
141,Zona_141,Urbano,2020,31.681554540574183,36.458883480000054,25.52805552000001,418
142,Zona_142,Urbano,2020,33.368628202537586,35.706919080000034,28.570093320000012,599
143,Zona_143,Urbano,2020,31.027880647297312,32.79134801999999,29.523720900000058,74
144,Zona_144,Urbano,2020,31.277705722773742,34.196154240000055,27.076418579999995,411
145,Zona_145,Urbano,2020,35.86636052477422,39.89057556,30.774716220000016,465
146,Zona_146,Urbano,2020,31.682402553546346,35.40955134000001,29.106722460000015,313
147,Zona_147,Urbano,2020,30.320343423929735,34.56530040000001,24.25313405999998,626
148,Zona_148,Urbano,2020,34.49278334008476,35.74793532000001,31.953933119999988,236
149,Zona_149,Urbano,2020,24.063009490000017,28.82302679999998,19.508922299999995,306
150,Zona_150,Urbano,2020,37.289168679126774,42.440418480000005,28.498314900000025,710
151,Zona_151,Urbano,2020,27.323686265850455,31.96076916000004,24.126667320000024,1364
152,Zona_152,Urbano,2020,32.18885711934926,35.38904322000002,27.291753840000013,461
153,Zona_153,Urbano,2020,33.86826004551726,37.59024810000005,28.08815249999998,232
154,Zona_154,Urbano,2020,33.38127821515894,36.74599716,27.872817240000018,409
155,Zona_155,Urbano,2020,35.28678610507111,40.478475,29.913375180000003,844
156,Zona_156,Urbano,2020,31.59115077355265,35.970106620000024,28.177021019999984,760
157,Zona_157,Urbano,2020,26.07506398774871,29.766400320000002,23.586620160000052,191
158,Zona_158,Urbano,2020,32.287281897403005,36.02821296000002,27.29858988000001,670
159,Zona_159,Urbano,2020,31.874202571836754,34.53112020000003,27.876235260000044,245
160,Zona_160,Urbano,2020,28.502907864375018,32.53157850000002,26.642330040000047,256
161,Zona_161,Urbano,2020,33.29931240136366,34.907102399999985,30.856748700000026,396
162,Zona_162,Urbano,2020,33.67346478298934,38.25676199999998,29.335729800000024,281
163,Zona_163,Urbano,2020,33.3496268366148,39.61371594000002,29.072542259999977,1542
164,Zona_164,Urbano,2020,34.442473218333355,36.93398825999998,32.316243240000006,216
165,Zona_165,Urbano,2020,32.98684697772416,38.229417839999996,28.341085980000003,290
166,Zona_166,Urbano,2020,29.897771460344845,33.792827880000004,24.74191092000001,522
167,Zona_167,Urbano,2020,30.66009082564105,33.79624590000003,27.404548500000033,351
168,Zona_168,Urbano,2020,32.62037230918035,34.43883366,30.877256820000014,183
169,Zona_169,Urbano,2020,29.15054695186895,35.983778700000016,26.06468466000001,824
170,Zona_170,Urbano,2020,33.230477749315085,35.334354899999994,30.145800539999982,219
171,Zona_171,Urbano,2020,28.519704128518075,32.79818406000004,25.480203240000037,803
172,Zona_172,Urbano,2020,24.109695082758638,29.14773869999999,20.804351880000013,174
173,Zona_173,Urbano,2020,30.4407326849102,32.760585839999976,23.747267100000045,334
174,Zona_174,Urbano,2020,32.641768349219355,35.334354899999994,30.347463720000007,269
175,Zona_175,Urbano,2020,31.625850508235317,34.65416892000002,28.136004780000007,289
176,Zona_176,Urbano,2020,36.1541718014458,40.87496532,32.34358740000005,747
177,Zona_177,Urbano,2020,31.81379430000002,34.71911130000001,29.65702368000001,379
178,Zona_178,Urbano,2020,32.941181587636386,38.362720620000005,27.958267739999997,495
179,Zona_179,Urbano,2020,36.36853356081266,38.92327590000002,34.21666235999999,443
180,Zona_180,Urbano,2020,32.24075563533335,35.45056757999998,26.963623920000032,270
181,Zona_181,Urbano,2020,33.84711598879749,36.49989972000003,29.855268840000008,632
182,Zona_182,Urbano,2020,33.82354646280614,37.59024810000005,28.494896880000056,392
183,Zona_183,Urbano,2020,33.830403236989994,35.92567236000002,30.757626120000054,299
184,Zona_184,Urbano,2020,30.412397222025998,33.41684568000005,23.62763640000003,385
185,Zona_185,Urbano,2020,37.71143589800002,41.555151300000034,31.97785926000006,450
186,Zona_186,Urbano,2020,27.40478108715978,32.34016938000002,23.384956980000027,676
187,Zona_187,Urbano,2020,33.97791828194597,36.7015629,30.173144700000023,185
188,Zona_188,Urbano,2020,34.63409049394287,36.92373420000001,31.198550700000055,350
189,Zona_189,Urbano,2020,27.210132387721536,31.19513268000003,24.205281780000007,158
190,Zona_190,Urbano,2020,30.980168607692327,36.998930640000026,22.53045198000001,663
191,Zona_191,Urbano,2020,30.828934423980602,35.00280696000004,27.811292879999996,618
192,Zona_192,Urbano,2020,35.870597425912614,38.72503074000002,32.29231709999999,389
193,Zona_193,Urbano,2020,30.359676518271936,39.84272328000003,23.613964320000036,787
194,Zona_194,Urbano,2020,31.785553951829286,37.35098670000002,25.459695119999992,492
195,Zona_195,Urbano,2020,36.18621422105771,39.25824186,31.94709708000005,208
196,Zona_196,Urbano,2020,33.464852388614474,35.52576402,30.921691080000016,332
197,Zona_197,Urbano,2020,31.43294401090911,33.35532132000003,29.42801634,99
198,Zona_198,Urbano,2020,26.754533035019325,32.81527416000006,22.54412406000006,1554
199,Zona_199,Urbano,2020,33.13135001721202,41.4184305,26.49193716000002,1033
200,Zona_200,Urbano,2020,29.463364724050653,33.13998606000001,26.09886486000005,79
201,Zona_201,Urbano,2020,31.646902486981155,35.60437848000004,25.859603460000017,318
202,Zona_202,Urbano,2020,32.35141705046514,36.510153779999996,27.961685760000023,344
203,Zona_203,Urbano,2020,38.73785101059939,41.00485007999998,35.93250840000002,317
204,Zona_204,Urbano,2020,33.62825472517988,37.50137958000005,29.469032580000032,417
205,Zona_205,Urbano,2020,30.105653973727826,34.50377604000005,24.60519012000003,169
206,Zona_206,Urbano,2020,35.949598500000015,38.02775466000003,31.83430242000003,458
207,Zona_207,Urbano,2020,32.030128276171304,36.22645812000002,28.447044600000027,397
208,Zona_208,Urbano,2020,31.89421394805197,34.24058850000006,29.527138920000027,231
209,Zona_209,Urbano,2020,33.38622507479292,35.050659240000016,31.745433900000023,169
210,Zona_210,Urbano,2020,32.68787751750002,35.036987160000024,28.594019460000027,408
211,Zona_211,Urbano,2020,33.77816201444936,35.87782007999999,31.55060676000005,227
212,Zona_212,Urbano,2020,31.814899374135358,38.195237640000016,26.98755005999999,133
213,Zona_213,Urbano,2020,30.75193142235503,37.03994688,24.60860814,569
214,Zona_214,Urbano,2020,32.77834812946199,38.458425180000006,28.655543820000048,539
215,Zona_215,Urbano,2020,34.291301789333346,35.771861460000025,32.083817880000026,270
216,Zona_216,Urbano,2020,27.57921054709679,32.740077720000045,22.212576119999994,279
217,Zona_217,Urbano,2020,31.05381567886365,35.55310817999998,26.973877979999997,264
218,Zona_218,Urbano,2020,27.74796246842273,34.80456179999999,20.500148100000047,634
219,Zona_219,Urbano,2020,27.839504896640644,33.02377338000002,20.83853208000005,512
220,Zona_220,Urbano,2020,31.771430108450726,35.12585568000003,26.666256180000005,497
221,Zona_221,Urbano,2020,25.29009964944363,30.255177180000032,19.426889820000042,665
222,Zona_222,Urbano,2020,29.842540784571444,35.17712598000003,24.290732280000043,630
223,Zona_223,Urbano,2020,36.96871534320002,39.72651059999998,33.69712332000006,125
224,Zona_224,Urbano,2020,31.7917042864463,36.02137692000002,24.43087109999999,363
225,Zona_225,Urbano,2020,33.750598373358805,35.624886600000025,30.337209659999985,262
226,Zona_226,Urbano,2020,35.14456200661998,38.755792919999976,32.04280163999999,571
227,Zona_227,Urbano,2020,28.570816240742136,33.98081897999998,25.975816140000006,539
228,Zona_228,Urbano,2020,32.02383804127245,35.426641440000026,28.34450400000003,613
229,Zona_229,Urbano,2020,33.68523761259261,36.02137692000002,29.26053336000001,243
230,Zona_230,Urbano,2020,33.170471850242606,37.019438760000014,29.42118030000006,371
231,Zona_231,Urbano,2020,33.96309451063714,36.906644099999994,30.511528680000026,722
232,Zona_232,Urbano,2020,32.8120711809934,35.474493720000055,29.913375180000003,302
233,Zona_233,Urbano,2020,26.302529065714303,33.08529773999999,20.82144198000003,357
234,Zona_234,Urbano,2020,31.547287263858113,36.08973732000004,25.64085018000003,451
235,Zona_235,Urbano,2020,35.04432381909093,39.44623296000003,30.802060380000057,396
236,Zona_236,Urbano,2020,29.97312443569063,35.11901964000003,26.474847060000002,181
237,Zona_237,Urbano,2020,34.470434356340974,36.89639004000003,31.99836737999999,481
238,Zona_238,Urbano,2020,23.506187138076942,27.97193981999999,20.879548320000026,156
239,Zona_239,Urbano,2020,33.79114228109591,38.325122400000055,28.187275080000006,438
240,Zona_240,Urbano,2020,33.147480617614704,34.93102854000006,30.333791640000015,218
241,Zona_241,Urbano,2020,35.72364389541986,38.05851684000004,30.791806319999978,262
242,Zona_242,Urbano,2020,36.180799731906994,38.03800871999999,32.562340680000034,215
243,Zona_243,Urbano,2020,36.118957222682944,38.60198202000004,32.28889908000002,328
244,Zona_244,Urbano,2020,33.44040678873788,37.82267346000003,30.607233240000028,103
245,Zona_245,Urbano,2020,34.39513830251048,37.525305720000006,30.91485504000002,717
246,Zona_246,Urbano,2020,30.10248934371431,33.40317360000006,26.56029755999998,140
247,Zona_247,Urbano,2020,25.374954341760816,32.312825220000036,19.70716746000005,602
248,Zona_248,Urbano,2020,25.752309602475947,31.653147360000048,20.913728520000006,727
249,Zona_249,Urbano,2020,30.20178274769718,35.071167360000004,25.08371292000004,317
250,Zona_250,Urbano,2020,32.97655973005265,35.54627214000004,29.202427020000016,380
251,Zona_251,Urbano,2020,31.875570602506162,34.66784100000001,25.85618543999999,407
252,Zona_252,Urbano,2020,33.748027905925944,35.73426324000002,32.022293520000005,243
253,Zona_253,Urbano,2020,34.02387675230771,36.411031200000025,29.619425460000002,221
254,Zona_254,Urbano,2020,34.24982712700267,39.24115175999998,25.223851739999986,754
255,Zona_255,Urbano,2020,34.19123335517511,35.922254339999995,31.164370500000018,257
256,Zona_256,Urbano,2020,33.795922223863656,37.723550880000005,29.776654380000025,264
257,Zona_257,Urbano,2020,37.06778648589579,39.07025076000002,34.018417200000044,614
258,Zona_258,Urbano,2020,33.65599799425534,36.37685099999999,30.4124061,282
259,Zona_259,Urbano,2020,33.951320534441706,36.19227792000004,29.728802100000053,403
260,Zona_260,Urbano,2020,33.823807875000014,37.61759226000004,26.221913579999978,204
261,Zona_261,Urbano,2020,23.874554654838725,26.994386100000042,21.70670916000006,279
262,Zona_262,Urbano,2020,33.49263195530975,35.559944220000034,31.174624559999984,226
263,Zona_263,Urbano,2020,32.48658574000002,36.11366346,30.087694199999987,153
264,Zona_264,Urbano,2020,32.644499460969996,35.06091330000004,29.089632359999996,433
265,Zona_265,Urbano,2020,33.47402733826089,35.084839439999996,31.47199230000001,207
266,Zona_266,Urbano,2020,31.235835134557394,34.70885724000004,24.475305359999993,305
267,Zona_267,Urbano,2020,30.969957665454565,32.81527416000006,29.923629240000025,33
268,Zona_268,Urbano,2020,32.184857444761924,35.34119094000005,29.082796320000057,378
269,Zona_269,Urbano,2020,32.29966735539825,35.891492159999984,26.34496230000002,452
270,Zona_270,Urbano,2020,37.27327519100122,40.91256354000001,29.00076383999999,829
271,Zona_271,Rural,2020,21.439217242765782,29.472450600000002,12.399440700000014,4346
272,Zona_272,Rural,2020,19.60865982276471,26.24925774000002,12.97708608000005,3863
273,Zona_273,Rural,2020,29.347201236986322,36.13758960000001,23.59345619999999,146
274,Zona_274,Rural,2020,20.354269361164434,42.2558454,15.103094520000013,9464
275,Zona_275,Rural,2020,20.143997432463365,26.54320746000002,16.309655580000026,3410
276,Zona_276,Rural,2020,19.261441537828706,24.957246180000027,16.89071898000003,3012
277,Zona_277,Rural,2020,24.68340223672406,34.722529320000035,18.767211960000054,3602
278,Zona_278,Rural,2020,20.830701939914317,28.170184980000045,16.757416200000023,3734
279,Zona_279,Rural,2020,19.943387842815373,26.37572448000003,16.771088280000015,1641
280,Zona_280,Rural,2020,24.019854195000015,33.645853020000004,16.634367480000037,3248
281,Zona_281,Rural,2020,20.260509394288896,27.435310680000043,14.72711232000006,8135
282,Zona_282,Rural,2020,20.132813517240862,30.624323340000046,13.510297200000025,16679
283,Zona_283,Rural,2020,19.790269554765644,27.349860180000007,14.744202420000022,4608
284,Zona_284,Rural,2020,21.916445005193683,30.115038360000028,17.423930100000007,2272
285,Zona_285,Rural,2020,20.233057530446736,30.747372060000032,16.85653878000005,3425
286,Zona_286,Rural,2020,19.921283391751707,28.99392780000005,14.576719440000034,5783
287,Zona_287,Rural,2020,22.735495049005284,30.220996979999995,17.061619980000046,3227
288,Zona_288,Rural,2020,20.372763085970167,25.907455740000046,16.668547680000017,2345
289,Zona_289,Rural,2020,22.53077469567307,31.513008539999987,17.324807520000036,7414
290,Zona_290,Rural,2020,19.943795652903916,25.070040840000047,16.935153239999977,1925
291,Zona_291,Rural,2020,21.001777783795067,25.172581440000044,16.798432440000056,2303
292,Zona_292,Rural,2020,28.94643248060088,35.21472419999998,21.809249760000057,4194
293,Zona_293,Rural,2020,19.956644735927245,27.619883759999993,12.802767060000008,3133
294,Zona_294,Rural,2020,24.93579487995285,28.49147886000003,21.296546760000012,424
295,Zona_295,Rural,2020,20.803864931911594,30.29619342000001,11.920917900000006,6921
296,Zona_296,Rural,2020,21.124323045504084,27.807874860000027,15.034734120000053,5654
297,Zona_297,Rural,2020,25.990945032343767,30.039841920000015,22.933778340000003,1152
298,Zona_298,Rural,2020,23.04550179994725,27.93775962000001,16.48397460000001,3411
299,Zona_299,Rural,2020,20.264140732210745,30.282521340000017,15.51667494000003,7441
300,Zona_300,Rural,2020,19.22688152640973,33.34506726000001,14.99029986000005,15567
301,Zona_301,Rural,2020,20.03214489723579,30.429496200000017,13.291543919999981,4428
302,Zona_302,Rural,2020,27.71711206265502,33.84068016000003,21.795577680000008,2629
303,Zona_303,Rural,2020,26.27735202447207,31.366033679999987,21.498209940000038,966
304,Zona_304,Rural,2020,25.94840454680643,37.32706056000001,20.10365778000005,7299
305,Zona_305,Rural,2020,20.508069341739013,41.032194240000024,14.504941020000047,19172
306,Zona_306,Rural,2020,19.318614631230815,24.99826242000006,16.928317200000038,5533
307,Zona_307,Rural,2020,21.081055431759108,34.26793266000004,15.520092960000056,8169
308,Zona_308,Rural,2020,23.509769174573663,31.314763380000045,17.044529880000027,4644
309,Zona_309,Rural,2020,28.232334692030093,35.447149560000014,22.03825710000001,1995
310,Zona_310,Rural,2020,23.268587879510665,29.181918900000028,18.449336099999982,2207
311,Zona_311,Rural,2020,24.995112735411606,31.793286179999996,20.25063264000005,1312
312,Zona_312,Rural,2020,22.390949043363158,26.73803459999999,19.43372585999998,2908
313,Zona_313,Rural,2020,23.830663659377596,29.35965594000004,20.735991480000052,2185
314,Zona_314,Rural,2020,20.99735468261631,30.104784300000006,11.835467400000027,9158
315,Zona_315,Rural,2020,19.24656692445721,31.266911100000016,11.203133700000024,10289
316,Zona_316,Rural,2020,19.20619942935216,28.778592539999977,11.76710700000001,10774
317,Zona_317,Rural,2020,21.814839812476762,27.479744940000046,17.317971479999983,3440
318,Zona_318,Rural,2020,22.957538663011462,29.479286640000055,17.70762576000004,2185
319,Zona_319,Rural,2020,19.911829498621223,34.295276820000026,15.73201019999999,22759
320,Zona_320,Rural,2020,26.634264948188996,33.34506726000001,22.058765220000055,1143
321,Zona_321,Rural,2020,23.776623210790717,29.786908440000047,17.464946339999983,1935
322,Zona_322,Rural,2020,26.11731453669802,32.98275713999999,19.748183700000027,1702
323,Zona_323,Rural,2020,25.920316441426074,32.907560699999976,21.159825960000035,3408
324,Zona_324,Rural,2020,22.838098797529753,30.843076620000033,15.246651359999987,3279
325,Zona_325,Rural,2020,26.07385850742517,35.15319984000001,21.95280660000003,1503
326,Zona_326,Rural,2020,29.74252937783853,33.70054134000003,26.85424727999998,805
327,Zona_327,Rural,2020,28.692258069310355,32.12141610000003,26.078356740000004,58
328,Zona_328,Rural,2020,29.293887951304363,31.803540240000018,25.91770980000001,207
329,Zona_329,Rural,2020,28.729968449032274,33.50571420000006,24.810271320000027,372
330,Zona_330,Rural,2020,30.41828525658365,36.72890705999998,25.011934500000052,843
331,Zona_331,Rural,2020,24.67635249286027,30.231251040000018,19.785781919999977,2297
0,Zona_0,Urbano,2020,36.60380173474578,42.24900936000006,32.94174090000001,236
1,Zona_1,Urbano,2020,33.938182459638846,44.303239380000036,28.023210120000044,443
2,Zona_2,Urbano,2020,40.50143116135137,42.63182760000001,35.22497826000006,74
3,Zona_3,Urbano,2020,37.33220596645163,40.044386460000055,34.84216002000005,279
4,Zona_4,Urbano,2020,36.24542427609024,42.34813194000003,29.09646840000005,133
5,Zona_5,Urbano,2020,36.3259645418182,38.46184320000003,32.545250580000015,374
6,Zona_6,Urbano,2020,41.223444206075406,42.54295908000006,38.58147389999999,451
7,Zona_7,Urbano,2020,33.55265572231977,37.638100380000026,24.905975880000028,319
8,Zona_8,Urbano,2020,39.11693689200003,40.020460319999984,37.901287920000016,85
9,Zona_9,Urbano,2020,31.569749017677186,37.69620672000002,27.91725150000002,1016
10,Zona_10,Urbano,2020,33.155242100487825,36.42812130000004,27.10376273999998,410
11,Zona_11,Urbano,2020,28.009820077013767,33.89195046000003,22.325370780000014,1018
12,Zona_12,Urbano,2020,34.936097746353404,38.56096578000006,31.694163600000024,532
13,Zona_13,Urbano,2020,39.31913594680852,42.21482916000002,35.61463254,423
14,Zona_14,Urbano,2020,36.7810118061972,39.87690348000001,33.33823122000001,426
15,Zona_15,Urbano,2020,40.252223631081094,46.05326562000005,33.444189840000035,444
16,Zona_16,Urbano,2020,38.35251795879701,42.39256620000003,35.31726480000003,665
17,Zona_17,Urbano,2020,40.4962522737337,45.697791540000026,33.45102588000003,1149
18,Zona_18,Urbano,2020,34.11623011776489,37.904705939999985,30.67559363999999,689
19,Zona_19,Urbano,2020,36.14000850646156,39.36420048000002,29.058870179999985,455
20,Zona_20,Urbano,2020,37.36706841862071,40.259721720000016,33.24594467999998,261
21,Zona_21,Urbano,2020,30.842714986484665,35.32068282,24.622280219999993,293
22,Zona_22,Urbano,2020,34.67556390353438,38.18840160000002,28.782010560000003,713
23,Zona_23,Urbano,2020,30.91131146008165,36.01112286,24.629116260000046,490
24,Zona_24,Urbano,2020,37.04240785440002,42.583975320000036,33.314305080000054,350
25,Zona_25,Urbano,2020,40.32431856245904,44.69289365999998,33.758647680000024,366
26,Zona_26,Urbano,2020,39.23078272073396,41.23727544000002,37.426183140000035,327
27,Zona_27,Urbano,2020,38.77804731813086,41.95847766000003,33.95689284000002,321
28,Zona_28,Urbano,2020,38.11614439120625,40.833949080000025,34.784053680000056,257
29,Zona_29,Urbano,2020,39.07116718565219,40.79293284000005,37.72696890000003,276
30,Zona_30,Urbano,2020,37.24065146515582,41.5209711,29.889449040000045,353
31,Zona_31,Urbano,2020,39.21456274395351,42.64549968000006,36.937406280000005,258
32,Zona_32,Urbano,2020,35.04976705841272,38.48235132000002,31.041321780000033,567
33,Zona_33,Urbano,2020,31.30380328111971,35.86072998000003,24.923065980000047,518
34,Zona_34,Urbano,2020,29.035409270500015,34.43883366,24.195027719999985,360
35,Zona_35,Urbano,2020,35.88066376057379,39.09075888000001,32.17952244000003,244
36,Zona_36,Urbano,2020,38.529381544556976,40.20503340000005,35.87782007999999,395
37,Zona_37,Urbano,2020,33.272692406979886,39.80512506000002,22.520197919999987,745
38,Zona_38,Urbano,2020,39.374649855428586,41.98923983999998,32.576012760000026,140
39,Zona_39,Urbano,2020,38.33732189430831,40.32466410000001,35.37537114000003,253
40,Zona_40,Urbano,2020,38.85584702047212,48.75350142000002,33.362157360000026,466
41,Zona_41,Urbano,2020,33.84013647987671,39.82221516000004,30.13212845999999,811
42,Zona_42,Urbano,2020,35.42397291354219,37.77482118,31.612131120000015,415
43,Zona_43,Urbano,2020,31.003169286486504,33.184420320000015,26.943115799999987,74
44,Zona_44,Urbano,2020,39.63620291368423,44.10841224000001,35.426641440000026,646
45,Zona_45,Urbano,2020,37.448226892173935,39.26507790000005,34.52086614000001,690
46,Zona_46,Urbano,2020,29.569702068780508,34.661004960000014,26.085192780000057,738
47,Zona_47,Urbano,2020,35.416354355652196,38.26359804000003,33.211764480000056,207
48,Zona_48,Urbano,2020,37.32641208189725,38.472097260000055,35.87440206000002,253
49,Zona_49,Urbano,2020,34.26880907538464,37.42960116000006,27.86598120000002,195
50,Zona_50,Urbano,2020,39.2933363451852,42.259263420000025,36.42128525999999,486
51,Zona_51,Urbano,2020,33.61133164979669,38.54729370000001,30.860166720000052,541
52,Zona_52,Urbano,2020,30.574825346666685,32.760585839999976,24.98800835999998,81
53,Zona_53,Urbano,2020,37.10649847379564,39.68207633999998,35.04040517999999,274
54,Zona_54,Urbano,2020,42.185333890888046,44.884302779999985,36.87588191999998,259
55,Zona_55,Urbano,2020,38.49220079804084,43.70850389999998,32.630701079999994,490
56,Zona_56,Urbano,2020,38.44616928897199,42.290025600000035,32.93490486000002,321
57,Zona_57,Urbano,2020,38.50861674319151,40.686974220000025,35.94959849999998,282
58,Zona_58,Urbano,2020,30.963014065384634,33.19125636000001,28.077898440000013,78
59,Zona_59,Urbano,2020,34.09473737260276,39.114685020000024,25.374244620000013,438
60,Zona_60,Urbano,2020,30.94382923541591,35.91200028000003,28.074480419999986,541
61,Zona_61,Urbano,2020,38.362365671769254,40.37935242000003,35.884656120000045,260
62,Zona_62,Urbano,2020,35.08095452551548,42.48485274000001,29.192172959999994,388
63,Zona_63,Urbano,2020,41.163624648750016,42.734368200000006,37.10147124000002,544
64,Zona_64,Urbano,2020,39.969133053000014,47.991282960000035,33.362157360000026,1140
65,Zona_65,Urbano,2020,37.689441593278026,41.15524296000001,33.755229660000055,241
66,Zona_66,Urbano,2020,36.52273772629215,39.93159179999998,33.19467438000004,267
67,Zona_67,Urbano,2020,38.560046957419374,40.406696580000016,34.91735646000001,186
68,Zona_68,Urbano,2020,28.159148608202788,33.60483678000003,22.321952760000045,1302
69,Zona_69,Urbano,2020,33.605109075094354,39.30267612,26.857665300000008,477
70,Zona_70,Urbano,2020,35.65944794611513,37.48087146,32.083817880000026,278
71,Zona_71,Urbano,2020,30.632519366831005,35.00622498000001,27.302007900000035,852
72,Zona_72,Urbano,2020,36.51352324857956,41.015104140000005,33.29379696000001,352
73,Zona_73,Urbano,2020,38.18608100448163,41.10397266000001,36.05213909999998,299
74,Zona_74,Urbano,2020,37.35468678961167,39.18988146000004,35.11218359999998,412
75,Zona_75,Urbano,2020,39.269594569285736,42.30369768000003,33.94322076000003,392
76,Zona_76,Urbano,2020,31.476836971826103,38.89251372000001,27.41138454000003,460
77,Zona_77,Urbano,2020,34.65787177500002,37.51846968000001,30.183398760000046,120
78,Zona_78,Urbano,2020,35.16798347121953,38.73186678000002,31.96760519999998,246
79,Zona_79,Urbano,2020,38.51696579757849,43.68799578000005,31.359197640000048,669
80,Zona_80,Urbano,2020,37.88924467422224,40.47505697999998,34.886594280000054,405
81,Zona_81,Urbano,2020,35.138759665618004,37.316806499999984,31.577950920000035,267
82,Zona_82,Urbano,2020,32.644636084615406,35.88123810000002,27.052492440000037,169
83,Zona_83,Urbano,2020,35.83442059043837,39.935009820000005,29.42118030000006,730
84,Zona_84,Urbano,2020,34.896424034068986,43.188964860000056,25.54172760000006,580
85,Zona_85,Urbano,2020,38.00719757123211,40.044386460000055,34.17564612000001,349
86,Zona_86,Urbano,2020,38.704051168965535,40.67672016000006,36.37685099999999,174
87,Zona_87,Urbano,2020,39.040712190710074,42.12596064000002,35.89491018000001,338
88,Zona_88,Urbano,2020,28.080487849090925,31.137026340000034,23.309760540000013,66
89,Zona_89,Urbano,2020,35.594617484009795,39.54535554000006,31.875318660000005,409
90,Zona_90,Urbano,2020,32.96850769175678,38.69426856000001,28.11891467999999,148
91,Zona_91,Urbano,2020,38.34532552744617,40.15034508000002,36.31532664000002,325
92,Zona_92,Urbano,2020,35.9163566753343,40.748498580000046,30.68584770000001,703
93,Zona_93,Urbano,2020,36.22903401913045,42.33787788000001,32.449546020000014,345
94,Zona_94,Urbano,2020,38.743226068023965,40.43745876000003,37.09463520000003,167
95,Zona_95,Urbano,2020,37.96159155857144,39.56928168000002,35.474493720000055,364
96,Zona_96,Urbano,2020,38.458877706591565,41.360324160000005,35.45398560000001,355
97,Zona_97,Urbano,2020,36.82318569754603,39.603461880000054,33.09555180000001,326
98,Zona_98,Urbano,2020,37.94444880000002,40.37251637999998,35.344608960000016,408
99,Zona_99,Urbano,2020,37.77796159431474,39.965772000000015,32.709315540000034,394
100,Zona_100,Urbano,2020,38.33421584200342,42.10203450000006,34.50377604000005,589
101,Zona_101,Urbano,2020,34.84599294416187,37.29629838000005,31.865064599999982,173
102,Zona_102,Urbano,2020,26.88691667028448,30.070604100000025,23.097843300000022,457
103,Zona_103,Urbano,2020,37.1157275969231,40.42036866000001,30.93194514000004,234
104,Zona_104,Urbano,2020,31.26863578899085,37.132233420000034,24.72140280000002,218
105,Zona_105,Urbano,2020,26.686798825454563,33.28696092000001,21.55973430000006,396
106,Zona_106,Urbano,2020,35.499742964516145,38.21916378000003,31.769360040000038,341
107,Zona_107,Urbano,2020,35.21192626327435,40.929653640000026,30.972961380000015,226
108,Zona_108,Urbano,2020,41.96803743468752,45.403841820000025,38.60198202000004,256
109,Zona_109,Urbano,2020,38.75483512318683,41.702126160000034,34.869504180000035,182
110,Zona_110,Urbano,2020,39.41784948770879,43.77344628000003,35.84705789999998,467
111,Zona_111,Urbano,2020,38.397960555458525,40.74508056000002,35.98719672000004,458
112,Zona_112,Urbano,2020,37.672467991018294,40.95357978000004,34.165392060000045,383
113,Zona_113,Urbano,2020,36.6891601112467,39.750436740000055,33.69028728000001,377
114,Zona_114,Urbano,2020,36.13066890315791,39.67524030000004,30.870420780000018,323
115,Zona_115,Urbano,2020,37.502548902631595,39.64447812000003,36.065811180000026,266
116,Zona_116,Urbano,2020,31.256201304000022,35.019897060000005,28.922149380000008,480
117,Zona_117,Urbano,2020,38.73758312379312,41.15182493999998,35.37878916,116
118,Zona_118,Urbano,2020,37.949626871721875,41.52438912000002,33.31772310000002,302
119,Zona_119,Urbano,2020,37.44119508384002,39.44965098,33.86460629999999,375
120,Zona_120,Urbano,2020,29.196139393656736,38.50627745999998,23.220892020000008,1072
121,Zona_121,Urbano,2020,38.11171783761794,42.601065420000054,29.66044169999998,848
122,Zona_122,Urbano,2020,32.34332124270494,37.200593819999995,23.012392800000043,488
123,Zona_123,Urbano,2020,27.89778659702235,31.68390954000006,21.41617746000003,403
124,Zona_124,Urbano,2020,37.1209171864542,39.34027434000001,34.233752460000005,251
125,Zona_125,Urbano,2020,35.803739548843204,40.13667300000003,29.093050380000022,778
126,Zona_126,Urbano,2020,38.66656795843577,42.23533728000001,31.625803200000007,537
127,Zona_127,Urbano,2020,39.536822919163654,43.91358509999998,31.745433900000023,550
128,Zona_128,Urbano,2020,36.88130572419163,41.4184305,32.709315540000034,501
129,Zona_129,Urbano,2020,36.912734390181846,40.36226232000001,32.26155491999998,495
130,Zona_130,Urbano,2020,36.51869883000001,39.97944408000001,31.642893300000026,250
131,Zona_131,Urbano,2020,38.1205271744076,42.31395173999999,34.09703166000003,422
132,Zona_132,Urbano,2020,36.758120186601005,41.10055464000004,33.78940985999998,406
133,Zona_133,Urbano,2020,36.93492371810528,38.83098935999999,36.09657335999998,95
134,Zona_134,Urbano,2020,29.94087429024002,34.052597400000025,26.495355180000047,375
135,Zona_135,Urbano,2020,36.200669597307716,42.14988678000003,31.796704200000022,468
136,Zona_136,Urbano,2020,38.24882961396228,40.259721720000016,34.544792280000024,159
137,Zona_137,Urbano,2020,36.447263085057486,39.408634740000025,33.902204520000055,783
138,Zona_138,Urbano,2020,37.34544337269233,43.77686430000006,32.24446482000002,156
139,Zona_139,Urbano,2020,37.677201638110766,39.572699700000044,34.96862676000001,307
140,Zona_140,Urbano,2020,38.1052370369427,40.341754200000025,35.21472419999998,471
141,Zona_141,Urbano,2020,36.6268979702871,41.4184305,29.43827040000002,418
142,Zona_142,Urbano,2020,38.02444505799668,40.635703920000026,33.28012488000002,599
143,Zona_143,Urbano,2020,35.518650843243265,37.576576020000005,33.28354290000004,74
144,Zona_144,Urbano,2020,35.494777298540164,39.036070559999985,31.533516660000032,411
145,Zona_145,Urbano,2020,39.14462393496776,42.83690880000006,34.07652354000004,465
146,Zona_146,Urbano,2020,35.211371701150185,39.0087264,31.98127728000003,313
147,Zona_147,Urbano,2020,33.55361562086264,38.43108102000002,27.401130480000006,626
148,Zona_148,Urbano,2020,38.549335822118664,40.07856665999998,35.823131760000024,236
149,Zona_149,Urbano,2020,27.438181370000017,33.43735379999998,22.732115160000035,306
150,Zona_150,Urbano,2020,41.972294163380305,47.502506100000005,32.69906148000001,710
151,Zona_151,Urbano,2020,29.350775102111456,33.577492620000044,26.25267575999999,1364
152,Zona_152,Urbano,2020,36.621176407939274,39.76410882000005,31.906080840000016,461
153,Zona_153,Urbano,2020,37.54154131500001,41.011686120000036,30.781552260000012,232
154,Zona_154,Urbano,2020,37.45303423599024,40.782678780000026,31.803540240000018,409
155,Zona_155,Urbano,2020,39.057983955995276,44.25196907999998,32.67171732000003,844
156,Zona_156,Urbano,2020,36.439378279026336,41.15182493999998,32.72982366000002,760
157,Zona_157,Urbano,2020,28.385949729424105,32.00178540000002,25.729718700000035,191
158,Zona_158,Urbano,2020,36.80223634280599,40.929653640000026,31.564278840000043,670
159,Zona_159,Urbano,2020,36.51761761959186,38.92669392000005,32.514488400000005,245
160,Zona_160,Urbano,2020,31.45840032984377,35.69324700000004,29.71513002000006,256
161,Zona_161,Urbano,2020,36.700483979545474,38.017500600000005,33.69712332000006,396
162,Zona_162,Urbano,2020,38.24520641637013,43.178710799999976,33.50571420000006,281
163,Zona_163,Urbano,2020,38.162263278443604,44.36134572000003,33.55356648000003,1542
164,Zona_164,Urbano,2020,37.35650933416669,39.80170704,35.09509350000002,216
165,Zona_165,Urbano,2020,36.63236567441381,42.31736976000002,31.748851919999993,290
166,Zona_166,Urbano,2020,33.8601209672414,38.11320516000001,28.93240344000003,522
167,Zona_167,Urbano,2020,34.83266552000002,37.28946234,30.060350040000003,351
168,Zona_168,Urbano,2020,37.8271000760656,39.98628012000006,34.924192500000004,183
169,Zona_169,Urbano,2020,33.32769094230584,38.69085054000004,30.614069280000024,824
170,Zona_170,Urbano,2020,37.585924850958925,39.935009820000005,34.76354556000001,219
171,Zona_171,Urbano,2020,30.69197715056042,34.490103960000056,27.56861346000005,803
172,Zona_172,Urbano,2020,27.10967552172416,32.55892266000001,24.10274118000001,174
173,Zona_173,Urbano,2020,34.19916291628744,36.99209460000003,26.936279760000048,334
174,Zona_174,Urbano,2020,35.750743433085525,38.22599982000003,33.396337560000006,269
175,Zona_175,Urbano,2020,34.40224074000002,38.07218892000003,30.135546480000016,289
176,Zona_176,Urbano,2020,40.84307752698797,45.21585072000005,37.25186412000005,747
177,Zona_177,Urbano,2020,36.71373790527706,40.181107259999976,33.91929462000002,379
178,Zona_178,Urbano,2020,38.342309171272746,44.61086118000003,30.634577400000012,495
179,Zona_179,Urbano,2020,39.544275353092566,42.22508321999999,37.07070906000001,443
180,Zona_180,Urbano,2020,35.53451161933335,39.09417689999998,30.043259939999984,270
181,Zona_181,Urbano,2020,38.914076450601286,41.442356640000014,33.50571420000006,632
182,Zona_182,Urbano,2020,38.205378347295934,41.64743784000001,33.16391220000003,392
183,Zona_183,Urbano,2020,37.64426196120403,39.69574842000003,34.606316640000045,299
184,Zona_184,Urbano,2020,34.26890923714288,38.099533080000015,27.725842380000017,385
185,Zona_185,Urbano,2020,41.41928880280002,45.567906780000044,36.12391752000002,450
186,Zona_186,Urbano,2020,30.579176149792918,36.78359538000001,26.65942014000001,676
187,Zona_187,Urbano,2020,37.06865824800001,40.034132399999976,32.99301120000001,185
188,Zona_188,Urbano,2020,39.50342131748573,41.59616754000001,36.588768240000036,350
189,Zona_189,Urbano,2020,31.560298361012677,36.81093954000005,28.470970739999984,158
190,Zona_190,Urbano,2020,36.28472427692309,42.77538444000004,26.652584100000013,663
191,Zona_191,Urbano,2020,33.196527190194196,37.70987880000001,29.42801634,618
192,Zona_192,Urbano,2020,39.882298503856056,43.110350400000016,36.45204744,389
193,Zona_193,Urbano,2020,34.080771092172824,44.908228920000056,27.00122213999998,787
194,Zona_194,Urbano,2020,35.85736753756099,41.15524296000001,28.98367374000003,492
195,Zona_195,Urbano,2020,39.70462212576925,42.69335196000003,35.7616074,208
196,Zona_196,Urbano,2020,37.88006942837351,40.748498580000046,35.37878916,332
197,Zona_197,Urbano,2020,36.89210888363638,38.718194700000026,35.06091330000004,99
198,Zona_198,Urbano,2020,28.9202974026255,34.58580852,24.618862200000024,1554
199,Zona_199,Urbano,2020,37.01612993134562,44.798852280000006,30.166308660000027,1033
200,Zona_200,Urbano,2020,33.11523786455698,36.12391752000002,28.91531334000001,79
201,Zona_201,Urbano,2020,35.35195017905662,39.71625654000002,29.22635316000003,318
202,Zona_202,Urbano,2020,35.84332192465118,40.310992020000015,31.865064599999982,344
203,Zona_203,Urbano,2020,41.94058966258677,44.22804294000002,39.20355354000003,317
204,Zona_204,Urbano,2020,36.78811995323743,40.933071659999996,32.55550463999998,417
205,Zona_205,Urbano,2020,33.28455414852073,37.47403542000001,27.797620800000004,169
206,Zona_206,Urbano,2020,38.97603878515286,41.10739067999998,35.149781820000044,458
207,Zona_207,Urbano,2020,36.63212629722924,41.442356640000014,32.90072466000004,397
208,Zona_208,Urbano,2020,35.63219613194807,37.56632195999998,33.01693734000003,231
209,Zona_209,Urbano,2020,36.89802826260357,38.625908159999994,34.88317626000003,169
210,Zona_210,Urbano,2020,36.561667027500015,39.19671749999998,31.64972934000002,408
211,Zona_211,Urbano,2020,38.41956214202645,40.604941740000015,35.84022186000004,227
212,Zona_212,Urbano,2020,35.696151032030095,42.27977154000001,31.027649699999984,133
213,Zona_213,Urbano,2020,34.98548859152902,41.03561225999999,28.860625020000043,569
214,Zona_214,Urbano,2020,37.71182561287572,42.49852482000006,33.09896981999998,539
215,Zona_215,Urbano,2020,37.96509096000002,39.72992862000001,34.85925012000001,270
216,Zona_216,Urbano,2020,30.198259183870984,35.07458538000003,25.27854006000001,279
217,Zona_217,Urbano,2020,34.89076322863639,39.917919719999986,30.385061940000014,264
218,Zona_218,Urbano,2020,30.924812584069418,37.576576020000005,22.84149180000003,634
219,Zona_219,Urbano,2020,31.599480440507833,37.49796156000002,23.29950647999999,512
220,Zona_220,Urbano,2020,35.12247892382295,38.98821828000001,30.070604100000025,497
221,Zona_221,Urbano,2020,27.924822542797013,33.41000964,22.13054364000004,665
222,Zona_222,Urbano,2020,34.289260019714305,39.93842784000003,27.941177639999978,630
223,Zona_223,Urbano,2020,39.88401296160002,42.85058088000005,35.884656120000045,125
224,Zona_224,Urbano,2020,36.2123434864463,40.246049640000024,27.807874860000027,363
225,Zona_225,Urbano,2020,37.71910223564887,39.68207633999998,34.09703166000003,262
226,Zona_226,Urbano,2020,38.37956529299477,42.22508321999999,34.84899605999999,571
227,Zona_227,Urbano,2020,30.851142893543614,34.99938894000002,28.286397660000034,539
228,Zona_228,Urbano,2020,37.00975901657425,40.59468767999999,32.893888619999984,613
229,Zona_229,Urbano,2020,37.459969494074095,40.034132399999976,32.76400386,243
230,Zona_230,Urbano,2020,38.246609282911066,42.081526380000014,35.00280696000004,371
231,Zona_231,Urbano,2020,38.6597333025208,41.95847766000003,35.33777292000002,722
232,Zona_232,Urbano,2020,35.96339507741724,39.98969814000003,32.91097872,302
233,Zona_233,Urbano,2020,30.46747739142859,35.88123810000002,24.482141400000046,357
234,Zona_234,Urbano,2020,34.89936448776055,40.246049640000024,29.11697651999998,451
235,Zona_235,Urbano,2020,39.75030726954547,44.28273125999999,35.10876558000001,396
236,Zona_236,Urbano,2020,33.680354249502784,38.00724653999998,30.76788018000002,181
237,Zona_237,Urbano,2020,37.807757817629955,40.393024500000024,34.68493110000003,481
238,Zona_238,Urbano,2020,26.26794729807694,31.174624559999984,23.84297165999999,156
239,Zona_239,Urbano,2020,38.28386424534248,42.69335196000003,32.22395670000003,438
240,Zona_240,Urbano,2020,37.924226283578,39.70600248000005,35.15661785999998,218
241,Zona_241,Urbano,2020,39.44719835496185,42.34813194000003,34.73620140000003,262
242,Zona_242,Urbano,2020,40.52812372772095,42.21824718000005,37.573158000000035,215
243,Zona_243,Urbano,2020,39.47735986774393,41.685036060000016,35.67957492000005,328
244,Zona_244,Urbano,2020,38.286628194174774,42.58055730000001,36.216204059999995,103
245,Zona_245,Urbano,2020,37.73711331640169,40.314410039999984,33.48862410000004,717
246,Zona_246,Urbano,2020,34.91501267485717,37.83976356000005,31.041321780000033,140
247,Zona_247,Urbano,2020,29.00668575837211,36.66396468000005,23.070499140000038,602
248,Zona_248,Urbano,2020,28.246237100385166,33.591164700000036,23.637890459999994,727
249,Zona_249,Urbano,2020,33.79773387085175,38.834407380000016,27.70875228,317
250,Zona_250,Urbano,2020,37.25861920689476,39.76069080000002,33.07846170000005,380
251,Zona_251,Urbano,2020,35.374296185307145,37.85685366000001,28.83669888000003,407
252,Zona_252,Urbano,2020,37.244465442962984,39.05316066,35.474493720000055,243
253,Zona_253,Urbano,2020,37.49619841846156,39.56244564000002,33.94663878000006,221
254,Zona_254,Urbano,2020,37.14939151774538,42.70360602000005,28.959747600000014,754
255,Zona_255,Urbano,2020,38.5730418973541,40.868129280000005,35.41980540000003,257
256,Zona_256,Urbano,2020,37.08961174636365,41.44919268000001,32.282063040000025,264
257,Zona_257,Urbano,2020,40.5523688069707,42.63182760000001,37.57999404000003,614
258,Zona_258,Urbano,2020,38.75755041255321,41.343234059999986,35.741099280000014,282
259,Zona_259,Urbano,2020,38.73486920947892,41.045866320000016,33.80649996,403
260,Zona_260,Urbano,2020,38.286703185000015,42.33787788000001,29.845014780000042,204
261,Zona_261,Urbano,2020,27.31994331677421,30.3098655,24.42745308000002,279
262,Zona_262,Urbano,2020,38.20977178699117,40.68013818000003,35.83338581999999,226
263,Zona_263,Urbano,2020,37.10430842000002,40.10932883999999,34.838742000000025,153
264,Zona_264,Urbano,2020,36.44596131200926,38.68401449999999,33.09555180000001,433
265,Zona_265,Urbano,2020,38.6799359930435,40.74508056000002,36.086319300000014,207
266,Zona_266,Urbano,2020,36.43647023409839,39.99995220000005,29.199009000000046,305
267,Zona_267,Urbano,2020,35.668285096363654,37.50479760000002,34.42174355999998,33
268,Zona_268,Urbano,2020,36.546684999047635,39.46332305999999,33.119477940000024,378
269,Zona_269,Urbano,2020,37.0643040534956,41.12106276000003,31.468574279999984,452
270,Zona_270,Urbano,2020,40.456090885910754,45.22268675999999,31.91291688000001,829
271,Zona_271,Rural,2020,23.415328281965042,35.70350106000001,14.163139020000017,4346
272,Zona_272,Rural,2020,21.79470348798345,28.488060840000003,14.457088740000017,3863
273,Zona_273,Rural,2020,32.74787361493153,38.94036600000004,26.891845500000045,146
274,Zona_274,Rural,2020,22.159915714444228,44.34767364000004,16.27547537999999,9464
275,Zona_275,Rural,2020,20.961633924651046,27.681408120000015,16.98984156000006,3410
276,Zona_276,Rural,2020,20.201656907211174,28.860625020000043,17.46836436000001,3012
277,Zona_277,Rural,2020,28.811410086829557,40.345172219999995,21.474283800000023,3602
278,Zona_278,Rural,2020,24.412285272983414,32.200030560000016,18.739867800000013,3734
279,Zona_279,Rural,2020,20.956627691188316,27.643809900000008,17.365823760000012,1641
280,Zona_280,Rural,2020,28.537165411810363,39.770944859999986,19.686659340000006,3248
281,Zona_281,Rural,2020,23.662344743963143,31.53693468000006,17.570904960000007,8135
282,Zona_282,Rural,2020,21.97820987221178,32.907560699999976,14.412654480000015,16679
283,Zona_283,Rural,2020,23.676745959492205,33.150240120000035,17.485454460000028,4608
284,Zona_284,Rural,2020,26.341277999392627,35.69324700000004,20.387353440000027,2272
285,Zona_285,Rural,2020,21.132587583976658,31.779614100000003,14.187065160000031,3425
286,Zona_286,Rural,2020,21.095681492329263,31.219058819999987,14.904849360000014,5783
287,Zona_287,Rural,2020,26.516038067059206,34.28844078000003,20.223288480000008,3227
288,Zona_288,Rural,2020,21.860935469680186,26.69360033999999,17.475200400000006,2345
289,Zona_289,Rural,2020,25.869769003701123,33.70395936,20.05580550000002,7414
290,Zona_290,Rural,2020,20.818986332384434,26.44408487999999,12.88138151999999,1925
291,Zona_291,Rural,2020,24.993863370377785,29.991989640000043,18.20323866000001,2303
292,Zona_292,Rural,2020,32.70742967965667,39.16937333999999,25.175999460000014,4194
293,Zona_293,Rural,2020,23.274968303862135,32.12483412000006,13.739304540000035,3133
294,Zona_294,Rural,2020,28.90010153872643,31.89924480000002,24.960664199999997,424
295,Zona_295,Rural,2020,22.283888827984413,32.75033178000001,14.573301420000007,6921
296,Zona_296,Rural,2020,22.97308194281219,30.62090532000002,15.58161732000002,5654
297,Zona_297,Rural,2020,28.780251110468768,33.72788550000001,25.425514920000012,1152
298,Zona_298,Rural,2020,26.004379804643815,31.383123780000005,18.046009740000045,3411
299,Zona_299,Rural,2020,22.09120356650721,33.78599184000001,15.209053140000037,7441
300,Zona_300,Rural,2020,21.13153326486801,34.67125901999998,16.28914745999998,15567
301,Zona_301,Rural,2020,23.36482941191059,34.35338316000002,13.694870280000032,4428
302,Zona_302,Rural,2020,31.543326078372022,38.20549170000004,23.596874220000018,2629
303,Zona_303,Rural,2020,30.152636580000017,35.95643454000003,24.912811920000024,966
304,Zona_304,Rural,2020,29.692794179482135,42.02342004000002,21.802413720000004,7299
305,Zona_305,Rural,2020,23.11129448876384,45.49954638000003,16.408778159999997,19172
306,Zona_306,Rural,2020,20.004359758525233,25.767316919999985,17.23593900000003,5533
307,Zona_307,Rural,2020,23.808247104017646,40.112746860000016,15.082586400000025,8169
308,Zona_308,Rural,2020,25.93213187189924,32.955412980000006,18.527950560000022,4644
309,Zona_309,Rural,2020,31.514003963368438,40.051222499999994,24.60860814,1995
310,Zona_310,Rural,2020,25.508935051073873,32.25471888000004,19.38245556000004,2207
311,Zona_311,Rural,2020,27.93549049239331,34.787471700000026,22.195486020000033,1312
312,Zona_312,Rural,2020,25.547599824181585,30.303029460000005,21.85368402000006,2908
313,Zona_313,Rural,2020,26.752660909839836,32.72640564000005,22.82781971999998,2185
314,Zona_314,Rural,2020,23.81497920334791,33.86118828000002,14.58013746000006,9158
315,Zona_315,Rural,2020,21.10420847273984,33.79624590000003,14.27593367999998,10289
316,Zona_316,Rural,2020,21.432721260534638,31.301091300000053,14.105032680000022,10774
317,Zona_317,Rural,2020,24.43624851983723,30.104784300000006,18.671507399999996,3440
318,Zona_318,Rural,2020,25.586075822883316,31.714671720000013,19.604626860000053,2185
319,Zona_319,Rural,2020,21.670380138427895,37.61759226000004,15.74910030000001,22759
320,Zona_320,Rural,2020,29.736119593385844,36.82461162000004,23.733595020000053,1143
321,Zona_321,Rural,2020,26.306086959348857,32.85970842000006,18.999637320000033,1935
322,Zona_322,Rural,2020,29.276806107391327,36.78017736000004,21.69645509999998,1702
323,Zona_323,Rural,2020,29.13502342489438,36.68789082000001,22.646664660000056,3408
324,Zona_324,Rural,2020,24.76617583904851,33.91245858000002,16.757416200000023,3279
325,Zona_325,Rural,2020,28.756549381077864,38.70794064000006,23.928422160000025,1503
326,Zona_326,Rural,2020,35.199642452124245,40.44429480000002,31.919752920000008,805
327,Zona_327,Rural,2020,32.9296599672414,37.30655244000002,28.38210221999998,58
328,Zona_328,Rural,2020,34.44304426434785,36.558006060000025,31.67365547999998,207
329,Zona_329,Rural,2020,33.501845956935504,36.95791440000005,29.56815516000006,372
330,Zona_330,Rural,2020,33.6130757083986,39.41205276000005,28.594019460000027,843
331,Zona_331,Rural,2020,28.52681824048761,34.38756336000006,22.188649980000037,2297
0,Zona_0,Urbano,2021,35.3085552751695,40.492605379999986,32.11162034000006,236
1,Zona_1,Urbano,2021,32.448430333363454,43.49704496000004,26.91964796000002,443
2,Zona_2,Urbano,2021,39.07888459432435,41.57611772000001,33.32843546000004,74
3,Zona_3,Urbano,2021,36.12269743741937,38.78017736000004,33.68732756000003,279
4,Zona_4,Urbano,2021,34.243025653684235,40.74895688000004,27.104221040000027,133
5,Zona_5,Urbano,2021,33.790964850909106,36.40807147999999,30.105242599999997,374
6,Zona_6,Urbano,2021,40.358741771884716,42.488729060000026,37.1292737,451
7,Zona_7,Urbano,2021,31.65592005598748,35.73130351999998,23.180334080000023,319
8,Zona_8,Urbano,2021,36.59533876400002,37.676156900000024,35.49546013999998,85
9,Zona_9,Urbano,2021,28.541676752224426,35.14340407999998,25.54560392000002,1016
10,Zona_10,Urbano,2021,31.04665701097563,34.15559630000001,25.309760540000013,410
11,Zona_11,Urbano,2021,27.06523278043224,33.051575840000055,21.59779082,1018
12,Zona_12,Urbano,2021,32.65171247394739,35.772319760000016,28.652584100000013,532
13,Zona_13,Urbano,2021,38.24718441148938,41.89057556,33.198550700000055,423
14,Zona_14,Urbano,2021,35.32747970169016,39.24161006000003,30.37526618000004,426
15,Zona_15,Urbano,2021,39.553896995405424,45.32568565999998,32.95928930000002,444
16,Zona_16,Urbano,2021,37.37316099172934,43.81492082,33.62238518000004,665
17,Zona_17,Urbano,2021,39.5530217272585,45.91016708000001,32.53887284000001,1149
18,Zona_18,Urbano,2021,33.528526053149506,38.37685099999999,30.012956060000022,689
19,Zona_19,Urbano,2021,33.95871083586815,37.365117080000005,27.14865530000003,455
20,Zona_20,Urbano,2021,35.560402520000025,37.64881274000004,32.20390687999998,261
21,Zona_21,Urbano,2021,28.441425123822548,32.40898808000003,22.72573742000003,293
22,Zona_22,Urbano,2021,32.425426215455836,36.33971108000003,26.810271320000027,713
23,Zona_23,Urbano,2021,28.28123366587757,32.808896419999996,22.66079504000004,490
24,Zona_24,Urbano,2021,36.00463769651431,45.12060445999998,31.011017900000013,350
25,Zona_25,Urbano,2021,39.08698667983608,43.965313700000024,32.299611440000035,366
26,Zona_26,Urbano,2021,35.807743826605524,37.73426324000002,34.30940720000001,327
27,Zona_27,Urbano,2021,36.57431928766356,39.85001762000002,31.089632359999996,321
28,Zona_28,Urbano,2021,36.40989353735411,38.99551262,33.21564080000002,257
29,Zona_29,Urbano,2021,35.88745502065219,38.117081480000024,34.282063040000025,276
30,Zona_30,Urbano,2021,35.565088983682735,39.85001762000002,27.603251960000023,353
31,Zona_31,Urbano,2021,38.2570613223256,42.46480292000001,34.52474246000003,258
32,Zona_32,Urbano,2021,34.28517361904764,38.51698982000005,28.789304900000047,567
33,Zona_33,Urbano,2021,30.254117826332063,35.762065699999994,26.109577220000006,518
34,Zona_34,Urbano,2021,27.08619098450002,31.70487595999998,21.56019260000005,360
35,Zona_35,Urbano,2021,33.40704992000002,37.55652620000001,29.790784760000008,244
36,Zona_36,Urbano,2021,36.97849142531648,38.74257914000003,34.53841454000002,395
37,Zona_37,Urbano,2021,31.02938803702016,37.460821640000006,21.43030784000001,745
38,Zona_38,Urbano,2021,37.76473244685716,40.882259660000045,29.78736674000004,140
39,Zona_39,Urbano,2021,37.1765585616601,39.59024810000005,34.37434958000006,253
40,Zona_40,Urbano,2021,37.06612834768242,47.44827608000003,31.616007440000033,466
41,Zona_41,Urbano,2021,32.95808814623923,38.212786040000026,29.44556474000001,811
42,Zona_42,Urbano,2021,33.879074363903634,36.018417200000044,28.898681539999984,415
43,Zona_43,Urbano,2021,28.76907391675678,30.80251868000005,24.964540520000014,74
44,Zona_44,Urbano,2021,38.26585529789475,42.457966880000015,34.12483412000006,646
45,Zona_45,Urbano,2021,36.10743432956524,39.07070906000001,32.84307662000003,690
46,Zona_46,Urbano,2021,28.844090480731726,34.09407194000005,25.59345619999999,738
47,Zona_47,Urbano,2021,34.32185737913045,37.28650262000002,31.896285079999984,207
48,Zona_48,Urbano,2021,34.887836157707525,36.466177819999984,33.089174060000005,253
49,Zona_49,Urbano,2021,31.88922117200002,35.40659162000003,26.0207087,195
50,Zona_50,Urbano,2021,37.65888394296299,40.97112818000005,33.97444124000003,486
51,Zona_51,Urbano,2021,31.994643186025893,37.65564877999998,27.907455740000046,541
52,Zona_52,Urbano,2021,28.442354771111134,31.014435919999983,22.917146540000033,81
53,Zona_53,Urbano,2021,35.86609076854016,38.79726746000006,33.20880476000002,274
54,Zona_54,Urbano,2021,41.58704482640928,44.73778622000003,35.28354290000004,259
55,Zona_55,Urbano,2021,37.95476738330614,43.999493900000004,30.696560060000024,490
56,Zona_56,Urbano,2021,35.61928616672899,39.45352730000002,28.635493999999994,321
57,Zona_57,Urbano,2021,36.60664389723406,39.347568679999995,33.42414001999998,282
58,Zona_58,Urbano,2021,28.302412333076944,30.091570520000005,26.646206360000008,78
59,Zona_59,Urbano,2021,31.735638140000024,37.036987160000024,23.10171962000004,438
60,Zona_60,Urbano,2021,30.474015999963054,35.22543656000005,27.275122040000042,541
61,Zona_61,Urbano,2021,36.13966488638464,38.086319300000014,33.762523999999985,260
62,Zona_62,Urbano,2021,32.5927595109794,39.921796040000004,26.923065980000047,388
63,Zona_63,Urbano,2021,40.710805745000016,42.734826500000054,34.88363456000002,544
64,Zona_64,Urbano,2021,38.77277464826318,45.61279934000004,32.28593936000004,1140
65,Zona_65,Urbano,2021,35.152722084730314,38.91006212000002,30.156512900000052,241
66,Zona_66,Urbano,2021,33.66547527483147,37.071167360000004,30.419700440000042,267
67,Zona_67,Urbano,2021,36.76773539096776,38.88955400000003,32.35771778000003,186
68,Zona_68,Urbano,2021,27.556418260460845,32.74737206000003,21.36536546000002,1302
69,Zona_69,Urbano,2021,31.49525173132077,37.63855868000002,25.80537344000004,477
70,Zona_70,Urbano,2021,34.019170580863324,35.65610708000003,30.47438876000001,278
71,Zona_71,Urbano,2021,30.205143461549316,34.94174090000001,27.111057080000023,852
72,Zona_72,Urbano,2021,35.69481227238638,39.25528214000002,32.316701540000054,352
73,Zona_73,Urbano,2021,36.46139945090302,39.40567501999999,34.234210759999996,299
74,Zona_74,Urbano,2021,35.68710155262138,37.30359271999998,33.63263924,412
75,Zona_75,Urbano,2021,38.238098570765324,41.982862100000034,31.479286640000055,392
76,Zona_76,Urbano,2021,28.878463208652192,37.313846780000006,24.14763374000006,460
77,Zona_77,Urbano,2021,31.809324954500024,34.57259474,27.68870246000006,120
78,Zona_78,Urbano,2021,34.91912083268295,38.619530420000046,30.805936700000018,246
79,Zona_79,Urbano,2021,37.25912780511212,43.93796954000004,28.69018232000002,669
80,Zona_80,Urbano,2021,36.117995516000015,39.279208280000034,32.4124061,405
81,Zona_81,Urbano,2021,33.74023646134834,36.01158115999999,30.303487760000053,267
82,Zona_82,Urbano,2021,30.56701912449706,34.13167016,24.516779900000017,169
83,Zona_83,Urbano,2021,34.88488471252057,39.95939426000001,28.170643280000036,730
84,Zona_84,Urbano,2021,32.259980087413815,38.36659694000002,24.660336740000048,580
85,Zona_85,Urbano,2021,36.199777928825235,38.14442564000001,33.236148920000005,349
86,Zona_86,Urbano,2021,37.24393452034485,40.55071171999998,34.32649730000003,174
87,Zona_87,Urbano,2021,38.47863316360949,42.406696580000016,34.333333340000024,338
88,Zona_88,Urbano,2021,25.913144646363655,28.710690440000008,21.912248660000046,66
89,Zona_89,Urbano,2021,33.44156440068461,37.659066800000005,30.139422800000034,409
90,Zona_90,Urbano,2021,31.800811467297315,37.78553354000002,26.80343528000003,148
91,Zona_91,Urbano,2021,36.87129206738463,38.89297202,34.81185614000003,325
92,Zona_92,Urbano,2021,34.23571313294454,39.542395820000024,29.479744940000046,703
93,Zona_93,Urbano,2021,34.30374022191306,40.738702820000015,29.493417020000038,345
94,Zona_94,Urbano,2021,37.009397393772474,38.458883480000054,35.22543656000005,167
95,Zona_95,Urbano,2021,36.23354587637364,38.19227792000004,32.825986520000015,364
96,Zona_96,Urbano,2021,37.43888854264791,40.56438380000003,34.39143968000002,355
97,Zona_97,Urbano,2021,34.60913400288346,37.53260006000005,30.635035700000003,326
98,Zona_98,Urbano,2021,36.08620793000002,38.98867658000006,33.54035270000003,408
99,Zona_99,Urbano,2021,36.23892286588835,38.49989972000003,30.84695294000005,394
100,Zona_100,Urbano,2021,37.410120042818356,41.85297734000005,33.41730398000004,589
101,Zona_101,Urbano,2021,33.31004137549135,35.63218094000001,30.170184980000045,173
102,Zona_102,Urbano,2021,25.793376713347936,29.086672640000018,22.10365778000005,457
103,Zona_103,Urbano,2021,34.87617042230771,38.61269437999999,28.44066686000002,234
104,Zona_104,Urbano,2021,29.21091296330277,34.924650799999995,23.31705488,218
105,Zona_105,Urbano,2021,24.62165959954547,31.54081100000002,19.509380599999986,396
106,Zona_106,Urbano,2021,33.50144139900296,36.58580852,30.82302679999998,341
107,Zona_107,Urbano,2021,33.00302785681418,38.264056340000025,28.498773200000016,226
108,Zona_108,Urbano,2021,41.17618267671877,44.70360602000005,36.92077447999998,256
109,Zona_109,Urbano,2021,36.63469371813189,40.28752417999999,33.560860820000016,182
110,Zona_110,Urbano,2021,37.764974186295525,42.310992020000015,32.82256849999999,467
111,Zona_111,Urbano,2021,36.760067836593905,39.06045500000005,34.30598917999998,458
112,Zona_112,Urbano,2021,35.48208256302873,38.93057024000001,31.55448308000001,383
113,Zona_113,Urbano,2021,33.94768639379312,38.53749793999998,30.183857060000037,377
114,Zona_114,Urbano,2021,33.16932292526318,36.68834912,28.885009459999992,323
115,Zona_115,Urbano,2021,35.36873640601505,37.17028994000003,32.74737206000003,266
116,Zona_116,Urbano,2021,30.80521037075002,35.187838339999985,28.13304506000003,480
117,Zona_117,Urbano,2021,36.6258523922414,39.897869900000046,31.968063500000028,116
118,Zona_118,Urbano,2021,36.063360767615904,39.610756219999985,31.315221680000036,302
119,Zona_119,Urbano,2021,36.22239551888002,38.22645812000002,33.284001200000034,375
120,Zona_120,Urbano,2021,28.397370877182855,37.607796500000006,22.390771459999996,1072
121,Zona_121,Urbano,2021,36.44021215391511,41.82905119999998,28.502191219999986,848
122,Zona_122,Urbano,2021,29.755007616229527,34.21370264000001,21.669569239999987,488
123,Zona_123,Urbano,2021,26.212991408238228,30.429954500000008,19.441020200000025,403
124,Zona_124,Urbano,2021,34.51594548422313,37.218142220000004,31.28104148,251
125,Zona_125,Urbano,2021,34.13211388753216,38.65371062000003,26.54024774000004,778
126,Zona_126,Urbano,2021,36.84086155430169,41.835887240000034,29.41138454000003,537
127,Zona_127,Urbano,2021,38.40470475570911,44.57713927999998,30.071062400000017,550
128,Zona_128,Urbano,2021,35.2079780506587,40.35246656000004,29.48999900000001,501
129,Zona_129,Urbano,2021,35.28196853927275,39.12881540000001,30.864043040000013,495
130,Zona_130,Urbano,2021,35.35906746992003,38.61611240000002,30.26588953999999,250
131,Zona_131,Urbano,2021,35.64099327592419,40.755792919999976,31.072542259999977,422
132,Zona_132,Urbano,2021,34.907114505270954,39.13906946000003,31.65702368000001,406
133,Zona_133,Urbano,2021,35.954338319789485,37.64881274000004,34.87338050000005,95
134,Zona_134,Urbano,2021,29.41999795040002,33.36945170000001,25.644726500000047,375
135,Zona_135,Urbano,2021,34.47945369500002,39.28604432000003,29.99586596000006,468
136,Zona_136,Urbano,2021,36.05025422905663,38.32216268000002,31.83134270000005,159
137,Zona_137,Urbano,2021,35.26328796666669,38.42470328000002,32.42949620000002,783
138,Zona_138,Urbano,2021,33.20876093923079,38.42470328000002,28.303946060000044,156
139,Zona_139,Urbano,2021,36.03646479094465,38.51357180000002,32.68242968000004,307
140,Zona_140,Urbano,2021,36.44483515159237,38.40761318,32.94903524000006,471
141,Zona_141,Urbano,2021,35.02604660861246,40.12345922000003,26.748746960000005,418
142,Zona_142,Urbano,2021,35.11288726704509,38.50331774000006,31.322057720000032,599
143,Zona_143,Urbano,2021,33.77841317405407,35.03060942000002,31.99882567999998,74
144,Zona_144,Urbano,2021,32.76819620131389,36.62340674000001,29.25073759999998,411
145,Zona_145,Urbano,2021,37.68588171819357,42.62203183999998,31.759564280000006,465
146,Zona_146,Urbano,2021,32.92577523169331,36.934446560000026,30.28981568000006,313
147,Zona_147,Urbano,2021,31.236492557987237,36.06626948000002,25.227728060000004,626
148,Zona_148,Urbano,2021,37.00264764550849,38.71523497999999,33.646311319999995,236
149,Zona_149,Urbano,2021,25.03936835000002,30.594019460000027,20.39806580000004,306
150,Zona_150,Urbano,2021,41.01694409033805,46.98342536000001,31.32547574,710
151,Zona_151,Urbano,2021,28.095529534032277,33.21905881999999,25.26532628000001,1364
152,Zona_152,Urbano,2021,34.59594997427334,37.457403620000036,28.792722920000017,461
153,Zona_153,Urbano,2021,35.240920779913814,39.28604432000003,28.348380320000047,232
154,Zona_154,Urbano,2021,36.273983140391216,41.00530838000003,29.941177639999978,409
155,Zona_155,Urbano,2021,38.640880895639825,44.56346719999999,31.766400320000002,844
156,Zona_156,Urbano,2021,35.16467675710528,41.24115175999998,31.479286640000055,760
157,Zona_157,Urbano,2021,27.65373486272253,30.693142039999998,24.756041299999993,191
158,Zona_158,Urbano,2021,35.67914045358211,39.74405899999999,30.019792100000018,670
159,Zona_159,Urbano,2021,34.54515292228573,38.11024544000003,29.814710900000023,245
160,Zona_160,Urbano,2021,30.869063256875016,35.58774668000001,28.994386100000042,256
161,Zona_161,Urbano,2021,35.34964188272729,37.17370796,32.367971839999996,396
162,Zona_162,Urbano,2021,35.93951080946621,41.12152106000002,30.662379859999987,281
163,Zona_163,Urbano,2021,37.16574587968873,42.635703920000026,32.361135800000056,1542
164,Zona_164,Urbano,2021,35.44504434500002,38.13758960000001,33.10284614,216
165,Zona_165,Urbano,2021,34.91544571855174,41.111267,30.83328086000006,290
166,Zona_166,Urbano,2021,31.33456426827588,36.10728572000005,26.294150300000013,522
167,Zona_167,Urbano,2021,32.26052331384617,34.84603634000001,28.618403900000033,351
168,Zona_168,Urbano,2021,36.64342923967215,38.95107836,34.37434958000006,183
169,Zona_169,Urbano,2021,31.877415452597106,39.248446100000024,28.628657960000055,824
170,Zona_170,Urbano,2021,34.372429870137005,36.26109661999999,31.896285079999984,219
171,Zona_171,Urbano,2021,29.98551825561646,33.99153134000005,27.046114700000032,803
172,Zona_172,Urbano,2021,25.459406955862086,30.788846600000056,22.18569026,174
173,Zona_173,Urbano,2021,32.85425170335331,35.91245858000002,25.13202350000006,334
174,Zona_174,Urbano,2021,33.60533319918217,36.83532398,31.28104148,269
175,Zona_175,Urbano,2021,34.00184453529413,37.37537114000003,29.86939921999999,289
176,Zona_176,Urbano,2021,40.472243681204844,46.07081402000006,36.42516158000001,747
177,Zona_177,Urbano,2021,35.5295050621636,38.68105478000001,33.20880476000002,379
178,Zona_178,Urbano,2021,37.15545089963638,42.902309479999985,29.599375640000005,495
179,Zona_179,Urbano,2021,37.920734362708814,41.22064364000005,34.93490486000002,443
180,Zona_180,Urbano,2021,33.11759426333335,36.21324434000002,28.635493999999994,270
181,Zona_181,Urbano,2021,37.89171930689875,40.77971906000005,33.465156260000015,632
182,Zona_182,Urbano,2021,35.80649124056124,39.5389778,30.09498854000003,392
183,Zona_183,Urbano,2021,36.36127089846156,38.17518782000002,33.249821,299
184,Zona_184,Urbano,2021,32.56251488483119,35.43051776000004,26.071979000000056,385
185,Zona_185,Urbano,2021,40.51444273000001,45.72901202000003,34.808438120000005,450
186,Zona_186,Urbano,2021,29.74397406597635,36.22691642000001,25.969438400000058,676
187,Zona_187,Urbano,2021,35.41403736086488,38.58535022000001,30.662379859999987,185
188,Zona_188,Urbano,2021,38.44362934502859,40.52336756,35.12289596000005,350
189,Zona_189,Urbano,2021,28.899611760632926,33.27032912000004,26.304404360000035,158
190,Zona_190,Urbano,2021,34.27964516461541,41.28900404000001,24.407403260000024,663
191,Zona_191,Urbano,2021,32.483957758155356,37.14294577999999,28.912353619999976,618
192,Zona_192,Urbano,2021,38.40000391182521,41.57953573999998,34.37093156000003,389
193,Zona_193,Urbano,2021,32.71108545631514,43.84226497999998,25.111515380000014,787
194,Zona_194,Urbano,2021,33.42910726451221,39.14932352000005,26.847869540000033,492
195,Zona_195,Urbano,2021,38.8299194106731,42.522909260000006,34.24788283999999,208
196,Zona_196,Urbano,2021,36.20043706024098,39.35782274000002,33.86164658000001,332
197,Zona_197,Urbano,2021,34.416332532727296,36.48668594000003,32.24150510000004,99
198,Zona_198,Urbano,2021,27.722115035173765,33.50275448000002,23.42643152000005,1554
199,Zona_199,Urbano,2021,35.99390208849953,44.621573539999986,29.219975420000026,1033
200,Zona_200,Urbano,2021,30.731043122531666,34.336751359999994,27.370826599999987,79
201,Zona_201,Urbano,2021,33.57409221188681,38.031630980000045,27.784407020000003,318
202,Zona_202,Urbano,2021,34.258365430407,38.63320250000004,29.989029920000007,344
203,Zona_203,Urbano,2021,41.146719522902224,43.92429746000005,37.48474778000002,317
204,Zona_204,Urbano,2021,34.37252171798563,39.04336490000003,29.828382980000015,417
205,Zona_205,Urbano,2021,31.118614742603572,35.707377380000025,25.569530060000034,169
206,Zona_206,Urbano,2021,37.540495835458536,40.06535287999998,33.577950920000035,458
207,Zona_207,Urbano,2021,35.615452444131,40.73186678000002,30.98367374000003,397
208,Zona_208,Urbano,2021,33.154264406233786,35.28354290000004,30.09498854000003,231
209,Zona_209,Urbano,2021,34.74960368106511,36.59264456000005,33.461738240000045,169
210,Zona_210,Urbano,2021,34.40997908750002,36.903684380000016,30.156512900000052,408
211,Zona_211,Urbano,2021,34.949209348986805,36.985716860000025,33.174624559999984,227
212,Zona_212,Urbano,2021,34.15143299744363,40.95745610000006,28.88842748000002,133
213,Zona_213,Urbano,2021,32.866732442073825,40.034590700000024,25.743849080000018,569
214,Zona_214,Urbano,2021,36.295295844230075,41.9486819,31.39041812000005,539
215,Zona_215,Urbano,2021,36.54980537600002,38.359760900000026,33.988113320000025,270
216,Zona_216,Urbano,2021,28.06467240903228,32.72344592000002,22.161764120000043,279
217,Zona_217,Urbano,2021,32.00364198090911,35.94322076000003,27.753644839999993,264
218,Zona_218,Urbano,2021,29.62662275842273,36.48668594000003,21.85414232000005,634
219,Zona_219,Urbano,2021,29.12065924121096,33.93342500000006,21.48157814000001,512
220,Zona_220,Urbano,2021,32.52846060201209,36.496939999999995,26.519739619999996,497
221,Zona_221,Urbano,2021,26.346314939067685,31.732220120000022,19.950305179999987,665
222,Zona_222,Urbano,2021,31.905188208285733,37.94959849999998,25.44306332000002,630
223,Zona_223,Urbano,2021,38.26274382032001,41.34369235999998,34.81185614000003,125
224,Zona_224,Urbano,2021,34.146001362314074,38.838283700000034,26.567591900000025,363
225,Zona_225,Urbano,2021,36.6317821935878,39.197175800000025,32.73369997999998,262
226,Zona_226,Urbano,2021,36.48441723670755,40.48576934000005,32.614069280000024,571
227,Zona_227,Urbano,2021,30.53174681361783,35.591164700000036,28.11937297999998,539
228,Zona_228,Urbano,2021,34.644936324796106,38.05897514000003,30.641871740000056,613
229,Zona_229,Urbano,2021,35.07802565629631,37.26257648000001,30.214619240000047,243
230,Zona_230,Urbano,2021,37.26361754808627,41.50092128000006,33.18146060000004,371
231,Zona_231,Urbano,2021,37.15510768218839,41.52142939999999,32.761044140000024,722
232,Zona_232,Urbano,2021,35.276208870331146,38.790431420000004,32.23125104000002,302
233,Zona_233,Urbano,2021,27.329322071428592,34.32649730000003,21.74134766000003,357
234,Zona_234,Urbano,2021,32.65729851742796,38.031630980000045,26.112995240000032,451
235,Zona_235,Urbano,2021,38.345104844545475,43.37741426000002,33.48908240000003,396
236,Zona_236,Urbano,2021,32.6355782566851,37.071167360000004,29.67115406000005,181
237,Zona_237,Urbano,2021,35.627256433014566,38.91689816000002,32.501274620000004,481
238,Zona_238,Urbano,2021,24.517634405000024,29.55835940000003,21.90883064000002,156
239,Zona_239,Urbano,2021,35.98279331575345,40.67034242,29.777112680000016,438
240,Zona_240,Urbano,2021,35.97567627100919,37.38220718000002,33.37970575999998,218
241,Zona_241,Urbano,2021,37.57509048419849,40.595145979999984,31.639933580000047,262
242,Zona_242,Urbano,2021,39.890541029209324,42.08540270000003,35.133150020000016,215
243,Zona_243,Urbano,2021,37.512790133109775,40.22258180000006,33.1472804,328
244,Zona_244,Urbano,2021,34.96427328427186,39.85343564000004,31.55106506000004,103
245,Zona_245,Urbano,2021,36.05462342301257,39.607338200000015,31.40409020000004,717
246,Zona_246,Urbano,2021,33.51017646628573,36.77038160000001,29.27808176000002,140
247,Zona_247,Urbano,2021,26.72806850677743,33.988113320000025,20.780884040000046,602
248,Zona_248,Urbano,2021,27.43858520280607,33.663401420000014,22.240378580000026,727
249,Zona_249,Urbano,2021,32.46246877148267,38.35634288000006,27.743390780000027,317
250,Zona_250,Urbano,2021,34.01612309442107,36.27476869999998,30.566675300000043,380
251,Zona_251,Urbano,2021,32.87817221110567,35.65610708000003,27.193089560000033,407
252,Zona_252,Urbano,2021,35.32160529555557,37.412969360000034,33.321599419999984,243
253,Zona_253,Urbano,2021,35.48146327076925,38.53066190000004,31.12723058000006,221
254,Zona_254,Urbano,2021,36.53185910883291,43.23043940000002,27.716046620000043,754
255,Zona_255,Urbano,2021,36.41740786147862,38.09315534000001,33.37286972000004,257
256,Zona_256,Urbano,2021,34.96033285727274,39.39200294,30.484642819999976,264
257,Zona_257,Urbano,2021,39.564635217231285,41.965772000000015,35.902204520000055,614
258,Zona_258,Urbano,2021,37.298368724893635,40.40715488000001,33.810376280000014,282
259,Zona_259,Urbano,2021,37.04955665290325,39.29629838000005,32.67559363999999,403
260,Zona_260,Urbano,2021,35.843310695000014,39.91837801999998,27.958726039999988,204
261,Zona_261,Urbano,2021,24.84824208322582,28.160389220000013,22.12416589999998,279
262,Zona_262,Urbano,2021,35.57882353044249,38.09315534000001,33.36603367999999,226
263,Zona_263,Urbano,2021,35.63546492000002,39.36124075999999,32.94903524000006,153
264,Zona_264,Urbano,2021,35.075612034364916,36.81823387999998,31.185336920000054,433
265,Zona_265,Urbano,2021,37.570875279130455,39.80900138000004,34.93490486000002,207
266,Zona_266,Urbano,2021,34.74760857062297,38.619530420000046,27.203343620000055,305
267,Zona_267,Urbano,2021,32.24606246000002,34.26839096000003,31.01785394000001,33
268,Zona_268,Urbano,2021,34.463200015238115,37.95985256000006,31.35965594000004,378
269,Zona_269,Urbano,2021,35.70801258725666,40.017500600000005,28.960205900000005,452
270,Zona_270,Urbano,2021,39.83371914827505,43.38425030000002,30.88455116,829
271,Zona_271,Rural,2021,19.561349289728508,29.698498220000033,13.43555906000006,4346
272,Zona_272,Rural,2021,19.361776640279594,26.830779440000015,10.595184440000025,3863
273,Zona_273,Rural,2021,30.369717750273985,37.15661785999998,24.779967440000007,146
274,Zona_274,Rural,2021,20.43596197715344,36.09703166000003,12.74853704000003,9464
275,Zona_275,Rural,2021,20.58311098774782,26.454797240000005,17.25348740000004,3410
276,Zona_276,Rural,2021,19.521677301434284,26.03779880000002,16.921939460000033,3012
277,Zona_277,Rural,2021,26.435079572709625,37.050659240000016,19.899034880000045,3602
278,Zona_278,Rural,2021,22.489283483133388,29.387458400000014,17.60212544000001,3734
279,Zona_279,Rural,2021,20.46375593696529,26.078815039999995,17.591871380000043,1641
280,Zona_280,Rural,2021,26.626124440153962,35.40317360000006,19.96055924000001,3248
281,Zona_281,Rural,2021,21.974344860838375,30.782010560000003,16.89459529999999,8135
282,Zona_282,Rural,2021,20.766446343193255,30.788846600000056,14.037130580000053,16679
283,Zona_283,Rural,2021,22.243301847539083,31.185336920000054,16.467342799999983,4608
284,Zona_284,Rural,2021,24.631566399119738,32.88067483999998,20.94494900000001,2272
285,Zona_285,Rural,2021,20.818423380239434,30.566675300000043,17.335519879999993,3425
286,Zona_286,Rural,2021,20.431435084655046,26.42745308000002,14.949741920000008,5783
287,Zona_287,Rural,2021,24.67592172490241,31.216099100000008,18.473720540000045,3227
288,Zona_288,Rural,2021,20.82849873481452,25.552439960000015,16.59722756000002,2345
289,Zona_289,Rural,2021,24.842597792713804,33.12677228000001,19.345315640000024,7414
290,Zona_290,Rural,2021,20.465463827615604,25.521677780000005,16.956119660000013,1925
291,Zona_291,Rural,2021,23.42965511506732,28.80981301999998,18.812104520000048,2303
292,Zona_292,Rural,2021,31.134503448497874,36.91052042000001,23.867356100000052,4194
293,Zona_293,Rural,2021,21.890491375333564,29.185795220000045,14.676300319999996,3133
294,Zona_294,Rural,2021,27.018996258301904,30.416282420000016,23.49479192000001,424
295,Zona_295,Rural,2021,20.085738975214586,31.267369400000007,10.85153594000002,6921
296,Zona_296,Rural,2021,20.74488238717724,26.512903580000057,11.58982825999999,5654
297,Zona_297,Rural,2021,25.877110321562515,29.56177742,23.31363686000003,1152
298,Zona_298,Rural,2021,23.63244363192614,27.924545840000008,17.22272522000003,3411
299,Zona_299,Rural,2021,20.294342374909302,31.479286640000055,13.900409780000018,7441
300,Zona_300,Rural,2021,19.915264930899998,30.053972300000055,15.346232240000006,15567
301,Zona_301,Rural,2021,22.461304788252054,32.38847996000004,15.086462719999986,4428
302,Zona_302,Rural,2021,29.28860624531763,35.63218094000001,23.115391700000032,2629
303,Zona_303,Rural,2021,28.225239603602503,33.61896716000001,23.6110046,966
304,Zona_304,Rural,2021,26.66003718897659,36.985716860000025,19.51963466000001,7299
305,Zona_305,Rural,2021,20.575237329910305,37.40955134000001,12.413571079999997,19172
306,Zona_306,Rural,2021,19.816295074335823,25.381538960000057,17.212471160000007,5533
307,Zona_307,Rural,2021,21.92173660485496,36.07652354000004,15.821337019999987,8169
308,Zona_308,Rural,2021,24.138905424069783,29.60621168,17.766190400000028,4644
309,Zona_309,Rural,2021,28.30056915903761,37.13952776000002,22.571926520000034,1995
310,Zona_310,Rural,2021,23.23226723118262,29.1652871,18.572843120000016,2207
311,Zona_311,Rural,2021,25.172948558064043,31.26053336000001,20.192984600000045,1312
312,Zona_312,Rural,2021,23.25129325655435,27.210179659999994,14.618193980000001,2908
313,Zona_313,Rural,2021,24.458011856356997,30.354758059999995,20.558712740000033,2185
314,Zona_314,Rural,2021,21.176113969790364,28.28343794,12.201653840000006,9158
315,Zona_315,Rural,2021,19.03625308261446,31.380164060000027,11.391583100000048,10289
316,Zona_316,Rural,2021,18.147159724039373,31.328893760000028,8.339291240000023,10774
317,Zona_317,Rural,2021,21.887399455877926,27.14523728000006,16.43658062000003,3440
318,Zona_318,Rural,2021,23.00124860373457,29.27466374000005,17.639723660000016,2185
319,Zona_319,Rural,2021,20.26248909580212,33.83430242000003,10.519988000000012,22759
320,Zona_320,Rural,2021,27.87043466598427,34.50081632000001,23.180334080000023,1143
321,Zona_321,Rural,2021,23.320421673860483,29.240483540000014,17.773026440000024,1935
322,Zona_322,Rural,2021,26.119072166274993,33.15411644000005,19.355569700000046,1702
323,Zona_323,Rural,2021,26.51847090072185,33.35577962000002,21.84388826000003,3408
324,Zona_324,Rural,2021,22.058422959048507,28.256093780000015,13.257822020000049,3279
325,Zona_325,Rural,2021,25.754228217245526,36.97546280000006,21.642225080000003,1503
326,Zona_326,Rural,2021,31.411372068695666,34.84603634000001,28.51244528000001,805
327,Zona_327,Rural,2021,28.768561054482777,32.15605460000006,26.738492899999983,58
328,Zona_328,Rural,2021,32.7149421504348,35.29037893999998,28.66967420000003,207
329,Zona_329,Rural,2021,31.326688585806473,36.643914859999995,27.12814718000004,372
330,Zona_330,Rural,2021,31.27285931587191,36.760127539999985,25.51484174000001,843
331,Zona_331,Rural,2021,27.57709078907272,32.73369997999998,21.00989138,2297
0,Zona_0,Urbano,2022,30.127749392711884,34.86654446,26.87179567999999,236
1,Zona_1,Urbano,2022,28.988337053318304,39.23819204000006,23.02310516,443
2,Zona_2,Urbano,2022,32.29854908243245,34.312825220000036,27.32981036000001,74
3,Zona_3,Urbano,2022,32.41647342129035,34.57943078000005,29.992447940000034,279
4,Zona_4,Urbano,2022,28.948589771879714,33.60187705999999,22.08656768000003,133
5,Zona_5,Urbano,2022,30.813293668181835,33.15411644000005,26.10615919999998,374
6,Zona_6,Urbano,2022,34.21411189294902,36.13804790000006,30.911895319999985,451
7,Zona_7,Urbano,2022,29.190499015548607,33.94709708000005,18.914645120000046,319
8,Zona_8,Urbano,2022,31.32278153600002,32.299611440000035,29.50708910000003,85
9,Zona_9,Urbano,2022,25.494397539665375,31.5749912,23.194006160000015,1016
10,Zona_10,Urbano,2022,25.037194286585386,29.677990099999988,19.99473943999999,410
11,Zona_11,Urbano,2022,25.170216012279,30.70339610000002,19.99473943999999,1018
12,Zona_12,Urbano,2022,28.37316738984964,31.817670620000058,25.449899360000018,532
13,Zona_13,Urbano,2022,34.27143728042555,37.559944220000034,30.29323370000003,423
14,Zona_14,Urbano,2022,32.24737029394368,35.905622540000024,27.729718700000035,426
15,Zona_15,Urbano,2022,35.7969002506757,40.81048124000006,29.27808176000002,444
16,Zona_16,Urbano,2022,32.242029367729344,36.14488394,28.83715718000002,665
17,Zona_17,Urbano,2022,36.84604508015668,42.43745876000003,29.73951446000001,1149
18,Zona_18,Urbano,2022,30.661839128243855,35.58774668000001,27.374244620000013,689
19,Zona_19,Urbano,2022,30.21866076694507,33.841138460000025,22.766753660000006,455
20,Zona_20,Urbano,2022,33.021926808275886,34.839200300000016,28.86450134000006,261
21,Zona_21,Urbano,2022,21.12406258047783,25.945512259999987,16.40581844000002,293
22,Zona_22,Urbano,2022,26.644260054081364,31.98515359999999,17.345773940000015,713
23,Zona_23,Urbano,2022,27.407817947061243,31.32547574,21.488414180000007,490
24,Zona_24,Urbano,2022,31.530351858800017,38.216204059999995,26.41036298000006,350
25,Zona_25,Urbano,2022,33.95877998442625,38.790431420000004,26.71798478000005,366
26,Zona_26,Urbano,2022,34.191166703853234,36.64733288000002,32.34746372000001,327
27,Zona_27,Urbano,2022,31.628923509345817,35.14682210000001,26.65646042000003,321
28,Zona_28,Urbano,2022,32.197483130350214,35.53989439999998,28.775632820000055,257
29,Zona_29,Urbano,2022,33.47766423173915,35.66636114000005,32.367971839999996,276
30,Zona_30,Urbano,2022,33.65464819031163,38.185441879999985,26.465051300000027,353
31,Zona_31,Urbano,2022,34.25202950767443,36.84899605999999,31.339147819999994,258
32,Zona_32,Urbano,2022,26.543918946666686,31.352819899999986,20.45959016000006,567
33,Zona_33,Urbano,2022,22.72099970115832,29.257573640000032,16.87750520000003,518
34,Zona_34,Urbano,2022,20.365907928500018,26.40010891999998,14.033712560000026,360
35,Zona_35,Urbano,2022,26.14017130065576,36.61998872000004,9.761187560000053,244
36,Zona_36,Urbano,2022,33.2518891184304,35.74839362,30.32741390000001,395
37,Zona_37,Urbano,2022,30.085363028644316,36.332875039999976,20.179312520000053,745
38,Zona_38,Urbano,2022,31.68927514014288,34.38460364000002,24.913270220000015,140
39,Zona_39,Urbano,2022,34.69395471494073,37.19079806000002,32.152636580000035,253
40,Zona_40,Urbano,2022,33.40208425575109,42.87838334000003,28.28343794,466
41,Zona_41,Urbano,2022,30.30347933085082,34.96908506,26.86837766000002,811
42,Zona_42,Urbano,2022,29.712038520915684,32.42266016000002,24.33220682000001,415
43,Zona_43,Urbano,2022,18.752658685675694,20.770629980000024,16.751038460000018,74
44,Zona_44,Urbano,2022,32.37163853947371,37.24206836000002,27.47678522000001,646
45,Zona_45,Urbano,2022,32.03350619886958,35.40659162000003,29.141360960000043,690
46,Zona_46,Urbano,2022,26.989212540487824,32.69268374000001,24.110035519999997,738
47,Zona_47,Urbano,2022,30.92157145391306,34.21028462000004,28.874755400000026,207
48,Zona_48,Urbano,2022,30.860314290909113,32.58330710000001,27.95189000000005,253
49,Zona_49,Urbano,2022,26.53856502246156,30.40602836000005,21.115850000000023,195
50,Zona_50,Urbano,2022,30.450842400000017,32.91827306000005,27.606669979999992,486
51,Zona_51,Urbano,2022,28.484324010092436,32.68926571999998,25.675488680000058,541
52,Zona_52,Urbano,2022,26.8619635977778,29.45923682,21.290169020000008,81
53,Zona_53,Urbano,2022,32.681094905766436,35.29037893999998,30.532495100000006,274
54,Zona_54,Urbano,2022,36.87268465420851,39.76114910000001,32.40557006000006,259
55,Zona_55,Urbano,2022,31.249093456326552,36.61657070000001,26.24629802000004,490
56,Zona_56,Urbano,2022,33.160547854579455,37.09167548000005,28.11253694000004,321
57,Zona_57,Urbano,2022,31.76728512659576,34.42220186000003,28.72094450000003,282
58,Zona_58,Urbano,2022,18.671220746923098,20.374139660000026,17.034734120000053,78
59,Zona_59,Urbano,2022,27.455200189589057,32.41924214000005,17.99519773999998,438
60,Zona_60,Urbano,2022,28.532852312532366,32.29277539999998,25.12176943999998,541
61,Zona_61,Urbano,2022,32.556120694769255,34.17610442,30.317159840000045,260
62,Zona_62,Urbano,2022,32.008374993608264,39.556067900000016,26.041216820000045,388
63,Zona_63,Urbano,2022,35.880144468125025,38.01112286,30.68972402000003,544
64,Zona_64,Urbano,2022,34.89745355489475,43.45261070000004,28.990968080000016,1140
65,Zona_65,Urbano,2022,33.24275803751039,36.55162832000002,29.110598780000032,241
66,Zona_66,Urbano,2022,31.467790827415755,34.53499652000005,28.437248840000052,267
67,Zona_67,Urbano,2022,33.236130543548406,34.93148684000005,29.29858988000001,186
68,Zona_68,Urbano,2022,25.629967584147487,30.751248379999993,20.421991939999998,1302
69,Zona_69,Urbano,2022,28.378762720000015,34.14534223999999,22.589016620000052,477
70,Zona_70,Urbano,2022,30.08482054525182,31.564737140000034,26.77267310000002,278
71,Zona_71,Urbano,2022,27.846741755633825,31.961227460000032,24.492853760000003,852
72,Zona_72,Urbano,2022,27.79016521846593,31.03152602,25.29950647999999,352
73,Zona_73,Urbano,2022,34.16935983204016,37.676156900000024,31.60575338000001,299
74,Zona_74,Urbano,2022,33.103451760048564,35.19467438000004,30.22829132000004,412
75,Zona_75,Urbano,2022,33.768897909744915,36.58922654000003,27.14865530000003,392
76,Zona_76,Urbano,2022,27.794408443739147,35.73130351999998,21.895158560000027,460
77,Zona_77,Urbano,2022,29.884609409000014,32.27226728000005,25.67207066000003,120
78,Zona_78,Urbano,2022,32.524422674146365,36.28844078000003,29.045656399999984,246
79,Zona_79,Urbano,2022,34.527588255426025,40.34221250000002,26.847869540000033,669
80,Zona_80,Urbano,2022,32.877991061333354,36.22691642000001,30.166766960000018,405
81,Zona_81,Urbano,2022,30.16176154494384,32.69268374000001,26.69064062000001,267
82,Zona_82,Urbano,2022,26.231614691479308,30.925567399999977,15.56840354000002,169
83,Zona_83,Urbano,2022,29.014393222547962,33.80695825999999,20.921022859999994,730
84,Zona_84,Urbano,2022,30.393081135965534,36.97546280000006,22.39760750000005,580
85,Zona_85,Urbano,2022,33.90270199501435,35.78599184000001,30.799100660000022,349
86,Zona_86,Urbano,2022,34.36122752620691,37.180544000000054,31.742474180000045,174
87,Zona_87,Urbano,2022,34.800064982248536,38.657128639999996,31.192172959999994,338
88,Zona_88,Urbano,2022,24.824401700000013,27.651104239999995,20.493770359999985,66
89,Zona_89,Urbano,2022,32.4191752838631,36.44908772000002,28.850829260000012,409
90,Zona_90,Urbano,2022,28.094661619189207,32.856748700000026,23.173498040000027,148
91,Zona_91,Urbano,2022,33.94880083150771,35.52622231999999,31.70487595999998,325
92,Zona_92,Urbano,2022,31.08353048930301,36.2918588,26.075397020000025,703
93,Zona_93,Urbano,2022,31.970906896347845,39.09805322,27.333228380000037,345
94,Zona_94,Urbano,2022,34.35449640994014,35.94322076000003,31.93046528000002,167
95,Zona_95,Urbano,2022,33.872661243351665,35.54331242000001,30.334249940000007,364
96,Zona_96,Urbano,2022,32.47412302450706,34.93148684000005,29.288335820000043,355
97,Zona_97,Urbano,2022,30.724669604846643,32.66533958000002,26.697476660000007,326
98,Zona_98,Urbano,2022,32.608565262500015,34.65120920000004,30.047136260000002,408
99,Zona_99,Urbano,2022,34.179080005939106,36.637078820000056,29.513925140000026,394
100,Zona_100,Urbano,2022,33.0030794170119,37.40271530000001,29.387458400000014,589
101,Zona_101,Urbano,2022,29.098151655144527,32.183398760000046,25.54560392000002,173
102,Zona_102,Urbano,2022,17.566097863763698,22.964998820000005,9.997030940000059,457
103,Zona_103,Urbano,2022,28.421487970000015,32.067186080000056,20.84240840000001,234
104,Zona_104,Urbano,2022,24.46135466743121,32.220996979999995,19.109472260000018,218
105,Zona_105,Urbano,2022,12.520643145909112,18.278893400000015,7.498458320000054,396
106,Zona_106,Urbano,2022,30.50164270832847,34.02571154000003,27.049532720000002,341
107,Zona_107,Urbano,2022,16.741631343008873,37.51550996000003,8.448667880000016,226
108,Zona_108,Urbano,2022,36.837567055625016,40.69426856000001,33.19171466,256
109,Zona_109,Urbano,2022,31.28106026032969,33.97444124000003,28.00316029999999,182
110,Zona_110,Urbano,2022,32.58925752882229,37.248904400000015,29.055910460000007,467
111,Zona_111,Urbano,2022,32.71313215659391,35.05111754000001,29.91725150000002,458
112,Zona_112,Urbano,2022,30.717487623707587,33.58478696000003,27.473367199999984,383
113,Zona_113,Urbano,2022,29.96921084381965,33.205386739999994,26.62569824000002,377
114,Zona_114,Urbano,2022,31.634737766315805,34.93490486000002,26.912811920000024,323
115,Zona_115,Urbano,2022,32.41609396368423,34.19661254000005,30.214619240000047,266
116,Zona_116,Urbano,2022,27.88342278687502,32.12529242000005,25.128605480000033,480
117,Zona_117,Urbano,2022,35.40190657534485,38.349506840000004,30.7375763,116
118,Zona_118,Urbano,2022,33.52977041953644,37.14294577999999,28.970459960000028,302
119,Zona_119,Urbano,2022,32.55074020544002,34.972503080000024,29.15161502000001,375
120,Zona_120,Urbano,2022,26.034055557947777,34.90414268000001,19.608503180000014,1072
121,Zona_121,Urbano,2022,33.07827509056606,37.43347748000002,25.20038390000002,848
122,Zona_122,Urbano,2022,28.567175624836086,33.547188740000024,20.43566401999999,488
123,Zona_123,Urbano,2022,15.438561187196049,20.114370140000005,8.657167100000038,403
124,Zona_124,Urbano,2022,30.636737901195236,33.058411879999994,27.418678880000016,251
125,Zona_125,Urbano,2022,31.677887660694108,35.44077182000001,25.466989460000036,778
126,Zona_126,Urbano,2022,34.376042677430185,38.41444922000005,26.782927159999986,537
127,Zona_127,Urbano,2022,35.2785463762182,40.49944142000004,27.305884220000053,550
128,Zona_128,Urbano,2022,30.889627022035945,35.970564920000015,26.065142960000003,501
129,Zona_129,Urbano,2022,32.44383116872729,36.23033443999998,27.34690046000003,495
130,Zona_130,Urbano,2022,34.07320834592002,37.52918204000002,28.891845500000045,250
131,Zona_131,Urbano,2022,34.778518295639834,39.805583360000014,30.320577860000014,422
132,Zona_132,Urbano,2022,30.776100584532042,34.90072466000004,28.153553180000017,406
133,Zona_133,Urbano,2022,31.88570720757897,33.73176182000003,30.867461059999982,95
134,Zona_134,Urbano,2022,27.139959857120022,30.82302679999998,23.27945666000005,375
135,Zona_135,Urbano,2022,31.184665001538477,36.19273622000003,27.627178100000037,468
136,Zona_136,Urbano,2022,32.39806761358493,34.11458005999998,28.936279760000048,159
137,Zona_137,Urbano,2022,31.14150070436784,33.74543390000002,28.529535380000027,783
138,Zona_138,Urbano,2022,31.94286655769233,36.86608616000001,27.497293340000056,156
139,Zona_139,Urbano,2022,33.484328346123796,35.970564920000015,30.720486199999982,307
140,Zona_140,Urbano,2022,32.97807026764333,35.53647638000001,30.423118460000012,471
141,Zona_141,Urbano,2022,32.806361524784705,38.26747436000005,25.730177000000026,418
142,Zona_142,Urbano,2022,32.58372935956596,35.628762919999986,29.339606119999985,599
143,Zona_143,Urbano,2022,29.50990665702704,31.71854804000003,26.56075586000003,74
144,Zona_144,Urbano,2022,30.88376942306571,33.44123012,27.01877053999999,411
145,Zona_145,Urbano,2022,32.547487720516145,36.33629306,27.217015700000047,465
146,Zona_146,Urbano,2022,27.866603302875415,31.75272824000001,22.927400600000055,313
147,Zona_147,Urbano,2022,24.777373894472866,29.811292879999996,19.64610140000002,626
148,Zona_148,Urbano,2022,32.578310418220354,35.73130351999998,25.760939180000037,236
149,Zona_149,Urbano,2022,18.11829114000002,23.07095744000003,14.689972399999988,306
150,Zona_150,Urbano,2022,37.10998836461973,42.49898312000005,28.078356740000004,710
151,Zona_151,Urbano,2022,24.242746912375388,29.431892660000017,20.603147000000035,1364
152,Zona_152,Urbano,2022,32.747935551366616,35.74839362,28.225331600000004,461
153,Zona_153,Urbano,2022,29.09081256939657,33.14044436000006,20.84582641999998,232
154,Zona_154,Urbano,2022,33.12045437506114,38.01454088000003,27.387916700000005,409
155,Zona_155,Urbano,2022,34.571140866563994,40.017500600000005,27.62376008000001,844
156,Zona_156,Urbano,2022,29.573569589000023,33.810376280000014,25.159367660000044,760
157,Zona_157,Urbano,2022,25.4728770441885,29.06616452000003,22.390771459999996,191
158,Zona_158,Urbano,2022,32.078531865791064,35.707377380000025,28.037340500000028,670
159,Zona_159,Urbano,2022,32.7143498014694,35.888532440000006,28.433830820000026,245
160,Zona_160,Urbano,2022,29.391103397890646,33.73517984,27.500711360000025,256
161,Zona_161,Urbano,2022,31.984471722272744,33.96760519999998,28.850829260000012,396
162,Zona_162,Urbano,2022,31.07706718327404,40.13371328000005,10.113243620000048,281
163,Zona_163,Urbano,2022,29.786355963657602,36.69860318000002,24.178395920000014,1542
164,Zona_164,Urbano,2022,31.645946763333352,34.11458005999998,29.069582540000056,216
165,Zona_165,Urbano,2022,31.23130339586209,37.53260006000005,27.01877053999999,290
166,Zona_166,Urbano,2022,26.363309547586226,31.68778586000002,19.461528320000014,522
167,Zona_167,Urbano,2022,30.572449903589764,32.96270732000005,26.683804580000015,351
168,Zona_168,Urbano,2022,32.82546354426232,34.64437315999999,30.50515094000002,183
169,Zona_169,Urbano,2022,24.0732544722573,32.66533958000002,19.317971479999983,824
170,Zona_170,Urbano,2022,33.60215799315071,35.50229618000003,30.91531334000001,219
171,Zona_171,Urbano,2022,27.363475515890432,31.766400320000002,24.451837520000026,803
172,Zona_172,Urbano,2022,16.341976112413814,22.209616400000016,12.919438040000045,174
173,Zona_173,Urbano,2022,25.03370937383235,28.72436252,17.99519773999998,334
174,Zona_174,Urbano,2022,29.04902359442381,32.34404570000004,26.728238840000017,269
175,Zona_175,Urbano,2022,31.800533211764723,35.83726214000001,28.016832379999983,289
176,Zona_176,Urbano,2022,34.340109896385556,40.00382852000001,30.58376540000006,747
177,Zona_177,Urbano,2022,31.57372860686018,35.28696092000001,28.86791936000003,379
178,Zona_178,Urbano,2022,30.56360943963638,37.13952776000002,24.571468220000042,495
179,Zona_179,Urbano,2022,31.286195514672706,34.50081632000001,27.644268200000056,443
180,Zona_180,Urbano,2022,25.78110549800002,31.616007440000033,17.397044240000014,270
181,Zona_181,Urbano,2022,32.77277465484179,34.99301120000001,28.023668420000035,632
182,Zona_182,Urbano,2022,32.57606124637757,35.676615200000015,28.037340500000028,392
183,Zona_183,Urbano,2022,33.81214816327761,35.707377380000025,30.717068180000012,299
184,Zona_184,Urbano,2022,26.97288029225976,31.267369400000007,19.799912300000017,385
185,Zona_185,Urbano,2022,36.76478364280001,41.38129058000004,31.380164060000027,450
186,Zona_186,Urbano,2022,27.185469802396472,31.991989640000043,22.98550694000005,676
187,Zona_187,Urbano,2022,31.24137397221623,34.15901431999998,26.77267310000002,185
188,Zona_188,Urbano,2022,33.55103645394287,36.924192500000004,30.570093320000012,350
189,Zona_189,Urbano,2022,28.232838264177236,31.923629240000025,25.620800360000032,158
190,Zona_190,Urbano,2022,33.0515036646154,39.781657220000056,22.831696039999997,663
191,Zona_191,Urbano,2022,30.364082949514582,34.839200300000016,26.933320040000012,618
192,Zona_192,Urbano,2022,36.266447710437035,39.61417424000001,30.320577860000014,389
193,Zona_193,Urbano,2022,28.859002974917427,39.67911662000006,21.655897159999995,787
194,Zona_194,Urbano,2022,32.4801898828049,38.79384944000003,23.081211499999995,492
195,Zona_195,Urbano,2022,34.97950344788464,38.13075356000002,30.83328086000006,208
196,Zona_196,Urbano,2022,33.73858756475905,36.53795624000003,31.400672180000015,332
197,Zona_197,Urbano,2022,32.41689440909093,34.596520880000014,30.867461059999982,99
198,Zona_198,Urbano,2022,24.41000526621624,28.997804120000012,20.86975256000005,1554
199,Zona_199,Urbano,2022,32.9716709368248,41.244569780000006,26.8581236,1033
200,Zona_200,Urbano,2022,21.273381782531665,25.23114608000003,18.02254190000002,79
201,Zona_201,Urbano,2022,30.73785576075473,35.16049418,25.049991019999993,318
202,Zona_202,Urbano,2022,30.626689372093043,34.398275720000015,26.318076440000027,344
203,Zona_203,Urbano,2022,35.357984572176676,37.48474778000002,31.786908440000047,317
204,Zona_204,Urbano,2022,29.64216236517987,33.63605726000003,24.376641080000013,417
205,Zona_205,Urbano,2022,26.848233589467476,32.67559363999999,16.72711232000006,169
206,Zona_206,Urbano,2022,30.72329226008736,33.73176182000003,27.025606580000044,458
207,Zona_207,Urbano,2022,29.7878058307305,34.45296403999998,25.289252420000025,397
208,Zona_208,Urbano,2022,25.91202750129872,29.120852839999998,20.329705400000023,231
209,Zona_209,Urbano,2022,31.088499761656823,32.66533958000002,29.616465740000024,169
210,Zona_210,Urbano,2022,31.230684327500022,33.988113320000025,26.84103349999998,408
211,Zona_211,Urbano,2022,33.31054732008812,35.63218094000001,30.857207000000017,227
212,Zona_212,Urbano,2022,31.12509752992483,37.457403620000036,25.750685120000014,133
213,Zona_213,Urbano,2022,31.31317927789106,37.75477136000001,19.02743978000001,569
214,Zona_214,Urbano,2022,31.004467223450856,36.40807147999999,25.64130848000002,539
215,Zona_215,Urbano,2022,33.62287889400002,35.96714689999999,30.952911560000018,270
216,Zona_216,Urbano,2022,23.116653549677434,28.382560520000027,16.053762380000023,279
217,Zona_217,Urbano,2022,30.727309292954562,35.78599184000001,23.047031300000015,264
218,Zona_218,Urbano,2022,26.978045424731878,34.774257920000025,20.58263887999999,634
219,Zona_219,Urbano,2022,27.906007086992208,32.740536020000036,20.363885600000003,512
220,Zona_220,Urbano,2022,26.97191546905435,31.95439141999998,20.196402620000015,497
221,Zona_221,Urbano,2022,17.178450296270697,23.58024241999999,9.156198020000033,665
222,Zona_222,Urbano,2022,29.89928248057145,35.871442340000044,23.190588140000045,630
223,Zona_223,Urbano,2022,31.594132112000022,34.135088180000025,28.799558960000013,125
224,Zona_224,Urbano,2022,30.719516348595057,34.83578227999999,23.330726959999993,363
225,Zona_225,Urbano,2022,33.58375633564887,36.01158115999999,30.805936700000018,262
226,Zona_226,Urbano,2022,32.47564246301228,36.14146592000003,28.71752648000006,571
227,Zona_227,Urbano,2022,27.78305629966607,31.923629240000025,25.13885954,539
228,Zona_228,Urbano,2022,32.92070972352368,36.14146592000003,28.635493999999994,613
229,Zona_229,Urbano,2022,32.31781274814817,34.893888619999984,27.47678522000001,243
230,Zona_230,Urbano,2022,31.042535545336943,34.15901431999998,25.460153419999983,371
231,Zona_231,Urbano,2022,33.87176335110805,38.00428682000006,30.84695294000005,722
232,Zona_232,Urbano,2022,32.963839114702004,36.85583210000004,30.470970739999984,302
233,Zona_233,Urbano,2022,22.731912834285733,30.453880640000023,16.89459529999999,357
234,Zona_234,Urbano,2022,29.547021577560994,32.64141344000001,21.62855300000001,451
235,Zona_235,Urbano,2022,33.667000698636386,39.07412708000004,28.498773200000016,396
236,Zona_236,Urbano,2022,30.29640622685085,34.84603634000001,27.26828599999999,181
237,Zona_237,Urbano,2022,32.35483982137216,34.91097872,29.84889110000006,481
238,Zona_238,Urbano,2022,17.355042032692328,23.180334080000023,13.69874660000005,156
239,Zona_239,Urbano,2022,35.413365230410975,40.54729370000001,29.517343159999996,438
240,Zona_240,Urbano,2022,34.217324486880756,35.58091064000001,31.629679520000025,218
241,Zona_241,Urbano,2022,33.69131959862597,36.64733288000002,27.72630068000001,262
242,Zona_242,Urbano,2022,36.58763676325584,38.53407992000001,32.743954040000006,215
243,Zona_243,Urbano,2022,31.967823821768313,34.073563820000004,27.72630068000001,328
244,Zona_244,Urbano,2022,31.898574821553414,36.01158115999999,28.939697780000017,103
245,Zona_245,Urbano,2022,32.14939971029291,35.02377338000002,27.75706286000002,717
246,Zona_246,Urbano,2022,31.908589952000018,35.14340407999998,28.00316029999999,140
247,Zona_247,Urbano,2022,22.455975017607994,30.710232140000016,15.876025340000012,602
248,Zona_248,Urbano,2022,25.189231845749678,31.181918900000028,20.733031760000017,727
249,Zona_249,Urbano,2022,30.377530483470053,35.81333600000005,25.67207066000003,317
250,Zona_250,Urbano,2022,32.02692540231581,34.94515892000004,27.924545840000008,380
251,Zona_251,Urbano,2022,26.81746847759216,30.419700440000042,18.333581719999984,407
252,Zona_252,Urbano,2022,31.29493861481484,33.16095247999999,29.305425920000005,243
253,Zona_253,Urbano,2022,31.685342207692322,34.24446482000002,27.104221040000027,221
254,Zona_254,Urbano,2022,28.257109212997364,36.68493110000003,18.689055800000006,754
255,Zona_255,Urbano,2022,35.20036664677045,36.869504180000035,32.067186080000056,257
256,Zona_256,Urbano,2022,31.009205313636382,34.76400386,27.353736500000025,264
257,Zona_257,Urbano,2022,35.64231809703585,37.395879260000015,32.57305303999999,614
258,Zona_258,Urbano,2022,32.300714418085136,34.72640564000005,29.97193981999999,282
259,Zona_259,Urbano,2022,34.62506940436726,36.95153665999999,29.40796652000006,403
260,Zona_260,Urbano,2022,33.74483072000002,38.37001496000005,27.309302240000022,204
261,Zona_261,Urbano,2022,19.632417069032275,22.917146540000033,13.678238480000005,279
262,Zona_262,Urbano,2022,31.968607963362846,34.40169374000004,30.159930920000022,226
263,Zona_263,Urbano,2022,31.719173560000016,34.66488128000003,29.117434820000028,153
264,Zona_264,Urbano,2022,31.047005782632812,33.253239020000024,27.032442619999983,433
265,Zona_265,Urbano,2022,32.53897191304349,34.81527416000006,29.900161400000002,207
266,Zona_266,Urbano,2022,32.38855840636067,36.40807147999999,25.374702920000004,305
267,Zona_267,Urbano,2022,30.68868825636366,32.904600980000055,29.647227919999978,33
268,Zona_268,Urbano,2022,31.16983827904764,34.623865040000055,25.241400139999996,378
269,Zona_269,Urbano,2022,32.9350304323894,37.38220718000002,26.39669090000001,452
270,Zona_270,Urbano,2022,34.71011129133898,40.08586100000002,27.357154519999995,829
271,Zona_271,Rural,2022,18.41717535271516,29.13452491999999,8.776797800000054,4346
272,Zona_272,Rural,2022,17.613177598379515,26.044634840000015,9.45356576000006,3863
273,Zona_273,Rural,2022,24.89896604041098,34.955412980000006,11.791491440000016,146
274,Zona_274,Rural,2022,14.419127180576941,29.96510378000005,4.88709104000003,9464
275,Zona_275,Rural,2022,12.946809263501486,18.59676926000003,5.734760000000051,3410
276,Zona_276,Rural,2022,13.873233570517947,20.83215433999999,8.462339960000008,3012
277,Zona_277,Rural,2022,25.598577536463097,35.83384411999998,10.598602460000052,3602
278,Zona_278,Rural,2022,16.904622346352458,27.039278660000036,9.921834500000045,3734
279,Zona_279,Rural,2022,13.242391982120678,22.483058000000028,6.237208940000016,1641
280,Zona_280,Rural,2022,25.578295050326375,35.11264190000003,10.331996900000036,3248
281,Zona_281,Rural,2022,19.883685512250786,27.52805552000001,9.398877439999978,8135
282,Zona_282,Rural,2022,19.09993340413696,28.850829260000012,8.503356199999985,16679
283,Zona_283,Rural,2022,19.464155626171895,26.875213700000018,9.487745959999984,4608
284,Zona_284,Rural,2022,23.792669655061637,33.10626416000002,19.721297840000034,2272
285,Zona_285,Rural,2022,15.583731239030676,28.485101120000024,7.600998920000052,3425
286,Zona_286,Rural,2022,17.30185566330626,26.953828160000057,9.846638060000032,5783
287,Zona_287,Rural,2022,22.944470575308355,29.636973860000012,16.15972099999999,3227
288,Zona_288,Rural,2022,14.66359169894245,20.603147000000035,6.473052320000022,2345
289,Zona_289,Rural,2022,22.544489694499614,31.780072399999995,9.333935060000044,7414
290,Zona_290,Rural,2022,12.462636091251968,18.179770820000044,6.961829179999995,1925
291,Zona_291,Rural,2022,22.97435347916632,29.30884394000003,9.34418912000001,2303
292,Zona_292,Rural,2022,27.715284615064395,35.758647680000024,13.890155720000052,4194
293,Zona_293,Rural,2022,20.56191365627196,29.42163860000005,8.981879000000049,3133
294,Zona_294,Rural,2022,22.341032819905678,27.948471980000022,13.842303440000023,424
295,Zona_295,Rural,2022,16.791512439349823,29.84889110000006,8.315365100000008,6921
296,Zona_296,Rural,2022,15.593994559214734,26.8581236,6.9515751200000295,5654
297,Zona_297,Rural,2022,23.46082237921877,26.70431270000006,20.60998304000003,1152
298,Zona_298,Rural,2022,17.606196801846984,25.237982120000026,8.004325279999989,3411
299,Zona_299,Rural,2022,17.527643747899496,28.57396964000003,7.2215987000000155,7441
300,Zona_300,Rural,2022,18.541152824721543,36.035507300000006,8.106865879999987,15567
301,Zona_301,Rural,2022,20.8191198581301,31.95097340000001,9.80220380000003,4428
302,Zona_302,Rural,2022,25.396440955146463,32.627741360000016,10.256800460000022,2629
303,Zona_303,Rural,2022,26.517213257391322,30.874297100000035,20.866334540000025,966
304,Zona_304,Rural,2022,24.619750386609144,35.645853020000004,10.28072659999998,7299
305,Zona_305,Rural,2022,20.094368518790965,38.12733553999999,7.01993551999999,19172
306,Zona_306,Rural,2022,10.81370976963313,18.774506299999985,3.615587600000026,5533
307,Zona_307,Rural,2022,18.234904750392968,35.31088706000003,6.743075900000008,8169
308,Zona_308,Rural,2022,20.927610865387614,27.83567732000006,11.958974420000004,4644
309,Zona_309,Rural,2022,24.660669118887235,32.121874400000024,18.637785500000007,1995
310,Zona_310,Rural,2022,20.46199996476667,28.39623260000002,8.277766880000058,2207
311,Zona_311,Rural,2022,18.910099049192095,25.371284899999978,8.599060760000043,1312
312,Zona_312,Rural,2022,23.23554779715958,27.5929979,18.84628472000003,2908
313,Zona_313,Rural,2022,22.14451446025631,27.99974228000002,12.656250500000056,2185
314,Zona_314,Rural,2022,20.09721957709982,29.431892660000017,11.989736600000015,9158
315,Zona_315,Rural,2022,17.77181589817088,29.82496495999999,9.771441620000019,10289
316,Zona_316,Rural,2022,17.593194617555245,31.366491979999978,7.597580900000025,10774
317,Zona_317,Rural,2022,17.008697551372116,26.728238840000017,6.920812940000019,3440
318,Zona_318,Rural,2022,15.065563522196816,24.062183240000024,8.67083918000003,2185
319,Zona_319,Rural,2022,12.97295523121756,29.288335820000043,1.8826514600000337,22759
320,Zona_320,Rural,2022,25.398706810236238,32.217578960000026,19.99473943999999,1143
321,Zona_321,Rural,2022,19.314940305674437,29.780530699999986,8.793887900000016,1935
322,Zona_322,Rural,2022,24.002564697262063,31.896285079999984,11.538557960000048,1702
323,Zona_323,Rural,2022,18.72443651934861,28.11937297999998,8.633240960000023,3408
324,Zona_324,Rural,2022,18.31062188208602,29.349860180000007,8.339291240000023,3279
325,Zona_325,Rural,2022,24.50588226071858,35.478370040000016,9.87056419999999,1503
326,Zona_326,Rural,2022,29.770425249565232,34.30940720000001,23.41275944000006,805
327,Zona_327,Rural,2022,26.65828729275864,29.472908899999993,21.167120300000022,58
328,Zona_328,Rural,2022,31.24889227739132,33.66681944000004,27.29221214000006,207
329,Zona_329,Rural,2022,28.312454357096794,31.892867060000015,25.13202350000006,372
330,Zona_330,Rural,2022,17.328858187402155,30.898223239999993,9.145943960000011,843
331,Zona_331,Rural,2022,22.606637949055305,30.682887980000032,14.348170400000015,2297
0,Zona_0,Urbano,2022,40.807526680339,45.537602900000024,37.033569140000054,236
1,Zona_1,Urbano,2022,36.93173837711063,48.08402780000006,31.39383614000002,443
2,Zona_2,Urbano,2022,43.82831576324327,46.08448610000005,38.332416739999985,74
3,Zona_3,Urbano,2022,42.202031912903244,44.8881791,39.658608500000014,279
4,Zona_4,Urbano,2022,39.557455667518816,45.32568565999998,32.55938096,133
5,Zona_5,Urbano,2022,40.12517736909093,41.89399358000003,35.24252666000001,374
6,Zona_6,Urbano,2022,44.19549574753882,45.95460134000001,41.0087264,451
7,Zona_7,Urbano,2022,35.04886743278999,40.00724653999998,17.02106204000006,319
8,Zona_8,Urbano,2022,42.85791543200001,44.26268144000005,41.10784898000003,85
9,Zona_9,Urbano,2022,32.618789242657506,39.887615840000024,29.807874860000027,1016
10,Zona_10,Urbano,2022,34.56269081863417,39.41592908000001,28.307364080000013,410
11,Zona_11,Urbano,2022,31.25091724086446,38.062393160000056,25.730177000000026,1018
12,Zona_12,Urbano,2022,37.04850049052633,40.56438380000003,33.50275448000002,532
13,Zona_13,Urbano,2022,42.37385773063832,45.41455417999998,38.20253198,423
14,Zona_14,Urbano,2022,39.49650127915495,43.94138756000001,34.87338050000005,426
15,Zona_15,Urbano,2022,44.4823739056757,50.09382356000003,37.279666580000026,444
16,Zona_16,Urbano,2022,42.92215455551881,46.80227030000003,39.74064098000002,665
17,Zona_17,Urbano,2022,44.683633360052234,51.29013056000002,36.37730929999998,1149
18,Zona_18,Urbano,2022,38.38890088473152,42.160599140000045,34.27522700000003,689
19,Zona_19,Urbano,2022,38.82814983410991,42.030714380000006,33.01739564000002,455
20,Zona_20,Urbano,2022,37.68438110137933,43.03903028000002,34.81869218000003,261
21,Zona_21,Urbano,2022,18.861659977201388,30.98025572000006,9.42280358000005,293
22,Zona_22,Urbano,2022,32.531773137868186,36.63024278,19.40000396000005,713
23,Zona_23,Urbano,2022,35.23627656628574,40.26701606000006,29.26099166000006,490
24,Zona_24,Urbano,2022,40.365289017885736,48.36772345999998,35.478370040000016,350
25,Zona_25,Urbano,2022,44.237615960000014,49.023983300000054,36.72936536000003,366
26,Zona_26,Urbano,2022,43.874208310642224,46.37501780000002,42.017042300000014,327
27,Zona_27,Urbano,2022,41.547133762243014,45.6230534,33.47541032000004,321
28,Zona_28,Urbano,2022,42.91035579167317,45.22314505999998,39.09805322,257
29,Zona_29,Urbano,2022,43.770672321956546,45.0932603,42.717736400000035,276
30,Zona_30,Urbano,2022,41.80293675257792,45.917003120000004,32.17314470000002,353
31,Zona_31,Urbano,2022,42.86351892744188,45.917003120000004,38.937406280000005,258
32,Zona_32,Urbano,2022,39.17107346031748,43.490208919999986,34.67513534,567
33,Zona_33,Urbano,2022,35.81716972513515,40.56438380000003,30.635035700000003,518
34,Zona_34,Urbano,2022,31.787440132000018,38.43153932000001,25.64130848000002,360
35,Zona_35,Urbano,2022,42.29140844639347,45.40088209999999,35.35532132000003,244
36,Zona_36,Urbano,2022,43.93359101311394,46.07423204000003,40.735284800000045,395
37,Zona_37,Urbano,2022,38.690262788241625,46.180190659999994,26.441125160000013,745
38,Zona_38,Urbano,2022,41.51583849585717,45.13769456,32.88067483999998,140
39,Zona_39,Urbano,2022,41.39363868387353,44.457508580000024,37.57019828,253
40,Zona_40,Urbano,2022,42.52774289772534,54.39369271999999,36.661004960000014,466
41,Zona_41,Urbano,2022,37.710606832774374,42.635703920000026,34.10090797999999,811
42,Zona_42,Urbano,2022,39.231693683903636,41.16937333999999,34.955412980000006,415
43,Zona_43,Urbano,2022,16.53639604189191,28.990968080000016,7.980399140000031,74
44,Zona_44,Urbano,2022,42.38993452526317,47.97123313999998,37.67957492000005,646
45,Zona_45,Urbano,2022,41.81660267208697,43.56540536,39.36465878000001,690
46,Zona_46,Urbano,2022,31.908614035609776,38.63320250000004,27.322974320000014,738
47,Zona_47,Urbano,2022,39.71818442347828,42.51265520000004,37.39246123999999,207
48,Zona_48,Urbano,2022,34.190114249011884,41.654732179999996,24.995302700000025,253
49,Zona_49,Urbano,2022,37.384152822153865,40.97454620000002,31.55448308000001,195
50,Zona_50,Urbano,2022,42.166169246666676,45.38037398000006,38.61611240000002,486
51,Zona_51,Urbano,2022,36.69215253597044,42.52632728000003,32.904600980000055,541
52,Zona_52,Urbano,2022,33.24876605555557,36.21666235999999,14.81302112000003,81
53,Zona_53,Urbano,2022,39.89569933255476,42.81344095999998,37.53943609999999,274
54,Zona_54,Urbano,2022,46.93628571737454,49.765693639999995,39.983320400000025,259
55,Zona_55,Urbano,2022,43.70742060322451,49.79987384000003,36.640496840000026,490
56,Zona_56,Urbano,2022,39.841871871401885,44.064436279999995,33.413885960000016,321
57,Zona_57,Urbano,2022,41.34503775085108,44.37889412000004,38.57851418000001,282
58,Zona_58,Urbano,2022,12.861375520769249,28.464593000000036,8.383725500000025,78
59,Zona_59,Urbano,2022,37.48889934767125,42.24946766000005,28.044176540000024,438
60,Zona_60,Urbano,2022,35.104725487689485,40.79339114000004,31.766400320000002,541
61,Zona_61,Urbano,2022,40.896128933461554,45.15136663999999,30.08815249999998,260
62,Zona_62,Urbano,2022,39.113654543247435,47.22268675999999,31.88603102000002,388
63,Zona_63,Urbano,2022,44.12253005375002,45.995617580000044,39.96964832000003,544
64,Zona_64,Urbano,2022,43.80195333184212,50.99618084000002,36.15855601999999,1140
65,Zona_65,Urbano,2022,39.545714561410804,43.59616754000001,33.67023746000001,241
66,Zona_66,Urbano,2022,38.570730823595525,42.97408790000003,35.33823122000001,267
67,Zona_67,Urbano,2022,40.71990371000002,43.25094752000001,37.26941252000006,186
68,Zona_68,Urbano,2022,32.35613477995393,39.09463520000003,21.49866824000003,1302
69,Zona_69,Urbano,2022,34.73363579132077,41.183045419999985,29.117434820000028,477
70,Zona_70,Urbano,2022,39.89055435359714,41.671822280000015,37.05749528000001,278
71,Zona_71,Urbano,2022,35.4487271411972,40.67034242,32.42607817999999,852
72,Zona_72,Urbano,2022,40.406640234943204,44.320787780000046,36.52428415999998,352
73,Zona_73,Urbano,2022,42.26276250033447,44.66600779999999,40.37981072000002,299
74,Zona_74,Urbano,2022,39.50093988325244,41.88715754000003,33.83088440000006,412
75,Zona_75,Urbano,2022,42.46355604025512,45.653815580000014,35.89878650000003,392
76,Zona_76,Urbano,2022,36.873605804000015,44.19432103999998,29.83521902000001,460
77,Zona_77,Urbano,2022,37.41006404300002,39.66544454000001,32.64141344000001,120
78,Zona_78,Urbano,2022,39.95287779097563,44.46434462000002,36.38756336000006,246
79,Zona_79,Urbano,2022,41.34817819192827,47.636267180000004,32.10136627999998,669
80,Zona_80,Urbano,2022,39.23785445777779,43.028776220000054,34.220538680000004,405
81,Zona_81,Urbano,2022,39.95916383168541,42.12300091999998,35.65610708000003,267
82,Zona_82,Urbano,2022,33.14145560852073,38.906644099999994,16.19048318,169
83,Zona_83,Urbano,2022,40.39360921991783,45.13427654000003,34.01203945999998,730
84,Zona_84,Urbano,2022,36.97105473282761,43.37399624,29.633555839999985,580
85,Zona_85,Urbano,2022,42.57399347868197,44.49852482000006,38.28114644000004,349
86,Zona_86,Urbano,2022,42.189927323103454,44.061018260000026,39.57999404000003,174
87,Zona_87,Urbano,2022,43.410603436449726,46.98684337999998,40.16789348000003,338
88,Zona_88,Urbano,2022,31.221640435454557,35.72104946000002,25.586620160000052,66
89,Zona_89,Urbano,2022,39.927737879168724,43.28512771999999,35.96372888000002,409
90,Zona_90,Urbano,2022,37.27901992756758,43.98582182000001,32.79180631999998,148
91,Zona_91,Urbano,2022,43.50110451606155,45.257325260000016,41.623969999999986,325
92,Zona_92,Urbano,2022,37.68617271963017,43.87302715999999,32.648249480000004,703
93,Zona_93,Urbano,2022,39.01043302034784,45.43164428,33.171206540000014,345
94,Zona_94,Urbano,2022,43.16048255952097,44.734368200000006,41.08734086000004,167
95,Zona_95,Urbano,2022,40.15345140648354,43.045866320000016,34.47005414,364
96,Zona_96,Urbano,2022,43.44518733825354,45.930675199999996,39.781657220000056,355
97,Zona_97,Urbano,2022,35.7400792339264,40.01066456000001,26.847869540000033,326
98,Zona_98,Urbano,2022,42.906330680000025,45.68799578000005,39.28946234,408
99,Zona_99,Urbano,2022,42.811740625177684,45.458988439999985,36.24742454,394
100,Zona_100,Urbano,2022,42.98195108692702,47.33548142000001,39.12197936000001,589
101,Zona_101,Urbano,2022,38.36857267410407,41.49066721999998,34.856290400000034,173
102,Zona_102,Urbano,2022,24.001189907177263,29.18237720000002,12.413571079999997,457
103,Zona_103,Urbano,2022,38.71577543615386,43.40475842000001,24.964540520000014,234
104,Zona_104,Urbano,2022,31.316523036238546,38.69130884000003,20.82531830000005,218
105,Zona_105,Urbano,2022,28.600114040454567,37.64539472000001,14.47121912,396
106,Zona_106,Urbano,2022,37.99549619378301,41.55219158,34.70589752000001,341
107,Zona_107,Urbano,2022,38.263209396991165,44.08494440000004,34.06672778000001,226
108,Zona_108,Urbano,2022,46.296576911328145,50.08698751999998,42.15034508000002,256
109,Zona_109,Urbano,2022,42.28383566329672,45.44873438000002,36.71569327999998,182
110,Zona_110,Urbano,2022,42.823036300942206,47.174834480000015,37.60437848000004,467
111,Zona_111,Urbano,2022,43.165892555065525,45.67432370000006,40.02091862000003,458
112,Zona_112,Urbano,2022,39.019331667989576,42.457966880000015,32.3098655,383
113,Zona_113,Urbano,2022,38.216965634748036,43.33298000000002,33.608713100000045,377
114,Zona_114,Urbano,2022,41.55232914736845,45.13769456,36.049179380000055,323
115,Zona_115,Urbano,2022,40.911518425187985,43.456028720000006,38.56826011999999,266
116,Zona_116,Urbano,2022,35.98129607862502,40.35588458000001,33.461738240000045,480
117,Zona_117,Urbano,2022,40.849582210172436,44.94628544,36.74303744000002,116
118,Zona_118,Urbano,2022,41.33107284907287,44.73778622000003,35.211764480000056,302
119,Zona_119,Urbano,2022,42.34076069552002,44.064436279999995,38.91348014000005,375
120,Zona_120,Urbano,2022,32.21355832266793,43.74997844000001,14.669464280000057,1072
121,Zona_121,Urbano,2022,40.49719632903303,45.36328388000004,30.323995879999984,848
122,Zona_122,Urbano,2022,37.67657014422133,43.26803762000003,27.83567732000006,488
123,Zona_123,Urbano,2022,28.83887891215883,35.81333600000005,11.842761740000014,403
124,Zona_124,Urbano,2022,37.825528459282886,42.51607322000001,31.236607219999996,251
125,Zona_125,Urbano,2022,40.013392825321354,44.751458300000024,31.93046528000002,778
126,Zona_126,Urbano,2022,41.89660960648046,46.49806652000001,34.15901431999998,537
127,Zona_127,Urbano,2022,43.576759400981835,48.50786228000004,34.81869218000003,550
128,Zona_128,Urbano,2022,40.16457779592816,45.22998110000003,35.509132220000026,501
129,Zona_129,Urbano,2022,38.826289557090924,43.02194018,33.18146060000004,495
130,Zona_130,Urbano,2022,38.756661382400026,42.20503340000005,33.089174060000005,250
131,Zona_131,Urbano,2022,43.17507881540286,49.02056528000003,35.922712639999986,422
132,Zona_132,Urbano,2022,39.083682382216764,43.69870814000001,36.13804790000006,406
133,Zona_133,Urbano,2022,40.81199236463159,42.77926076000006,39.805583360000014,95
134,Zona_134,Urbano,2022,34.147228987040016,38.04530306000004,31.14432068000002,375
135,Zona_135,Urbano,2022,38.27588794769233,43.52438912000002,32.364553820000026,468
136,Zona_136,Urbano,2022,42.119754875849075,45.127440500000034,36.45250573999999,159
137,Zona_137,Urbano,2022,41.14484042505749,44.54295908000006,38.91689816000002,783
138,Zona_138,Urbano,2022,38.11668709307694,44.10887054,33.249821,156
139,Zona_139,Urbano,2022,42.624147226970706,45.13769456,39.43985522000003,307
140,Zona_140,Urbano,2022,43.26831338382168,46.23487898000002,39.330478579999976,471
141,Zona_141,Urbano,2022,39.57957700885169,45.41455417999998,31.40750822000001,418
142,Zona_142,Urbano,2022,41.65807031305511,44.211411139999996,37.36169905999998,599
143,Zona_143,Urbano,2022,37.842069438378395,39.867107720000035,35.79966392000006,74
144,Zona_144,Urbano,2022,39.59539592087594,43.35690613999998,34.00520342000004,411
145,Zona_145,Urbano,2022,41.47217315909679,46.026379760000054,34.42220186000003,465
146,Zona_146,Urbano,2022,25.118373260383404,38.07606524000005,7.775317940000036,313
147,Zona_147,Urbano,2022,24.868224429265194,37.036987160000024,9.508254080000029,626
148,Zona_148,Urbano,2022,44.36501927610171,45.71192192000001,40.84124342000001,236
149,Zona_149,Urbano,2022,28.25437360000002,31.54422901999999,20.86975256000005,306
150,Zona_150,Urbano,2022,45.97999097025354,52.383896960000015,35.659525099999996,710
151,Zona_151,Urbano,2022,32.21449923376835,35.970564920000015,16.63482578000003,1364
152,Zona_152,Urbano,2022,39.76182380676792,44.18748500000004,33.74885191999999,461
153,Zona_153,Urbano,2022,39.57025562956899,45.29492348000002,30.19752914000003,232
154,Zona_154,Urbano,2022,40.93081392943767,45.28808744000003,34.11458005999998,409
155,Zona_155,Urbano,2022,43.22269215798579,49.26666272,36.52086614000001,844
156,Zona_156,Urbano,2022,41.013070883315805,46.66213148000003,36.41832554000001,760
157,Zona_157,Urbano,2022,31.077875087015727,35.35532132000003,28.59105973999999,191
158,Zona_158,Urbano,2022,41.13875400262688,45.68115974,36.2918588,670
159,Zona_159,Urbano,2022,40.559905496244916,43.75681448,35.249362700000006,245
160,Zona_160,Urbano,2022,35.72590945718753,39.36807680000004,34.12141610000003,256
161,Zona_161,Urbano,2022,41.42666565863639,43.23727544000002,38.20253198,396
162,Zona_162,Urbano,2022,45.058642204199316,49.08208964000005,37.58387035999999,281
163,Zona_163,Urbano,2022,40.814972101556435,47.66019332000002,35.79966392000006,1542
164,Zona_164,Urbano,2022,30.924981905833352,39.32022452000001,20.77746602000002,216
165,Zona_165,Urbano,2022,39.28375778248278,45.81104449999998,34.67855336000002,290
166,Zona_166,Urbano,2022,36.94161654448278,40.40715488000001,31.298131580000017,522
167,Zona_167,Urbano,2022,40.08038827282053,42.94332572000002,35.54331242000001,351
168,Zona_168,Urbano,2022,42.329893857377066,44.80272860000002,39.90812396000001,183
169,Zona_169,Urbano,2022,36.04991359060681,43.16549702000003,33.01739564000002,824
170,Zona_170,Urbano,2022,42.63088123424659,45.41113616000001,39.80216533999999,219
171,Zona_171,Urbano,2022,32.02780861671235,39.43301918000003,13.264658059999988,803
172,Zona_172,Urbano,2022,18.94332505793105,30.96316562000004,8.332455200000027,174
173,Zona_173,Urbano,2022,35.282488839940136,38.98184054000001,26.071979000000056,334
174,Zona_174,Urbano,2022,28.65339730921935,39.56290394000001,8.318783120000035,269
175,Zona_175,Urbano,2022,38.75247838823532,43.14157088000002,34.545250580000015,289
176,Zona_176,Urbano,2022,45.85400997228918,51.70029296000001,41.16937333999999,747
177,Zona_177,Urbano,2022,40.9272801239578,44.66600779999999,38.178605840000046,379
178,Zona_178,Urbano,2022,43.1557608418182,50.51082200000002,36.28502276000006,495
179,Zona_179,Urbano,2022,42.83420369548536,45.51709477999998,39.836345540000025,443
180,Zona_180,Urbano,2022,22.26043096400002,35.75181164000003,7.710375559999989,270
181,Zona_181,Urbano,2022,42.95724657993673,45.26416130000001,37.036987160000024,632
182,Zona_182,Urbano,2022,43.00625390964288,45.69141380000002,37.65564877999998,392
183,Zona_183,Urbano,2022,41.81465893518397,44.440418480000005,38.89639004000003,299
184,Zona_184,Urbano,2022,34.62713213444158,38.80068548000003,26.74191092000001,385
185,Zona_185,Urbano,2022,44.76548737320002,49.30767896000003,38.16835178000002,450
186,Zona_186,Urbano,2022,34.38084179550298,41.032652540000015,25.54902193999999,676
187,Zona_187,Urbano,2022,39.93833186648651,43.03903028000002,34.887052580000045,185
188,Zona_188,Urbano,2022,43.54878401702859,46.306657400000006,40.410572900000034,350
189,Zona_189,Urbano,2022,33.19948092063293,37.87782007999999,30.62136362000001,158
190,Zona_190,Urbano,2022,39.62955790769233,46.41603404,29.60621168,663
191,Zona_191,Urbano,2022,37.58698418728157,41.82221516000004,33.53351666000003,618
192,Zona_192,Urbano,2022,43.170197895835486,46.59718910000004,38.84511974000003,389
193,Zona_193,Urbano,2022,37.81146184927575,49.71100532000003,27.40842482000005,787
194,Zona_194,Urbano,2022,39.42654439414636,46.35450967999998,32.908019000000024,492
195,Zona_195,Urbano,2022,43.419104244326945,46.750999999999976,38.63320250000004,208
196,Zona_196,Urbano,2022,42.26640333138556,45.20947297999999,39.3338966,332
197,Zona_197,Urbano,2022,39.82988928000002,42.27339380000001,37.56678026000003,99
198,Zona_198,Urbano,2022,28.350139918455618,38.363178919999996,10.868626039999981,1554
199,Zona_199,Urbano,2022,41.00169513910941,49.37603936000005,34.84945435999998,1033
200,Zona_200,Urbano,2022,9.619534427341792,11.798327480000012,8.209406479999984,79
201,Zona_201,Urbano,2022,37.07524103792455,42.341754200000025,30.50515094000002,318
202,Zona_202,Urbano,2022,39.162767069593045,43.77390458000002,34.37093156000003,344
203,Zona_203,Urbano,2022,44.79027493091485,46.87404872000002,41.29925810000003,317
204,Zona_204,Urbano,2022,40.018303875683465,46.34425562000001,34.64437315999999,417
205,Zona_205,Urbano,2022,35.12774995289943,38.117081480000024,20.271599060000028,169
206,Zona_206,Urbano,2022,42.15338995371181,45.21630902000004,36.94128260000002,458
207,Zona_207,Urbano,2022,39.98296740549121,45.305177540000045,34.777675939999995,397
208,Zona_208,Urbano,2022,8.397367986753267,11.29587853999999,6.968665220000048,231
209,Zona_209,Urbano,2022,34.743515964970435,37.34119094000005,32.303029460000005,169
210,Zona_210,Urbano,2022,40.11966421250002,42.09565676,35.071625659999995,408
211,Zona_211,Urbano,2022,43.13428311929518,45.39404606000005,39.610756219999985,227
212,Zona_212,Urbano,2022,38.709581112330845,45.780282320000026,33.81379430000004,133
213,Zona_213,Urbano,2022,36.91456918182779,43.96189568,30.891387200000054,569
214,Zona_214,Urbano,2022,41.20837301161412,46.87404872000002,36.30894890000002,539
215,Zona_215,Urbano,2022,42.51902284466669,44.51903293999999,39.47061740000004,270
216,Zona_216,Urbano,2022,29.646823638064532,37.201052119999986,13.456067179999991,279
217,Zona_217,Urbano,2022,37.29419316500002,42.194779340000025,32.02616984000002,264
218,Zona_218,Urbano,2022,34.8437882101262,42.45113084000002,27.23410580000001,634
219,Zona_219,Urbano,2022,37.113692335390645,44.06785430000002,23.10171962000004,512
220,Zona_220,Urbano,2022,33.31174424362175,38.886135980000006,12.105949280000004,497
221,Zona_221,Urbano,2022,25.08346705648122,31.448524460000044,10.205530160000023,665
222,Zona_222,Urbano,2022,37.30244252914287,43.42868456000002,30.447044600000027,630
223,Zona_223,Urbano,2022,42.971572237280014,45.814462520000006,39.00918469999999,125
224,Zona_224,Urbano,2022,40.782016572066134,44.44383650000003,31.335729800000024,363
225,Zona_225,Urbano,2022,42.79775981480919,45.35986586000001,38.57167814000002,262
226,Zona_226,Urbano,2022,40.44908698175133,43.57224140000005,36.578972480000004,571
227,Zona_227,Urbano,2022,35.743282443525054,39.18692174,30.59060144,539
228,Zona_228,Urbano,2022,40.67375486411095,44.621573539999986,35.09555180000001,613
229,Zona_229,Urbano,2022,39.3008979377778,42.87496532,32.49785659999998,243
230,Zona_230,Urbano,2022,43.58580292409706,48.04984760000002,37.78211552000005,371
231,Zona_231,Urbano,2022,42.95037006038783,46.82277842000002,39.33731462000003,722
232,Zona_232,Urbano,2022,39.835836232384125,43.16549702000003,36.81139784000004,302
233,Zona_233,Urbano,2022,32.3227237657143,40.21916378000003,26.72482081999999,357
234,Zona_234,Urbano,2022,36.154554435609775,43.82517488000002,30.532495100000006,451
235,Zona_235,Urbano,2022,43.931409703636376,48.19682246000002,38.39735912000003,396
236,Zona_236,Urbano,2022,37.23764948331493,42.13667300000003,34.03254758000003,181
237,Zona_237,Urbano,2022,39.5372012823285,43.52780714000005,37.06433132000001,481
238,Zona_238,Urbano,2022,26.979047012692327,30.744412340000054,23.505045979999977,156
239,Zona_239,Urbano,2022,41.44640464136988,46.915064959999995,33.50617250000005,438
240,Zona_240,Urbano,2022,41.93532339981653,44.26951747999999,38.91689816000002,218
241,Zona_241,Urbano,2022,42.38892809435116,46.012707680000005,36.784053680000056,262
242,Zona_242,Urbano,2022,45.029287683813976,46.87063069999999,41.51117534000002,215
243,Zona_243,Urbano,2022,43.36559708109758,46.614279200000055,38.906644099999994,328
244,Zona_244,Urbano,2022,39.704171038446624,46.35109166000001,36.59948059999999,103
245,Zona_245,Urbano,2022,40.03203076033475,43.92771548000002,35.31088706000003,717
246,Zona_246,Urbano,2022,40.59548778200002,43.999493900000004,35.85777026000005,140
247,Zona_247,Urbano,2022,31.749667919767468,39.50137958000005,25.23114608000003,602
248,Zona_248,Urbano,2022,31.689407891499332,37.26257648000001,27.322974320000014,727
249,Zona_249,Urbano,2022,36.55462582649845,42.5810156,30.303487760000053,317
250,Zona_250,Urbano,2022,40.32043611468424,43.63376576000002,35.628762919999986,380
251,Zona_251,Urbano,2022,15.98521722216218,32.79864236000003,7.464278120000017,407
252,Zona_252,Urbano,2022,34.94663584222224,38.02821296000002,30.679469960000006,243
253,Zona_253,Urbano,2022,40.27434701692309,42.77926076000006,35.758647680000024,221
254,Zona_254,Urbano,2022,40.81685942851461,46.31007542000003,31.16482880000001,754
255,Zona_255,Urbano,2022,43.35536337610896,44.91894128000001,39.25870015999999,257
256,Zona_256,Urbano,2022,38.29369212704547,44.08836242000001,32.84991266000003,264
257,Zona_257,Urbano,2022,43.26989693381109,45.947765300000015,38.44862942000003,614
258,Zona_258,Urbano,2022,43.655825321702146,46.10157620000001,39.74064098000002,282
259,Zona_259,Urbano,2022,43.55194531598016,46.012707680000005,37.40271530000001,403
260,Zona_260,Urbano,2022,40.884136220000016,46.71340178000003,30.218037260000017,204
261,Zona_261,Urbano,2022,26.829664601935505,30.23512735999998,22.964998820000005,279
262,Zona_262,Urbano,2022,42.273771899557545,45.482914580000056,39.494543539999995,226
263,Zona_263,Urbano,2022,41.23820288000002,44.43016441999998,39.460363340000015,153
264,Zona_264,Urbano,2022,38.45806252369516,40.79339114000004,34.69564346000004,433
265,Zona_265,Urbano,2022,42.89464783130436,45.489750619999995,40.07218892000003,207
266,Zona_266,Urbano,2022,40.58981162747543,44.07127232000005,32.532036800000014,305
267,Zona_267,Urbano,2022,37.64922704545456,39.67911662000006,36.53795624000003,33
268,Zona_268,Urbano,2022,41.55343038619049,44.734368200000006,38.39735912000003,378
269,Zona_269,Urbano,2022,40.970659336548685,46.156264520000036,33.06866594000002,452
270,Zona_270,Urbano,2022,44.57311516960195,49.72467740000002,35.32455914000002,829
271,Zona_271,Rural,2022,22.65810844167512,30.98025572000006,11.70604093999998,4346
272,Zona_272,Rural,2022,24.00126939871604,30.518823020000013,18.323327660000018,3863
273,Zona_273,Rural,2022,35.60474313561646,43.36716020000006,28.14329912000005,146
274,Zona_274,Rural,2022,23.704188623062148,39.781657220000056,9.19721426000001,9464
275,Zona_275,Rural,2022,24.211846407812335,30.925567399999977,17.967853579999996,3410
276,Zona_276,Rural,2022,24.02733010312751,29.302007900000035,20.558712740000033,3012
277,Zona_277,Rural,2022,31.435218664208794,43.182587119999994,24.653500699999995,3602
278,Zona_278,Rural,2022,27.500276555634724,34.27180898000006,22.763335640000037,3734
279,Zona_279,Rural,2022,24.814682942340056,30.85378897999999,21.539684480000005,1641
280,Zona_280,Rural,2022,30.920088886416277,43.032194240000024,25.767775220000033,3248
281,Zona_281,Rural,2022,27.0822226044573,36.784053680000056,22.042133420000027,8135
282,Zona_282,Rural,2022,25.331454177459097,36.640496840000026,10.564422260000015,16679
283,Zona_283,Rural,2022,27.974061882773455,38.56484210000002,23.258948540000006,4608
284,Zona_284,Rural,2022,30.47848226018488,38.98867658000006,25.56269401999998,2272
285,Zona_285,Rural,2022,24.810934202218995,33.99836737999999,20.90735078,3425
286,Zona_286,Rural,2022,24.88426108293967,30.286397660000034,18.610441340000023,5783
287,Zona_287,Rural,2022,29.79598434480944,34.56575870000006,24.93719636000003,3227
288,Zona_288,Rural,2022,25.09089065377401,29.24731958000001,21.799454000000026,2345
289,Zona_289,Rural,2022,28.39428616346913,39.56290394000001,23.13931783999999,7414
290,Zona_290,Rural,2022,24.33903930881041,30.354758059999995,16.870669160000034,1925
291,Zona_291,Rural,2022,29.399269343621377,35.16049418,25.176457760000005,2303
292,Zona_292,Rural,2022,37.1870679032189,44.31053372000002,28.731198560000053,4194
293,Zona_293,Rural,2022,28.04401398494736,35.5569845,21.41663576000002,3133
294,Zona_294,Rural,2022,32.53296385731134,36.691767140000024,29.025148280000053,424
295,Zona_295,Rural,2022,23.08209403167752,33.74543390000002,12.297358400000007,6921
296,Zona_296,Rural,2022,24.577548595868432,31.267369400000007,16.805726779999986,5654
297,Zona_297,Rural,2022,29.182300057187522,32.757626120000054,25.374702920000004,1152
298,Zona_298,Rural,2022,26.616557466490786,30.624781640000037,20.28185312000005,3411
299,Zona_299,Rural,2022,26.685847766797494,38.13758960000001,20.965457119999996,7441
300,Zona_300,Rural,2022,24.4932478851301,36.92761052000003,17.95759952000003,15567
301,Zona_301,Rural,2022,28.37574686540652,38.39735912000003,22.438623740000025,4428
302,Zona_302,Rural,2022,32.71566859187526,39.76114910000001,26.089069100000017,2629
303,Zona_303,Rural,2022,33.97477384236027,40.05851684000004,28.820067080000058,966
304,Zona_304,Rural,2022,31.737734188434047,42.902309479999985,24.574886240000012,7299
305,Zona_305,Rural,2022,26.390538036123534,48.72319754,18.504482720000055,19172
306,Zona_306,Rural,2022,23.625275281369984,28.960205900000005,12.779299219999984,5533
307,Zona_307,Rural,2022,27.562193878648564,43.12106276000003,21.232062680000013,8169
308,Zona_308,Rural,2022,26.26008786124033,31.02810800000003,20.408319860000006,4644
309,Zona_309,Rural,2022,31.83335410625566,40.509695480000005,28.061266639999985,1995
310,Zona_310,Rural,2022,28.620054833085657,35.611672820000024,23.419595479999998,2207
311,Zona_311,Rural,2022,29.726178450564042,37.559944220000034,25.55927600000001,1312
312,Zona_312,Rural,2022,26.752348340082552,29.862563180000052,21.53284844000001,2908
313,Zona_313,Rural,2022,26.369834805098417,33.11651821999999,13.517591540000012,2185
314,Zona_314,Rural,2022,26.865557550901965,33.335271499999976,18.28914745999998,9158
315,Zona_315,Rural,2022,24.312266764360015,33.20880476000002,15.588911660000008,10289
316,Zona_316,Rural,2022,24.05166872015038,33.024231680000014,17.226143240000056,10774
317,Zona_317,Rural,2022,25.608796551970947,31.670695760000058,19.772568140000033,3440
318,Zona_318,Rural,2022,27.23913036761558,34.23079274000003,22.66763107999998,2185
319,Zona_319,Rural,2022,23.395304394765166,40.35246656000004,10.109825600000022,22759
320,Zona_320,Rural,2022,30.418199262362226,37.905164239999976,26.201863760000037,1143
321,Zona_321,Rural,2022,29.14156233172095,34.84945435999998,23.337563000000046,1935
322,Zona_322,Rural,2022,31.071341334054075,39.07412708000004,24.844909819999998,1702
323,Zona_323,Rural,2022,29.783920637676076,38.63320250000004,25.27899836000006,3408
324,Zona_324,Rural,2022,27.101845417072298,36.22349840000004,20.346795499999985,3279
325,Zona_325,Rural,2022,31.950293434610796,42.929653640000026,27.186253520000037,1503
326,Zona_326,Rural,2022,35.571624665167725,40.23625388000005,32.26201322000003,805
327,Zona_327,Rural,2022,34.36385979448278,38.20595000000003,30.508568960000048,58
328,Zona_328,Rural,2022,37.63162356695654,40.83782540000004,34.51107037999998,207
329,Zona_329,Rural,2022,36.313680836290345,42.88863739999999,32.09794826000001,372
330,Zona_330,Rural,2022,36.066739812526706,41.89399358000003,29.906997440000055,843
331,Zona_331,Rural,2022,31.92617378253376,37.68299294000002,26.471887340000023,2297
0,Zona_0,Urbano,2023,33.49193557771188,37.884656120000045,18.723236000000043,236
1,Zona_1,Urbano,2023,33.33362035715577,43.05270236000001,28.88842748000002,443
2,Zona_2,Urbano,2023,37.03629431810813,38.95107836,32.56621700000005,74
3,Zona_3,Urbano,2023,20.582173343225826,35.86460629999999,10.99851080000002,279
4,Zona_4,Urbano,2023,32.43733451654137,37.52576402,27.370826599999987,133
5,Zona_5,Urbano,2023,36.40702048454548,38.773341319999986,30.956329579999988,374
6,Zona_6,Urbano,2023,38.272734018270526,41.183045419999985,35.16733022000005,451
7,Zona_7,Urbano,2023,34.25706542037619,38.68789082000001,25.781447300000025,319
8,Zona_8,Urbano,2023,39.27836382800002,40.45158914000001,38.31874465999999,85
9,Zona_9,Urbano,2023,30.097992764271673,36.640496840000026,27.305884220000053,1016
10,Zona_10,Urbano,2023,34.595028622487824,37.32410084000003,29.657481980000057,410
11,Zona_11,Urbano,2023,28.030954376188625,34.429037900000026,22.82144198000003,1018
12,Zona_12,Urbano,2023,34.19760196684212,37.92909038000005,30.843534920000025,532
13,Zona_13,Urbano,2023,39.07584013021278,41.849559320000026,34.30598917999998,423
14,Zona_14,Urbano,2023,26.66652191549298,36.60289862000002,16.56988339999998,426
15,Zona_15,Urbano,2023,35.89295892986489,41.176209380000046,31.175082860000032,444
16,Zona_16,Urbano,2023,26.1226890531128,38.94082430000003,11.367656960000033,665
17,Zona_17,Urbano,2023,38.91218313676242,43.606421599999976,31.01785394000001,1149
18,Zona_18,Urbano,2023,34.46427972014516,37.61805056000003,31.270787420000033,689
19,Zona_19,Urbano,2023,36.15106642452749,39.60050216000002,30.306905780000022,455
20,Zona_20,Urbano,2023,30.60829394965519,35.133150020000016,17.048406200000045,261
21,Zona_21,Urbano,2023,33.83508401501708,38.64687458000003,27.483621260000007,293
22,Zona_22,Urbano,2023,35.74301491251054,39.61759226000004,29.85230912000003,713
23,Zona_23,Urbano,2023,33.079192046489815,37.85731196000006,26.892303800000036,490
24,Zona_24,Urbano,2023,35.07440890485716,40.89251372000001,30.66921590000004,350
25,Zona_25,Urbano,2023,37.2561326718033,41.408634740000025,31.318639700000006,366
26,Zona_26,Urbano,2023,27.304337226238548,41.21722562000002,10.205530160000023,327
27,Zona_27,Urbano,2023,37.45822351887852,41.13177512000004,32.22783302000005,321
28,Zona_28,Urbano,2023,3.384026719766558,7.775317940000036,2.18685524,257
29,Zona_29,Urbano,2023,24.200699738913066,38.212786040000026,9.53901626000004,276
30,Zona_30,Urbano,2023,28.962607228498605,34.27864502,18.931735220000007,353
31,Zona_31,Urbano,2023,38.932186513023275,41.13177512000004,35.68345124000001,258
32,Zona_32,Urbano,2023,35.25923698000002,38.968168460000015,30.88455116,567
33,Zona_33,Urbano,2023,31.825483237142876,36.35338316000002,27.26486798000002,518
34,Zona_34,Urbano,2023,30.108100444500018,34.14534223999999,24.113453540000023,360
35,Zona_35,Urbano,2023,34.29471251565575,38.61611240000002,28.912353619999976,244
36,Zona_36,Urbano,2023,7.799166201063311,27.77073494000001,2.836279040000022,395
37,Zona_37,Urbano,2023,31.176569354604048,41.439396920000036,19.55039684000002,745
38,Zona_38,Urbano,2023,34.8451085917143,37.891492159999984,28.926025700000025,140
39,Zona_39,Urbano,2023,39.09544579762848,41.36420048000002,35.755229660000055,253
40,Zona_40,Urbano,2023,35.05599518656654,47.451694100000054,15.657272060000025,466
41,Zona_41,Urbano,2023,32.52705095824909,35.81333600000005,29.732678420000013,811
42,Zona_42,Urbano,2023,36.07439036607231,38.182023860000015,32.238087080000014,415
43,Zona_43,Urbano,2023,31.20150323081083,34.053055700000016,22.383935420000057,74
44,Zona_44,Urbano,2023,37.093135810526334,43.739724379999984,33.43781210000003,646
45,Zona_45,Urbano,2023,36.99764525443481,39.63126434000003,18.53182688000004,690
46,Zona_46,Urbano,2023,32.14247978073173,37.31726480000003,28.765378760000033,738
47,Zona_47,Urbano,2023,30.264238322608715,32.84991266000003,25.62763640000003,207
48,Zona_48,Urbano,2023,37.57044145928856,39.06045500000005,30.809354719999988,253
49,Zona_49,Urbano,2023,33.72415453446156,36.65075090000005,28.191151400000024,195
50,Zona_50,Urbano,2023,35.02034129407409,38.84511974000003,24.12370759999999,486
51,Zona_51,Urbano,2023,32.97531798158967,37.26599450000003,28.55687954000001,541
52,Zona_52,Urbano,2023,34.05862580666669,36.00474512000005,27.845931380000025,81
53,Zona_53,Urbano,2023,35.45285963525549,38.527243880000015,21.23548070000004,274
54,Zona_54,Urbano,2023,42.25811168741314,45.60938132000001,34.71273356000006,259
55,Zona_55,Urbano,2023,38.96537823959186,45.28808744000003,28.468011020000006,490
56,Zona_56,Urbano,2023,36.90974311327105,40.66350638000006,31.646769619999986,321
57,Zona_57,Urbano,2023,37.901503807234064,40.36613864000003,34.26497294000001,282
58,Zona_58,Urbano,2023,22.60093586923079,31.974899540000024,14.895053599999983,78
59,Zona_59,Urbano,2023,34.71641690575344,39.17324966000001,26.88888578000001,438
60,Zona_60,Urbano,2023,29.802706763216282,37.61805056000003,20.182730540000023,541
61,Zona_61,Urbano,2023,38.20733035423079,39.658608500000014,34.99984724000001,260
62,Zona_62,Urbano,2023,30.557346219639193,37.94276246000004,23.57682440000002,388
63,Zona_63,Urbano,2023,40.118351039375014,41.904247639999994,35.758647680000024,544
64,Zona_64,Urbano,2023,38.75140902500002,45.83497064000005,29.520761180000022,1140
65,Zona_65,Urbano,2023,36.765814784896286,40.78997312000001,34.182940460000054,241
66,Zona_66,Urbano,2023,35.71316369101125,39.95939426000001,31.913375180000003,267
67,Zona_67,Urbano,2023,37.93890340516131,40.69426856000001,34.692225440000016,186
68,Zona_68,Urbano,2023,30.040108579861773,34.312825220000036,24.43132939999998,1302
69,Zona_69,Urbano,2023,26.31441478754719,33.646311319999995,16.30669585999999,477
70,Zona_70,Urbano,2023,33.79387634172664,37.78211552000005,27.11789312000002,278
71,Zona_71,Urbano,2023,31.108427458239458,35.79966392000006,28.11595496000001,852
72,Zona_72,Urbano,2023,36.48271443380684,40.77971906000005,27.196507580000002,352
73,Zona_73,Urbano,2023,14.364917554849516,33.810376280000014,5.632219400000054,299
74,Zona_74,Urbano,2023,38.30998390970876,39.68595266,35.92954868000004,412
75,Zona_75,Urbano,2023,38.9498053219388,41.572699700000044,33.14044436000006,392
76,Zona_76,Urbano,2023,32.831663405391325,39.03994688,28.25267575999999,460
77,Zona_77,Urbano,2023,33.65189408600001,36.98229884,30.423118460000012,120
78,Zona_78,Urbano,2023,33.68814732902441,37.98719672000004,29.91725150000002,246
79,Zona_79,Urbano,2023,32.88561538609868,41.230897700000014,20.527950560000022,669
80,Zona_80,Urbano,2023,38.5966339057778,40.687432520000016,35.365575379999996,405
81,Zona_81,Urbano,2023,36.19465645595508,38.30165456000003,30.50515094000002,267
82,Zona_82,Urbano,2023,31.546453766745582,35.987655020000034,25.801955420000013,169
83,Zona_83,Urbano,2023,35.557050051068515,40.328540420000024,30.433372520000034,730
84,Zona_84,Urbano,2023,29.160260253344845,38.151261680000005,7.365155540000046,580
85,Zona_85,Urbano,2023,22.06272968378225,37.43005946000005,7.084877900000038,349
86,Zona_86,Urbano,2023,39.05794059448277,40.41399092000006,37.13952776000002,174
87,Zona_87,Urbano,2023,23.648511807633156,37.33777292000002,13.630386200000032,338
88,Zona_88,Urbano,2023,32.685174453636385,36.38414534000003,27.179417479999984,66
89,Zona_89,Urbano,2023,26.754864296528133,32.183398760000046,14.710480520000033,409
90,Zona_90,Urbano,2023,34.251739659864896,39.169831639999984,30.019792100000018,148
91,Zona_91,Urbano,2023,15.778501341661556,26.24971604000001,5.539932860000022,325
92,Zona_92,Urbano,2023,30.629322793172136,40.04142674000002,15.12406094000005,703
93,Zona_93,Urbano,2023,36.013919283826105,41.16937333999999,28.977296000000024,345
94,Zona_94,Urbano,2023,30.233694657006012,35.037445460000015,16.00932812000002,167
95,Zona_95,Urbano,2023,38.6104219601099,39.98673842000005,36.26793266000004,364
96,Zona_96,Urbano,2023,30.731876390591566,42.07173062000004,7.963309040000013,355
97,Zona_97,Urbano,2023,38.00254635582824,40.082442979999996,34.47347216000003,326
98,Zona_98,Urbano,2023,17.25808664750002,35.69712332000006,3.034524200000021,408
99,Zona_99,Urbano,2023,30.265438430761435,34.104326000000015,20.275017079999998,394
100,Zona_100,Urbano,2023,31.65884585025469,38.96475043999999,17.232979279999995,589
101,Zona_101,Urbano,2023,35.4202044279769,37.46765768,33.21564080000002,173
102,Zona_102,Urbano,2023,27.842221669015338,33.020813660000044,24.574886240000012,457
103,Zona_103,Urbano,2023,37.69263350923079,39.610756219999985,32.47393046000002,234
104,Zona_104,Urbano,2023,29.36000448706424,35.86802432000002,25.41571915999998,218
105,Zona_105,Urbano,2023,27.505501766818195,34.36409551999998,18.524990839999987,396
106,Zona_106,Urbano,2023,35.26083962932553,38.10682742000006,32.614069280000024,341
107,Zona_107,Urbano,2023,29.504366783185862,33.60529508000002,27.288794120000034,226
108,Zona_108,Urbano,2023,37.1066159658594,40.36955666000006,34.398275720000015,256
109,Zona_109,Urbano,2023,38.263380248131895,40.591727960000014,34.08039986000006,182
110,Zona_110,Urbano,2023,38.27562783811565,43.20993127999998,33.253239020000024,467
111,Zona_111,Urbano,2023,3.7430170574235997,9.528762200000017,1.838217200000031,458
112,Zona_112,Urbano,2023,37.80622014668409,41.23431572000004,33.003723560000026,383
113,Zona_113,Urbano,2023,35.517473276763944,39.25186412000005,31.175082860000032,377
114,Zona_114,Urbano,2023,35.51324865894738,39.85343564000004,27.008516480000026,323
115,Zona_115,Urbano,2023,29.558089556315807,38.643456560000004,18.169516760000022,266
116,Zona_116,Urbano,2023,31.27083726612502,34.921232780000025,28.628657960000055,480
117,Zona_117,Urbano,2023,13.232069007241398,24.356132960000025,5.946677239999985,116
118,Zona_118,Urbano,2023,36.613537490198695,39.74405899999999,30.682887980000032,302
119,Zona_119,Urbano,2023,14.37552367472002,30.139422800000034,2.7576645800000392,375
120,Zona_120,Urbano,2023,30.144262869365694,39.00234866000005,24.28093652000001,1072
121,Zona_121,Urbano,2023,34.399041549952855,40.48235132000002,16.986881840000024,848
122,Zona_122,Urbano,2023,31.59714529274592,38.246966240000006,17.523510980000026,488
123,Zona_123,Urbano,2023,17.513172105607957,29.807874860000027,8.752871659999983,403
124,Zona_124,Urbano,2023,37.07762210693229,39.46719938000001,33.61896716000001,251
125,Zona_125,Urbano,2023,27.00286664231364,31.99882567999998,14.891635580000013,778
126,Zona_126,Urbano,2023,38.603891546368736,42.25630369999999,32.596979180000005,537
127,Zona_127,Urbano,2023,31.662821884836383,41.91450170000002,17.561109200000033,550
128,Zona_128,Urbano,2023,36.93403721628745,42.14692706000005,30.245381420000058,501
129,Zona_129,Urbano,2023,35.107753095636376,39.58683008000003,24.287772560000008,495
130,Zona_130,Urbano,2023,23.633645564480023,32.94561722000003,5.731341980000025,250
131,Zona_131,Urbano,2023,22.21773217260665,38.45204744,12.83398754000001,422
132,Zona_132,Urbano,2023,36.00141970645322,39.79191128000002,32.679011660000015,406
133,Zona_133,Urbano,2023,31.756470072421067,37.187380039999994,24.045093140000006,95
134,Zona_134,Urbano,2023,29.79324573440002,34.746913759999984,25.36444886000004,375
135,Zona_135,Urbano,2023,35.25849933038463,38.95791440000005,32.09453024000004,468
136,Zona_136,Urbano,2023,37.32792730264152,39.50137958000005,33.45148418000002,159
137,Zona_137,Urbano,2023,8.804203074023008,26.177937620000023,2.5081491199999846,783
138,Zona_138,Urbano,2023,26.181487102307706,33.0447398,13.866229579999981,156
139,Zona_139,Urbano,2023,14.033745960846925,25.08417122000003,6.209864780000032,307
140,Zona_140,Urbano,2023,6.007229169681548,16.40923645999999,2.497895060000019,471
141,Zona_141,Urbano,2023,28.033178365598104,33.67023746000001,21.074833760000047,418
142,Zona_142,Urbano,2023,22.166329088280488,35.72788550000001,9.484327940000014,599
143,Zona_143,Urbano,2023,35.65897082648651,38.02137692000002,33.83430242000003,74
144,Zona_144,Urbano,2023,36.324226035620455,39.83976356000005,31.42801634,411
145,Zona_145,Urbano,2023,35.02557427225808,39.30655244000002,28.29369200000002,465
146,Zona_146,Urbano,2023,35.96080226862622,39.200593819999995,31.60575338000001,313
147,Zona_147,Urbano,2023,33.37599835492015,39.145905500000026,21.997699160000025,626
148,Zona_148,Urbano,2023,20.356788863559345,28.69018232000002,5.119516400000009,236
149,Zona_149,Urbano,2023,28.28092469000002,35.26987082000005,11.477033600000027,306
150,Zona_150,Urbano,2023,35.855671306873255,40.37981072000002,29.80103882000003,710
151,Zona_151,Urbano,2023,31.625118818827,35.51938628000005,27.750226820000023,1364
152,Zona_152,Urbano,2023,32.45311093687638,38.88955400000003,16.58355548000003,461
153,Zona_153,Urbano,2023,37.648621213017265,40.54729370000001,31.83476072000002,232
154,Zona_154,Urbano,2023,36.20562274039122,41.12835710000002,25.590038180000022,409
155,Zona_155,Urbano,2023,38.025479353957365,41.48383118000004,31.91679320000003,844
156,Zona_156,Urbano,2023,36.50167575665792,41.330020279999985,27.880111580000005,760
157,Zona_157,Urbano,2023,28.183098473298447,31.920211220000056,26.150593459999982,191
158,Zona_158,Urbano,2023,35.99002212638808,39.74064098000002,19.652937440000017,670
159,Zona_159,Urbano,2023,35.420724086367365,40.000410500000044,20.08702598000002,245
160,Zona_160,Urbano,2023,30.699510772578144,34.84603634000001,24.250174340000058,256
161,Zona_161,Urbano,2023,37.72991303272729,39.28262630000006,34.64437315999999,396
162,Zona_162,Urbano,2023,29.648748391530265,37.00622498000001,24.397149200000058,281
163,Zona_163,Urbano,2023,35.735528387782125,42.328082119999976,12.847659620000059,1542
164,Zona_164,Urbano,2023,37.767778825000015,38.85537380000005,35.63901698000001,216
165,Zona_165,Urbano,2023,36.374963831103464,42.276811820000034,32.49443858000001,290
166,Zona_166,Urbano,2023,34.093574297241396,36.94470062000005,29.53785128000004,522
167,Zona_167,Urbano,2023,36.304167567179505,39.409093040000016,32.26543124,351
168,Zona_168,Urbano,2023,31.787879680655752,35.94322076000003,24.041675120000036,183
169,Zona_169,Urbano,2023,32.381079780776716,38.920316179999986,29.370368299999996,824
170,Zona_170,Urbano,2023,31.51248357397262,40.10295110000004,19.502544560000047,219
171,Zona_171,Urbano,2023,32.2323577463512,36.82506992000003,29.031984319999992,803
172,Zona_172,Urbano,2023,26.355497865862088,30.898223239999993,20.15538637999998,174
173,Zona_173,Urbano,2023,34.566342014790436,36.80456179999999,27.866439500000013,334
174,Zona_174,Urbano,2023,36.49189556156136,38.89639004000003,33.51984458000004,269
175,Zona_175,Urbano,2023,33.900604911764724,37.327518860000055,29.60279366000003,289
176,Zona_176,Urbano,2023,41.48325464650604,46.761254060000056,32.07744014000002,747
177,Zona_177,Urbano,2023,31.943118266965723,36.55504633999999,18.439540340000008,379
178,Zona_178,Urbano,2023,37.825417345090926,45.60938132000001,30.942657499999996,495
179,Zona_179,Urbano,2023,34.659518923566615,38.02821296000002,23.86052006,443
180,Zona_180,Urbano,2023,35.301000120666686,38.74941518000003,29.10034472000001,270
181,Zona_181,Urbano,2023,36.68219452069622,40.742120839999984,31.387000100000023,632
182,Zona_182,Urbano,2023,19.932848863571447,31.352819899999986,6.729403820000016,392
183,Zona_183,Urbano,2023,38.01024263411373,40.23967190000002,35.35873934000006,299
184,Zona_184,Urbano,2023,35.74727499527275,39.53214176000006,29.609629700000028,385
185,Zona_185,Urbano,2023,37.458185966800016,45.15136663999999,26.31465842,450
186,Zona_186,Urbano,2023,30.19795892062132,33.03106772000001,25.69599679999999,676
187,Zona_187,Urbano,2023,35.86767328010813,38.462301500000024,31.318639700000006,185
188,Zona_188,Urbano,2023,37.797809114685734,41.0087264,34.19319452000002,350
189,Zona_189,Urbano,2023,27.72846398379749,31.240025240000023,25.173039740000036,158
190,Zona_190,Urbano,2023,31.54501263846156,39.62784632,8.646913040000015,663
191,Zona_191,Urbano,2023,35.30363621174759,40.06535287999998,31.451942480000014,618
192,Zona_192,Urbano,2023,13.085743604370197,34.87338050000005,5.4066300800000135,389
193,Zona_193,Urbano,2023,27.32421210360865,37.82996780000002,14.211449600000037,787
194,Zona_194,Urbano,2023,32.72955945170733,38.752833200000055,23.050449319999984,492
195,Zona_195,Urbano,2023,39.62791205115386,42.64253996000002,36.01499918000002,208
196,Zona_196,Urbano,2023,36.90546545668676,39.53555978000003,26.058306920000007,332
197,Zona_197,Urbano,2023,30.0096761418182,35.133150020000016,18.20711498000003,99
198,Zona_198,Urbano,2023,30.074841137683418,35.95005680000003,25.81904552000003,1554
199,Zona_199,Urbano,2023,35.50877486650535,43.192841180000016,30.14967686,1033
200,Zona_200,Urbano,2023,31.486988001518995,37.00964299999998,25.96602038000003,79
201,Zona_201,Urbano,2023,26.891916854339645,37.74793532000001,12.963872300000048,318
202,Zona_202,Urbano,2023,35.83764964808142,39.32706056000001,31.896285079999984,344
203,Zona_203,Urbano,2023,36.48568317703472,40.41399092000006,25.453317380000044,317
204,Zona_204,Urbano,2023,35.08042890575541,39.952558220000014,30.70339610000002,417
205,Zona_205,Urbano,2023,32.95761062745564,36.81481586000001,27.43918700000006,169
206,Zona_206,Urbano,2023,35.654801067991286,39.19033976000003,29.695080200000007,458
207,Zona_207,Urbano,2023,33.012858369118405,40.58489192000002,13.821795319999978,397
208,Zona_208,Urbano,2023,34.712733560000025,38.24013020000001,31.68436784000005,231
209,Zona_209,Urbano,2023,38.58286254863908,39.76456712000004,36.86266813999998,169
210,Zona_210,Urbano,2023,33.61663821500002,37.78553354000002,26.54366576000001,408
211,Zona_211,Urbano,2023,33.03951489718063,39.72696890000003,14.946323900000039,227
212,Zona_212,Urbano,2023,35.6774632801504,42.5810156,31.646769619999986,133
213,Zona_213,Urbano,2023,31.70347030678385,38.22645812000002,17.509838899999977,569
214,Zona_214,Urbano,2023,37.43813207495363,42.864711260000036,31.151156720000017,539
215,Zona_215,Urbano,2023,38.866286145333355,40.66692440000003,36.3943994,270
216,Zona_216,Urbano,2023,28.982894692258082,33.793286179999996,24.896180120000054,279
217,Zona_217,Urbano,2023,34.17952244000002,38.445211400000005,28.28343794,264
218,Zona_218,Urbano,2023,25.544018907571,34.55892266000001,15.97856594000001,634
219,Zona_219,Urbano,2023,31.447977042734394,38.062393160000056,14.02345850000006,512
220,Zona_220,Urbano,2023,30.968165419879295,39.38174888000003,18.801850460000026,497
221,Zona_221,Urbano,2023,28.21548873037596,31.95439141999998,23.262366560000032,665
222,Zona_222,Urbano,2023,34.0552041697143,40.93352995999999,26.26338812000006,630
223,Zona_223,Urbano,2023,35.79419508800002,38.64687458000003,32.64141344000001,125
224,Zona_224,Urbano,2023,18.815503707933907,34.79476604000001,6.602937080000061,363
225,Zona_225,Urbano,2023,24.960952903587806,31.35965594000004,15.824755040000014,262
226,Zona_226,Urbano,2023,36.648589945148885,40.410572900000034,32.55254492000006,571
227,Zona_227,Urbano,2023,32.347761766270885,36.70202119999999,29.613047720000054,539
228,Zona_228,Urbano,2023,32.69831538796087,38.95791440000005,17.947345460000008,613
229,Zona_229,Urbano,2023,37.791145844444465,40.33537646000002,32.35429976,243
230,Zona_230,Urbano,2023,38.52436942652293,41.93842784000003,32.26201322000003,371
231,Zona_231,Urbano,2023,35.740923210637135,40.981382240000016,19.967395280000005,722
232,Zona_232,Urbano,2023,35.160347046688756,38.294818520000035,32.55938096,302
233,Zona_233,Urbano,2023,30.31193228000002,36.78063566000003,26.406944960000033,357
234,Zona_234,Urbano,2023,34.61794602975612,38.92715222000004,28.49193716000002,451
235,Zona_235,Urbano,2023,34.15612281318183,38.19569594000001,21.666151220000017,396
236,Zona_236,Urbano,2023,34.20839621116024,38.26063832,31.387000100000023,181
237,Zona_237,Urbano,2023,38.820625114345134,40.92327590000002,35.65268906000006,481
238,Zona_238,Urbano,2023,27.663899904615402,32.78497028000004,24.944032400000026,156
239,Zona_239,Urbano,2023,29.3188092631507,36.44225168000003,20.158804400000008,438
240,Zona_240,Urbano,2023,37.1293834529358,38.882717960000036,35.00668328000006,218
241,Zona_241,Urbano,2023,38.646926763511466,40.981382240000016,33.97785926000006,262
242,Zona_242,Urbano,2023,29.312818381860485,38.968168460000015,15.783738800000037,215
243,Zona_243,Urbano,2023,37.65454417597563,40.28068814000005,24.92010626000001,328
244,Zona_244,Urbano,2023,36.84922835262138,41.62738802000001,33.906080840000016,103
245,Zona_245,Urbano,2023,35.07239793230127,38.96133242000002,30.68972402000003,717
246,Zona_246,Urbano,2023,25.22369967928574,34.76742188000003,14.28664604000005,140
247,Zona_247,Urbano,2023,29.729714621926934,35.040863479999985,25.34735876000002,602
248,Zona_248,Urbano,2023,27.406689951526843,33.793286179999996,18.702727879999998,727
249,Zona_249,Urbano,2023,32.63342368347005,38.56826011999999,22.75991762000001,317
250,Zona_250,Urbano,2023,36.6106971024737,40.34221250000002,27.760480880000046,380
251,Zona_251,Urbano,2023,34.77629865429977,38.50331774000006,28.242421700000023,407
252,Zona_252,Urbano,2023,38.565348473333344,40.099533080000015,36.58922654000003,243
253,Zona_253,Urbano,2023,37.38361460000002,39.819255440000006,33.07892000000004,221
254,Zona_254,Urbano,2023,36.906961871326274,41.917919719999986,27.958726039999988,754
255,Zona_255,Urbano,2023,25.995292994863828,32.83624057999998,13.090339040000003,257
256,Zona_256,Urbano,2023,35.99933325500002,41.360782459999996,31.592081300000018,264
257,Zona_257,Urbano,2023,38.08591848983715,40.99163629999998,34.251300860000015,614
258,Zona_258,Urbano,2023,28.06411499000002,41.25824186,4.719608060000041,282
259,Zona_259,Urbano,2023,21.080541768585626,33.28741922000006,6.46279826,403
260,Zona_260,Urbano,2023,30.45587448500002,35.03060942000002,22.510402160000012,204
261,Zona_261,Urbano,2023,29.941961701935504,32.3098655,26.406944960000033,279
262,Zona_262,Urbano,2023,18.24917477477878,35.327977160000046,8.472594020000031,226
263,Zona_263,Urbano,2023,34.771018620000014,37.163453900000036,33.07550198000001,153
264,Zona_264,Urbano,2023,37.630159665496556,39.35782274000002,33.07892000000004,433
265,Zona_265,Urbano,2023,34.609268278260885,39.511633640000014,20.650999280000008,207
266,Zona_266,Urbano,2023,16.710257559081988,26.071979000000056,8.21282450000001,305
267,Zona_267,Urbano,2023,35.010722758181835,37.054077259999985,33.77619607999998,33
268,Zona_268,Urbano,2023,20.890333019047638,30.23512735999998,12.017080759999999,378
269,Zona_269,Urbano,2023,28.009746794292056,39.22110194000004,13.791033140000025,452
270,Zona_270,Urbano,2023,40.252601828492175,45.84522470000002,31.349401880000016,829
271,Zona_271,Rural,2023,23.026780357298684,30.125750720000042,15.42142868000002,4346
272,Zona_272,Rural,2023,23.5618153724929,29.842055060000007,15.83500909999998,3863
273,Zona_273,Rural,2023,32.79964903712331,38.68789082000001,27.032442619999983,146
274,Zona_274,Rural,2023,22.705958121255303,36.42516158000001,18.996677599999998,9464
275,Zona_275,Rural,2023,22.374852107026413,27.98607020000003,19.851182600000016,3410
276,Zona_276,Rural,2023,21.781154202350614,26.62569824000002,19.25302910000005,3012
277,Zona_277,Rural,2023,29.52827285304833,39.870525740000005,23.522136079999996,3602
278,Zona_278,Rural,2023,25.578187701446186,32.96612534000002,20.63049116000002,3734
279,Zona_279,Rural,2023,22.021848169067663,27.61008800000002,18.702727879999998,1641
280,Zona_280,Rural,2023,28.366790061958145,37.1292737,8.988715039999988,3248
281,Zona_281,Rural,2023,24.714601536440092,33.28741922000006,20.26818104000006,8135
282,Zona_282,Rural,2023,24.017376213144694,34.43929195999999,11.582992220000051,16679
283,Zona_283,Rural,2023,25.875915349726583,37.19079806000002,21.12610405999999,4608
284,Zona_284,Rural,2023,28.249739151267622,35.65610708000003,23.31705488,2272
285,Zona_285,Rural,2023,21.775355212566442,29.39429444000001,18.227623100000017,3425
286,Zona_286,Rural,2023,22.59329520322326,28.744870640000045,17.28424958000005,5783
287,Zona_287,Rural,2023,27.532074103167044,32.501274620000004,22.828278020000027,3227
288,Zona_288,Rural,2023,22.541397552452043,26.177937620000023,18.836030660000006,2345
289,Zona_289,Rural,2023,25.830277869511754,36.40807147999999,20.521114520000026,7414
290,Zona_290,Rural,2023,21.9984786461195,26.482141400000046,19.15732453999999,1925
291,Zona_291,Rural,2023,26.30040603352151,30.812772740000014,21.99086312000003,2303
292,Zona_292,Rural,2023,34.11407721824036,39.819255440000006,26.147175440000012,4194
293,Zona_293,Rural,2023,24.81753947663583,32.887510880000036,18.0567221,3133
294,Zona_294,Rural,2023,29.761215662452848,33.345525560000056,26.97091826000002,424
295,Zona_295,Rural,2023,21.696357311209383,30.511986980000017,13.866229579999981,6921
296,Zona_296,Rural,2023,20.661009713883992,26.342002579999985,13.855975520000015,5654
297,Zona_297,Rural,2023,25.357277545468765,28.62523994000003,22.243796599999996,1152
298,Zona_298,Rural,2023,23.106525490395796,29.643809900000008,9.706499240000028,3411
299,Zona_299,Rural,2023,23.952362408985373,34.65804523999998,14.741242700000043,7441
300,Zona_300,Rural,2023,21.44320023290424,35.78599184000001,7.409589800000049,15567
301,Zona_301,Rural,2023,24.956001645284573,35.003265260000035,18.364343899999994,4428
302,Zona_302,Rural,2023,25.37382013735262,34.21028462000004,9.822711920000017,2629
303,Zona_303,Rural,2023,31.23415162385095,36.900266360000046,26.65646042000003,966
304,Zona_304,Rural,2023,28.963879604192375,38.02479493999999,14.351588419999985,7299
305,Zona_305,Rural,2023,23.778348520141893,40.38322874000005,16.47076082000001,19172
306,Zona_306,Rural,2023,21.544371361933873,27.387916700000005,19.068456019999985,5533
307,Zona_307,Rural,2023,25.13579340576572,35.38608350000004,12.434079200000042,8169
308,Zona_308,Rural,2023,23.09661467023258,27.88694762,17.557691180000006,4644
309,Zona_309,Rural,2023,27.831423212902276,35.65610708000003,24.062183240000024,1995
310,Zona_310,Rural,2023,24.437909901576823,31.62284348000003,13.042486760000031,2207
311,Zona_311,Rural,2023,26.64585726344514,33.77277806000001,22.975252880000028,1312
312,Zona_312,Rural,2023,26.619811911196717,30.019792100000018,23.6110046,2908
313,Zona_313,Rural,2023,23.956398258544642,32.74737206000003,9.122017819999996,2185
314,Zona_314,Rural,2023,25.101612154112274,33.18146060000004,16.72711232000006,9158
315,Zona_315,Rural,2023,21.724114049003806,32.00224370000001,10.666962860000012,10289
316,Zona_316,Rural,2023,23.27768166260815,31.089632359999996,16.067434460000015,10774
317,Zona_317,Rural,2023,22.276581770907,27.03586064000001,17.017644020000034,3440
318,Zona_318,Rural,2023,22.950236415084685,30.658961840000018,15.353068280000002,2185
319,Zona_319,Rural,2023,22.279186225504656,38.29140050000001,9.200632280000036,22759
320,Zona_320,Rural,2023,26.49943484677167,34.67171732000003,10.35934106000002,1143
321,Zona_321,Rural,2023,25.216905213209323,32.05009598000004,12.071769080000024,1935
322,Zona_322,Rural,2023,28.949897617591088,37.64539472000001,23.385415280000018,1702
323,Zona_323,Rural,2023,24.33376137721833,35.47153400000002,7.659105260000047,3408
324,Zona_324,Rural,2023,23.75333870823424,32.778134239999986,14.184105440000053,3279
325,Zona_325,Rural,2023,29.24288047485032,40.72844875999999,23.686201040000014,1503
326,Zona_326,Rural,2023,26.741617946857165,34.63411910000002,11.196755960000019,805
327,Zona_327,Rural,2023,32.3291360610345,35.76890174000005,28.614985880000006,58
328,Zona_328,Rural,2023,32.0974198704348,34.19661254000005,28.447502900000018,207
329,Zona_329,Rural,2023,32.253955145967765,37.88123810000002,27.62376008000001,372
330,Zona_330,Rural,2023,32.95075438647689,38.28114644000004,27.220433720000017,843
331,Zona_331,Rural,2023,28.460749401541158,33.71808973999998,23.535808159999988,2297
0,Zona_0,Urbano,2023,43.24826813991527,50.24763446000003,39.66544454000001,236
1,Zona_1,Urbano,2023,38.37347927372462,50.022045140000046,32.73711800000001,443
2,Zona_2,Urbano,2023,47.72328812162164,49.731513440000015,41.53851950000001,74
3,Zona_3,Urbano,2023,43.185343587741954,47.51321846000002,25.40888312000004,279
4,Zona_4,Urbano,2023,44.09049547007521,49.86481622000002,36.165392060000045,133
5,Zona_5,Urbano,2023,44.065459858181825,46.26905918,39.03994688,374
6,Zona_6,Urbano,2023,48.32329677875834,49.90241444000003,44.932613360000005,451
7,Zona_7,Urbano,2023,36.434569171097195,47.16116240000002,23.081211499999995,319
8,Zona_8,Urbano,2023,40.85773034000002,42.93648968000002,33.45148418000002,85
9,Zona_9,Urbano,2023,34.84755359100396,41.83930526000006,29.045656399999984,1016
10,Zona_10,Urbano,2023,42.09737410663416,46.29982136000001,30.952911560000018,410
11,Zona_11,Urbano,2023,21.524890967112004,32.71319186000005,9.42280358000005,1018
12,Zona_12,Urbano,2023,39.223286388872204,42.950161760000015,35.60141876,532
13,Zona_13,Urbano,2023,44.31867878893619,48.63774704000002,28.758542720000037,423
14,Zona_14,Urbano,2023,41.21040562704227,44.09178043999998,36.807979820000014,426
15,Zona_15,Urbano,2023,44.489279229864884,50.80477172000002,35.73472154000001,444
16,Zona_16,Urbano,2023,39.813745488962425,50.15876594000002,20.647581260000038,665
17,Zona_17,Urbano,2023,48.712419919060075,55.57290962000002,41.439396920000036,1149
18,Zona_18,Urbano,2023,42.56657955036286,47.024441600000046,36.53112020000003,689
19,Zona_19,Urbano,2023,39.6897988715165,47.27053904000002,13.917499880000037,455
20,Zona_20,Urbano,2023,41.46600771172415,46.10499421999998,37.67957492000005,261
21,Zona_21,Urbano,2023,28.218460563208215,40.43791706000002,14.11232702000001,293
22,Zona_22,Urbano,2023,32.84627412258067,40.014082580000036,16.23833546000003,713
23,Zona_23,Urbano,2023,32.246987883102065,44.871088999999984,13.671402440000008,490
24,Zona_24,Urbano,2023,38.95367605520002,43.883281220000015,34.429037900000026,350
25,Zona_25,Urbano,2023,42.72940062672133,48.35405137999999,35.97740096000001,366
26,Zona_26,Urbano,2023,33.8144946282569,45.31884962000004,17.53376504000005,327
27,Zona_27,Urbano,2023,41.13160475140189,46.62795128000005,28.211659520000012,321
28,Zona_28,Urbano,2023,45.277913178132316,48.08060978000003,41.39496266000003,257
29,Zona_29,Urbano,2023,25.293500176739148,38.8041035,14.29348207999999,276
30,Zona_30,Urbano,2023,43.855065610141665,48.64458308000002,35.78599184000001,353
31,Zona_31,Urbano,2023,45.68582308511629,49.29400687999998,42.26313974000004,258
32,Zona_32,Urbano,2023,43.45402733968256,47.77298798000004,38.411031200000025,567
33,Zona_33,Urbano,2023,39.5803701541699,44.94970346000002,33.08575603999998,518
34,Zona_34,Urbano,2023,36.04814447950002,44.07127232000005,28.218495560000008,360
35,Zona_35,Urbano,2023,45.00780980000002,48.483936140000026,34.463218100000006,244
36,Zona_36,Urbano,2023,44.08407907848104,48.29936306000002,27.828841280000006,395
37,Zona_37,Urbano,2023,16.420623742738275,31.708293980000008,9.768023599999992,745
38,Zona_38,Urbano,2023,44.65953797642859,48.67876328,36.59264456000005,140
39,Zona_39,Urbano,2023,45.40042276134389,47.868692539999984,41.79828902000003,253
40,Zona_40,Urbano,2023,44.81477968768242,55.924965680000014,39.35098670000002,466
41,Zona_41,Urbano,2023,42.04251097430335,47.85502045999999,38.25380228000006,811
42,Zona_42,Urbano,2023,44.443548233253026,46.57326296000002,38.920316179999986,415
43,Zona_43,Urbano,2023,29.14348567513515,35.27670685999999,21.82338014000004,74
44,Zona_44,Urbano,2023,45.74051476842107,50.22029029999999,40.51311350000003,646
45,Zona_45,Urbano,2023,45.05352210226089,46.96633526000005,39.12881540000001,690
46,Zona_46,Urbano,2023,36.68581570951222,42.22554151999998,32.87042078000002,738
47,Zona_47,Urbano,2023,42.149255276521764,46.05372392000004,39.89103385999999,207
48,Zona_48,Urbano,2023,26.278073447035588,40.43791706000002,11.377911020000056,253
49,Zona_49,Urbano,2023,42.63747427907694,45.72217598000003,35.792827880000004,195
50,Zona_50,Urbano,2023,46.28486928074076,50.056225340000026,41.19329948000001,486
51,Zona_51,Urbano,2023,40.8067473216636,47.058621800000026,36.490103960000056,541
52,Zona_52,Urbano,2023,34.48845237111113,38.19227792000004,27.08713094000001,81
53,Zona_53,Urbano,2023,42.41863470094892,44.72753216000001,39.81583741999998,274
54,Zona_54,Urbano,2023,48.38468159011585,50.76717350000001,42.38277044000006,259
55,Zona_55,Urbano,2023,45.36047273293879,50.958582620000016,38.40761318,490
56,Zona_56,Urbano,2023,43.75912510411217,48.10453591999999,37.09851151999999,321
57,Zona_57,Urbano,2023,44.24606404489364,46.87063069999999,40.75921094,282
58,Zona_58,Urbano,2023,25.23259216538463,29.240483540000014,21.515758340000048,78
59,Zona_59,Urbano,2023,41.81502014986304,45.50342269999999,33.400213880000024,438
60,Zona_60,Urbano,2023,34.70059042794826,43.049284339999986,23.050449319999984,541
61,Zona_61,Urbano,2023,36.400591274692324,39.65177246000002,30.38210221999998,260
62,Zona_62,Urbano,2023,42.497661720515474,49.7075873,35.184420320000015,388
63,Zona_63,Urbano,2023,47.86382311812502,49.78278374000001,42.40327855999999,544
64,Zona_64,Urbano,2023,47.55310435478949,55.66861418000002,39.40567501999999,1140
65,Zona_65,Urbano,2023,44.0736975541079,47.75589788000002,38.55117002000003,241
66,Zona_66,Urbano,2023,39.151807025168566,43.421848520000026,32.740536020000036,267
67,Zona_67,Urbano,2023,36.050778131290336,40.30119625999998,31.991989640000043,186
68,Zona_68,Urbano,2023,32.653898926267296,40.79339114000004,19.102636220000022,1302
69,Zona_69,Urbano,2023,37.474658530188705,43.53464317999999,31.004181860000017,477
70,Zona_70,Urbano,2023,43.67269184388491,45.53418488,40.21916378000003,278
71,Zona_71,Urbano,2023,37.569375869084524,43.49362694000001,30.515404999999987,852
72,Zona_72,Urbano,2023,44.17226898482957,48.31987118000001,39.88077980000003,352
73,Zona_73,Urbano,2023,45.48115412822744,47.991741260000026,43.08688256000005,299
74,Zona_74,Urbano,2023,44.52686451980585,46.69631168000001,40.19181962000005,412
75,Zona_75,Urbano,2023,45.838379940561246,49.21881044000003,38.903226080000024,392
76,Zona_76,Urbano,2023,40.16238749560871,47.4004238,33.57453290000001,460
77,Zona_77,Urbano,2023,38.94427080350001,41.50092128000006,35.26987082000005,120
78,Zona_78,Urbano,2023,44.158973711219524,48.712943480000035,40.161057440000036,246
79,Zona_79,Urbano,2023,43.15592247668163,51.748145239999985,33.530098640000006,669
80,Zona_80,Urbano,2023,43.07293197466669,47.39700578000003,39.68595266,405
81,Zona_81,Urbano,2023,44.12854655775283,46.08448610000005,39.69962473999999,267
82,Zona_82,Urbano,2023,41.67774819633138,45.537602900000024,32.46709442000002,169
83,Zona_83,Urbano,2023,44.63018414106852,49.287170840000044,37.86072998000003,730
84,Zona_84,Urbano,2023,40.58675415158623,46.37843582000005,31.161410779999983,580
85,Zona_85,Urbano,2023,45.51091492148999,47.53714460000003,42.160599140000045,349
86,Zona_86,Urbano,2023,45.449539775517266,47.48245628000001,42.70064630000002,174
87,Zona_87,Urbano,2023,46.43342751455623,49.82379997999999,43.87302715999999,338
88,Zona_88,Urbano,2023,35.75875125636365,38.91348014000005,30.416282420000016,66
89,Zona_89,Urbano,2023,43.196384555256735,46.54933682000001,39.29971640000002,409
90,Zona_90,Urbano,2023,36.82398446770272,44.00291192000003,33.01055960000002,148
91,Zona_91,Urbano,2023,41.25270992609232,47.77640600000001,28.46117498000001,325
92,Zona_92,Urbano,2023,40.451691243015674,46.53908276000004,35.23227259999999,703
93,Zona_93,Urbano,2023,43.15288502156524,50.47664180000004,38.164933760000054,345
94,Zona_94,Urbano,2023,46.220019803233555,48.37455950000003,43.52780714000005,167
95,Zona_95,Urbano,2023,45.10937382285716,47.13381823999998,42.24263162,364
96,Zona_96,Urbano,2023,44.97806821188734,48.518116340000006,41.81196110000002,355
97,Zona_97,Urbano,2023,36.93454092251536,39.887615840000024,27.367408580000017,326
98,Zona_98,Urbano,2023,45.19683133250002,47.64993926,41.85639536000002,408
99,Zona_99,Urbano,2023,45.0583427098985,48.08402780000006,39.193757780000055,394
100,Zona_100,Urbano,2023,44.59937672081496,49.52301422000005,29.073000560000025,589
101,Zona_101,Urbano,2023,42.89928660682082,45.14453060000005,40.02775466000003,173
102,Zona_102,Urbano,2023,19.305712979387327,31.462196540000036,12.116203340000027,457
103,Zona_103,Urbano,2023,39.51030441000002,44.45067254000003,28.13646308,234
104,Zona_104,Urbano,2023,31.08053854532112,40.215745760000004,14.604521900000009,218
105,Zona_105,Urbano,2023,29.1601082818182,38.752833200000055,15.400920560000031,396
106,Zona_106,Urbano,2023,39.60227632287392,43.34665208000001,34.692225440000016,341
107,Zona_107,Urbano,2023,41.97539085274338,47.991741260000026,36.86608616000001,226
108,Zona_108,Urbano,2023,29.302435152500024,44.112288560000025,12.297358400000007,256
109,Zona_109,Urbano,2023,38.709431858131886,46.07081402000006,28.960205900000005,182
110,Zona_110,Urbano,2023,44.120800674047125,50.40486338000005,39.757731079999985,467
111,Zona_111,Urbano,2023,45.1479113053712,48.29594503999999,32.825986520000015,458
112,Zona_112,Urbano,2023,24.53940308720628,40.74895688000004,13.838885419999997,383
113,Zona_113,Urbano,2023,40.3038889707162,45.62647142000003,34.20686660000001,377
114,Zona_114,Urbano,2023,31.192881961052652,39.41251106000004,17.902911200000005,323
115,Zona_115,Urbano,2023,43.35362946669175,46.094740160000015,39.344150660000025,266
116,Zona_116,Urbano,2023,30.189966770750022,40.68401449999999,15.411174619999997,480
117,Zona_117,Urbano,2023,43.64054286862071,47.35940756000002,39.22110194000004,116
118,Zona_118,Urbano,2023,42.57343257549671,45.43506230000003,37.706919080000034,302
119,Zona_119,Urbano,2023,42.59979192320002,47.024441600000046,31.455360499999983,375
120,Zona_120,Urbano,2023,31.094485183171667,45.893076980000046,13.896991759999992,1072
121,Zona_121,Urbano,2023,42.76803127448115,47.027859620000015,32.69268374000001,848
122,Zona_122,Urbano,2023,14.672749221352479,24.304862660000026,10.144005800000059,488
123,Zona_123,Urbano,2023,30.64481479940449,37.231814299999996,23.443521620000013,403
124,Zona_124,Urbano,2023,26.211872703027915,42.081984680000005,14.631866059999993,251
125,Zona_125,Urbano,2023,40.31995143658099,46.51173860000006,28.290273980000052,778
126,Zona_126,Urbano,2023,45.16872407117321,49.39996550000001,38.26747436000005,537
127,Zona_127,Urbano,2023,39.88040071050911,48.53862446000005,19.902452900000014,550
128,Zona_128,Urbano,2023,41.922572593532955,47.325227359999985,36.84216002000005,501
129,Zona_129,Urbano,2023,41.5568110858182,45.896495000000016,36.50377604000005,495
130,Zona_130,Urbano,2023,41.948545179200025,45.54102092000005,35.95005680000003,250
131,Zona_131,Urbano,2023,46.10752938649291,51.32089273999998,40.25334398000001,422
132,Zona_132,Urbano,2023,42.22003564541873,45.57861914,39.21084788000002,406
133,Zona_133,Urbano,2023,44.7194008703158,46.71340178000003,43.66794596,95
134,Zona_134,Urbano,2023,29.395534041920016,33.80354024000002,18.347253800000033,375
135,Zona_135,Urbano,2023,39.91282008576924,46.63136930000002,31.89970310000001,468
136,Zona_136,Urbano,2023,39.22228427396229,42.10249280000005,28.997804120000012,159
137,Zona_137,Urbano,2023,43.4281563602299,47.31155527999999,39.921796040000004,783
138,Zona_138,Urbano,2023,42.45625787000002,46.768090099999995,37.43689549999999,156
139,Zona_139,Urbano,2023,45.62597040729643,47.82767630000001,42.14692706000005,307
140,Zona_140,Urbano,2023,45.973084772993644,48.61040288000004,42.608359759999985,471
141,Zona_141,Urbano,2023,43.03136835478471,48.31303514000001,34.203448579999986,418
142,Zona_142,Urbano,2023,43.09830639312188,46.39894393999998,33.14044436000006,599
143,Zona_143,Urbano,2023,39.74950935621623,42.64937600000002,37.22156024000003,74
144,Zona_144,Urbano,2023,26.241865405255492,42.06831260000001,11.671860740000056,411
145,Zona_145,Urbano,2023,44.9366635299355,49.86139820000005,35.885114420000036,465
146,Zona_146,Urbano,2023,25.636044947603853,37.590706400000045,13.155281420000051,313
147,Zona_147,Urbano,2023,31.409375572779567,41.036070559999985,14.167015340000034,626
148,Zona_148,Urbano,2023,46.81206089966104,48.333543260000056,43.39450436000004,236
149,Zona_149,Urbano,2023,26.62629025000002,33.13019029999998,14.645538139999985,306
150,Zona_150,Urbano,2023,42.88386180022537,47.96781512000001,34.17268640000003,710
151,Zona_151,Urbano,2023,33.862137732434036,41.323184240000046,19.775986160000002,1364
152,Zona_152,Urbano,2023,42.78512551882866,46.22804294000002,37.22497826000006,461
153,Zona_153,Urbano,2023,39.22197117784486,46.470722360000025,27.459695119999992,232
154,Zona_154,Urbano,2023,40.24822948552569,47.896036700000025,26.318076440000027,409
155,Zona_155,Urbano,2023,47.807516461658786,53.50500752000005,40.294360220000044,844
156,Zona_156,Urbano,2023,40.52987978757897,47.56107073999999,29.254155620000006,760
157,Zona_157,Urbano,2023,27.38902621434557,33.40363190000005,20.791138100000012,191
158,Zona_158,Urbano,2023,44.67705769749256,48.43950188000002,40.000410500000044,670
159,Zona_159,Urbano,2023,42.90653666391838,46.92531902000002,38.94424232000006,245
160,Zona_160,Urbano,2023,37.29510107656252,43.291963760000044,35.35532132000003,256
161,Zona_161,Urbano,2023,45.12132949454547,46.41603404,42.34859024000002,396
162,Zona_162,Urbano,2023,47.86678282775803,51.78574346000005,41.96919002000004,281
163,Zona_163,Urbano,2023,44.970515256225696,50.08356950000001,39.61759226000004,1542
164,Zona_164,Urbano,2023,26.945425527500017,38.117081480000024,15.19242134000001,216
165,Zona_165,Urbano,2023,41.04079685662071,47.72513570000001,36.787471700000026,290
166,Zona_166,Urbano,2023,42.279483375862085,45.44531635999999,37.97352464000005,522
167,Zona_167,Urbano,2023,18.86371564820515,41.750436740000055,9.997030940000059,351
168,Zona_168,Urbano,2023,44.6185477518033,47.171416460000046,40.58147389999999,183
169,Zona_169,Urbano,2023,40.821411437451474,47.76956996000001,37.99745078000001,824
170,Zona_170,Urbano,2023,19.616837530137,36.92077447999998,9.501418040000033,219
171,Zona_171,Urbano,2023,35.574764163188064,43.79099468000004,20.821900280000023,803
172,Zona_172,Urbano,2023,30.781440890000017,35.854352240000026,24.311698700000022,174
173,Zona_173,Urbano,2023,39.23727101664672,45.312013579999984,28.068102680000038,334
174,Zona_174,Urbano,2023,22.70652535219333,36.00474512000005,14.628448040000023,269
175,Zona_175,Urbano,2023,41.9267072247059,47.14749032000003,35.97740096000001,289
176,Zona_176,Urbano,2023,48.402233107710856,51.93955435999999,43.94480557999998,747
177,Zona_177,Urbano,2023,44.770541493456484,48.859918340000036,40.687432520000016,379
178,Zona_178,Urbano,2023,44.62276812072729,50.26472455999999,35.741557580000006,495
179,Zona_179,Urbano,2023,46.63424722654629,49.93659464000001,42.76558868000001,443
180,Zona_180,Urbano,2023,24.15792577800002,35.19809240000001,12.505857620000029,270
181,Zona_181,Urbano,2023,45.05394766174052,48.712943480000035,38.52040784000002,632
182,Zona_182,Urbano,2023,26.90656008239798,39.62101028000001,13.941426019999994,392
183,Zona_183,Urbano,2023,45.32563993397995,47.598668960000055,42.33491816000003,299
184,Zona_184,Urbano,2023,38.87519831600002,44.65917176000005,29.267827699999998,385
185,Zona_185,Urbano,2023,47.39288896480002,53.088009080000006,40.54729370000001,450
186,Zona_186,Urbano,2023,35.49318988707103,39.97990238,32.11162034000006,676
187,Zona_187,Urbano,2023,38.306236554378394,41.76410882000005,32.93194514000004,185
188,Zona_188,Urbano,2023,26.8025758921143,44.58055730000001,13.589369959999999,350
189,Zona_189,Urbano,2023,37.45121657113926,42.081984680000005,34.86654446,158
190,Zona_190,Urbano,2023,43.5276679446154,50.21345426000005,33.0447398,663
191,Zona_191,Urbano,2023,41.801220331650505,47.26712101999999,34.774257920000025,618
192,Zona_192,Urbano,2023,46.09394057177379,48.79497595999999,41.897411600000055,389
193,Zona_193,Urbano,2023,33.9177941817281,44.97362959999998,13.213387760000046,787
194,Zona_194,Urbano,2023,42.65238413548783,49.26666272,33.52326260000001,492
195,Zona_195,Urbano,2023,42.499098149519256,47.87552858000004,30.11891467999999,208
196,Zona_196,Urbano,2023,40.920547661144596,46.42628810000002,27.845931380000025,332
197,Zona_197,Urbano,2023,42.580083412727284,45.05566208000005,40.30461428000001,99
198,Zona_198,Urbano,2023,32.49867481328187,40.13371328000005,20.98596524000004,1554
199,Zona_199,Urbano,2023,43.53062957084223,53.450319200000024,34.96908506,1033
200,Zona_200,Urbano,2023,30.722433173417745,37.79578760000004,21.549938540000028,79
201,Zona_201,Urbano,2023,40.22142096301889,45.46582448000004,34.24788283999999,318
202,Zona_202,Urbano,2023,38.597184120639554,47.50980044000005,26.024126720000027,344
203,Zona_203,Urbano,2023,48.84456420599371,50.910730339999986,45.390628040000024,317
204,Zona_204,Urbano,2023,41.0029395364029,45.35986586000001,26.912811920000024,417
205,Zona_205,Urbano,2023,34.044278062840256,46.97317129999999,20.339959460000046,169
206,Zona_206,Urbano,2023,45.10474574275111,49.464907880000055,39.689370680000025,458
207,Zona_207,Urbano,2023,44.02938650816124,49.57770254000002,38.66054666000002,397
208,Zona_208,Urbano,2023,29.10380712987015,40.92327590000002,14.89847162000001,231
209,Zona_209,Urbano,2023,39.48762660011836,42.21528746000001,36.22691642000001,169
210,Zona_210,Urbano,2023,43.09864457000001,45.390628040000024,39.13906946000003,408
211,Zona_211,Urbano,2023,31.28069516079297,47.15432636000003,13.018560620000017,227
212,Zona_212,Urbano,2023,40.76933650300753,47.77640600000001,36.24400652000003,133
213,Zona_213,Urbano,2023,40.45173931662568,46.41261602000003,32.367971839999996,569
214,Zona_214,Urbano,2023,42.0154315818553,49.39312946000001,30.399192319999997,539
215,Zona_215,Urbano,2023,45.91776268000002,47.98832324,42.570761540000035,270
216,Zona_216,Urbano,2023,35.58862874967745,42.00678823999999,23.46061172000003,279
217,Zona_217,Urbano,2023,39.590869558181836,45.15136663999999,29.71558832000005,264
218,Zona_218,Urbano,2023,29.785452864447972,36.52086614000001,14.81302112000003,634
219,Zona_219,Urbano,2023,16.470320215859395,33.47541032000004,8.988715039999988,512
220,Zona_220,Urbano,2023,31.360749431307863,43.08688256000005,11.217264080000007,497
221,Zona_221,Urbano,2023,25.729889166736857,36.954954680000014,12.540037820000009,665
222,Zona_222,Urbano,2023,39.559334008000015,45.305177540000045,33.11651821999999,630
223,Zona_223,Urbano,2023,47.49850730192002,49.91608652000002,44.19090302000001,125
224,Zona_224,Urbano,2023,26.566913945619852,38.56484210000002,13.377452720000008,363
225,Zona_225,Urbano,2023,43.30820587793895,47.23294082000001,29.21313938000003,262
226,Zona_226,Urbano,2023,43.65806303352016,49.37945738000002,39.69278870000005,571
227,Zona_227,Urbano,2023,34.85872550144715,42.25630369999999,22.623196820000032,539
228,Zona_228,Urbano,2023,43.31321904913541,47.48587429999998,37.457403620000036,613
229,Zona_229,Urbano,2023,42.45872644000002,45.88624093999999,34.96908506,243
230,Zona_230,Urbano,2023,43.88656104512132,48.65825516000001,39.82609148000006,371
231,Zona_231,Urbano,2023,32.77773657562329,45.732430040000054,19.704207740000015,722
232,Zona_232,Urbano,2023,44.485792129602665,48.76421377999998,39.89103385999999,302
233,Zona_233,Urbano,2023,38.34612711714287,44.847162860000026,33.41046793999999,357
234,Zona_234,Urbano,2023,38.32423925977829,47.99515928000005,18.965915419999988,451
235,Zona_235,Urbano,2023,25.381064235000018,44.768548399999986,11.952138380000008,396
236,Zona_236,Urbano,2023,40.3372837529282,45.489750619999995,36.99597091999999,181
237,Zona_237,Urbano,2023,39.81414617517673,44.59081136000003,34.11799808000001,481
238,Zona_238,Urbano,2023,28.901004040769255,33.810376280000014,23.956224620000057,156
239,Zona_239,Urbano,2023,44.955743522739745,50.305740800000024,37.37878916,438
240,Zona_240,Urbano,2023,43.85008879642204,46.38185384000002,39.641518399999995,218
241,Zona_241,Urbano,2023,45.62895013679391,48.91118863999998,40.20890972000001,262
242,Zona_242,Urbano,2023,43.954280649395365,49.943430680000006,23.094883579999987,215
243,Zona_243,Urbano,2023,42.24568491225612,45.87598688000003,26.60860814,328
244,Zona_244,Urbano,2023,44.02750175320391,49.10601578000001,41.24115175999998,103
245,Zona_245,Urbano,2023,42.46658582025107,45.927257180000026,36.56530040000001,717
246,Zona_246,Urbano,2023,43.997565160142884,47.18850656000001,40.424244980000026,140
247,Zona_247,Urbano,2023,36.65586089667776,43.92771548000002,29.773694660000046,602
248,Zona_248,Urbano,2023,29.543685891856963,36.315784940000015,21.461070020000022,727
249,Zona_249,Urbano,2023,40.198666442397496,46.046887879999986,32.92852712000001,317
250,Zona_250,Urbano,2023,31.721462351789494,45.14794862000002,13.568861840000011,380
251,Zona_251,Urbano,2023,25.706074500245716,38.92715222000004,13.630386200000032,407
252,Zona_252,Urbano,2023,38.95054385481483,43.27829168000005,36.056015419999994,243
253,Zona_253,Urbano,2023,43.654691466153864,46.10157620000001,39.06387302000002,221
254,Zona_254,Urbano,2023,45.46348082437668,51.54990008000004,35.58774668000001,754
255,Zona_255,Urbano,2023,46.455707011439706,48.480518120000056,42.85445720000001,257
256,Zona_256,Urbano,2023,36.01902571113638,43.35690613999998,21.604626860000053,264
257,Zona_257,Urbano,2023,47.19016546872966,49.533268280000016,42.755334619999985,614
258,Zona_258,Urbano,2023,45.53619690595746,48.61040288000004,41.80512506000002,282
259,Zona_259,Urbano,2023,45.50088674967744,47.76273392000002,39.62101028000001,403
260,Zona_260,Urbano,2023,44.30443490000002,49.98102890000001,34.15559630000001,204
261,Zona_261,Urbano,2023,36.36402925096776,39.904705939999985,29.438728700000013,279
262,Zona_262,Urbano,2023,39.62916210646019,45.831552620000025,25.521677780000005,226
263,Zona_263,Urbano,2023,23.994828140000017,43.37741426000002,12.352046720000033,153
264,Zona_264,Urbano,2023,43.74652884475752,45.879404900000054,39.38516690000006,433
265,Zona_265,Urbano,2023,45.38980243130436,48.57622268,38.84853776,207
266,Zona_266,Urbano,2023,44.797158908393456,48.01908542000001,37.07458538000003,305
267,Zona_267,Urbano,2023,37.910239481818195,40.591727960000014,35.461279940000054,33
268,Zona_268,Urbano,2023,44.569389959523825,47.438022020000005,41.572699700000044,378
269,Zona_269,Urbano,2023,44.904800356548684,50.11091366000005,37.04382320000002,452
270,Zona_270,Urbano,2023,49.236395307671906,53.95960418000004,39.79532930000005,829
271,Zona_271,Rural,2023,24.644523088794312,34.93490486000002,11.777819360000024,4346
272,Zona_272,Rural,2023,25.8048744073104,34.429037900000026,11.135231599999997,3863
273,Zona_273,Rural,2023,36.20807048780824,46.47755840000002,22.15151006000002,146
274,Zona_274,Rural,2023,24.967190352284465,42.38277044000006,11.340312799999992,9464
275,Zona_275,Rural,2023,26.321758078551337,34.81869218000003,18.620695400000045,3410
276,Zona_276,Rural,2023,24.456759151055792,31.58866327999999,11.880359960000021,3012
277,Zona_277,Rural,2023,33.939290291954485,46.97317129999999,21.10217792000003,3602
278,Zona_278,Rural,2023,28.192410959592944,36.937864579999996,20.295525200000043,3734
279,Zona_279,Rural,2023,23.307638141170038,32.17314470000002,13.753434920000018,1641
280,Zona_280,Rural,2023,34.01929854311578,46.419452060000026,22.882966340000053,3248
281,Zona_281,Rural,2023,23.451734111569777,34.52474246000003,9.795367760000033,8135
282,Zona_282,Rural,2023,24.162015286109497,44.05418222000003,9.337353080000014,16679
283,Zona_283,Rural,2023,29.429007222109387,41.82563318000001,15.56498552000005,4608
284,Zona_284,Rural,2023,32.24647416692783,41.40179870000003,26.095905140000013,2272
285,Zona_285,Rural,2023,25.52903475618688,33.44123012,15.366740359999994,3425
286,Zona_286,Rural,2023,27.85262911519628,36.57213644000001,17.690993960000014,5783
287,Zona_287,Rural,2023,32.70803887973972,40.591727960000014,15.708542360000024,3227
288,Zona_288,Rural,2023,27.19344375141153,33.400213880000024,18.149008640000034,2345
289,Zona_289,Rural,2023,30.134992835853808,41.99311616,15.588911660000008,7414
290,Zona_290,Rural,2023,25.748925505548073,31.680949820000023,19.533306740000057,1925
291,Zona_291,Rural,2023,31.566023906539318,36.84899605999999,26.64278834000004,2303
292,Zona_292,Rural,2023,40.74674828815452,47.33889943999998,31.80741655999998,4194
293,Zona_293,Rural,2023,29.76590074526015,38.722071020000044,14.78225894000002,3133
294,Zona_294,Rural,2023,36.20875415806606,39.82267346000003,31.298131580000017,424
295,Zona_295,Rural,2023,24.4671161336021,34.81185614000003,8.896428500000013,6921
296,Zona_296,Rural,2023,25.875459776876564,34.562340680000034,9.556106360000058,5654
297,Zona_297,Rural,2023,31.984334699375015,35.939802740000005,27.551981660000024,1152
298,Zona_298,Rural,2023,29.159739706649095,36.52086614000001,21.324349220000045,3411
299,Zona_299,Rural,2023,26.88625095098241,42.30415598000002,13.199715680000054,7441
300,Zona_300,Rural,2023,22.586695343746403,35.74497560000003,9.928670539999985,15567
301,Zona_301,Rural,2023,30.643301318374,41.85639536000002,22.554836420000015,4428
302,Zona_302,Rural,2023,36.521010453510854,43.05270236000001,28.529535380000027,2629
303,Zona_303,Rural,2023,37.530629214099406,43.64060180000001,31.205845039999986,966
304,Zona_304,Rural,2023,34.56867097104811,44.97021158000001,19.43418416000003,7299
305,Zona_305,Rural,2023,25.122069131822467,43.35348812000001,10.58834840000003,19172
306,Zona_306,Rural,2023,24.535534223003815,33.72150776000001,11.709458960000006,5533
307,Zona_307,Rural,2023,27.810236523077506,45.718757960000005,11.388165080000022,8169
308,Zona_308,Rural,2023,27.860141481666687,35.30405102000003,15.98198395999998,4644
309,Zona_309,Rural,2023,35.41930596908272,44.180648959999985,30.49147886000003,1995
310,Zona_310,Rural,2023,27.51460490663346,38.592186260000005,14.55325160000001,2207
311,Zona_311,Rural,2023,32.95226568573173,40.62932618000002,28.379142500000057,1312
312,Zona_312,Rural,2023,30.926604089697406,35.64927104000003,22.64370494000002,2908
313,Zona_313,Rural,2023,24.630234699331826,34.73324167999999,8.70501938000001,2185
314,Zona_314,Rural,2023,27.662795973404695,39.330478579999976,11.678696779999996,9158
315,Zona_315,Rural,2023,25.33553438407622,38.60244032000003,9.115181780000057,10289
316,Zona_316,Rural,2023,24.733129398902932,35.86460629999999,10.314906800000017,10774
317,Zona_317,Rural,2023,27.989734635395365,34.165850360000036,19.704207740000015,3440
318,Zona_318,Rural,2023,27.40745651135929,38.065811180000026,14.830111220000049,2185
319,Zona_319,Rural,2023,24.929115601437694,44.74120424,11.29587853999999,22759
320,Zona_320,Rural,2023,33.67599695826774,42.167435179999984,28.885009459999992,1143
321,Zona_321,Rural,2023,27.954219906139556,37.55310817999998,14.78225894000002,1935
322,Zona_322,Rural,2023,34.163870237955365,44.033674099999985,26.33174852000002,1702
323,Zona_323,Rural,2023,33.408314627517626,42.46480292000001,28.55346152000004,3408
324,Zona_324,Rural,2023,28.515087756578247,39.57999404000003,16.81256282000004,3279
325,Zona_325,Rural,2023,33.65380685820361,45.79395440000002,18.83261263999998,1503
326,Zona_326,Rural,2023,39.65472342136648,44.064436279999995,35.32114111999999,805
327,Zona_327,Rural,2023,38.254509456551745,40.325122400000055,34.545250580000015,58
328,Zona_328,Rural,2023,41.396085487826106,44.259263420000025,37.54969016000001,207
329,Zona_329,Rural,2023,40.09364342725809,46.43312414000002,34.83578227999999,372
330,Zona_330,Rural,2023,39.45751296270464,44.94286742000003,33.755687960000046,843
331,Zona_331,Rural,2023,35.37116742142797,41.64789614000006,29.07983660000002,2297
0,Zona_0,Urbano,2024,38.73525067338985,42.895473440000046,35.26987082000005,236
1,Zona_1,Urbano,2024,35.515405019683996,45.6230534,29.83521902000001,443
2,Zona_2,Urbano,2024,41.90868182810812,43.92087944000002,37.34119094000005,74
3,Zona_3,Urbano,2024,40.418952561935505,43.326143960000024,37.231814299999996,279
4,Zona_4,Urbano,2024,38.11551381669175,43.47995486000002,32.08769419999999,133
5,Zona_5,Urbano,2024,35.0048554618182,39.019438760000014,19.635847340000055,374
6,Zona_6,Urbano,2024,41.8964339401774,43.65085585999998,38.735743100000036,451
7,Zona_7,Urbano,2024,36.89520897617557,41.494085240000004,25.901077999999984,319
8,Zona_8,Urbano,2024,40.39830824000002,41.39838068000006,39.4364372,85
9,Zona_9,Urbano,2024,29.54104053488191,37.426641440000026,25.75752116000001,1016
10,Zona_10,Urbano,2024,25.472499975170752,36.01158115999999,10.58493038000006,410
11,Zona_11,Urbano,2024,24.950989313005913,33.41046793999999,15.04544648000001,1018
12,Zona_12,Urbano,2024,35.14570417616543,38.67080071999999,30.83328086000006,532
13,Zona_13,Urbano,2024,40.87468022085108,43.98240380000004,36.79430774000002,423
14,Zona_14,Urbano,2024,37.53501513985917,41.35052840000003,32.778134239999986,426
15,Zona_15,Urbano,2024,43.130262160675706,48.21049454000001,36.06285146000005,444
16,Zona_16,Urbano,2024,40.5932133852331,43.585913480000045,36.81139784000004,665
17,Zona_17,Urbano,2024,43.10194981091385,48.487354159999995,35.10922388000006,1149
18,Zona_18,Urbano,2024,37.266664213642976,40.936947980000014,33.28058318000001,689
19,Zona_19,Urbano,2024,37.21152403182419,40.11320516000001,29.04907442000001,455
20,Zona_20,Urbano,2024,36.46700285931036,40.61223608,32.89776494,261
21,Zona_21,Urbano,2024,28.447362912832784,34.610192960000006,19.12656235999998,293
22,Zona_22,Urbano,2024,33.45397698561012,37.79920562000001,29.531015239999988,713
23,Zona_23,Urbano,2024,33.274981812530626,40.56780182,14.512235359999977,490
24,Zona_24,Urbano,2024,39.16251707720002,46.077650059999996,34.10774402000004,350
25,Zona_25,Urbano,2024,42.64283880327871,46.77150812000002,35.560402520000025,366
26,Zona_26,Urbano,2024,41.34949358660552,43.63034774000005,39.68253464000003,327
27,Zona_27,Urbano,2024,38.81149323794394,43.045866320000016,32.79864236000003,321
28,Zona_28,Urbano,2024,40.72263679603114,43.767068540000025,37.676156900000024,257
29,Zona_29,Urbano,2024,41.81415309108697,43.13815285999999,40.21916378000003,276
30,Zona_30,Urbano,2024,39.85401660657226,43.97214974000002,30.88113314000003,353
31,Zona_31,Urbano,2024,36.21271441441862,43.33981604000002,27.374244620000013,258
32,Zona_32,Urbano,2024,38.02557861301589,42.160599140000045,33.902662820000046,567
33,Zona_33,Urbano,2024,35.10259899181469,39.48087146,30.053972300000055,518
34,Zona_34,Urbano,2024,28.751915559000018,33.73859786000003,20.213492719999977,360
35,Zona_35,Urbano,2024,40.77333128491805,44.026838060000046,34.41194780000001,244
36,Zona_36,Urbano,2024,42.070856645265835,44.19432103999998,39.463781359999984,395
37,Zona_37,Urbano,2024,37.51332609755706,45.188964860000056,25.85322572000001,745
38,Zona_38,Urbano,2024,39.81281003085716,42.97066988000006,32.84991266000003,140
39,Zona_39,Urbano,2024,36.538145379446654,39.00576668000002,33.9846953,253
40,Zona_40,Urbano,2024,40.380544200686714,51.09530342000005,34.86996248000003,466
41,Zona_41,Urbano,2024,36.585138402638734,41.10784898000003,33.646311319999995,811
42,Zona_42,Urbano,2024,17.111182461301222,33.76936004000004,10.602020480000022,415
43,Zona_43,Urbano,2024,33.5930086837838,35.78940985999998,26.683804580000015,74
44,Zona_44,Urbano,2024,39.40969622000002,44.36180402000002,34.53157850000002,646
45,Zona_45,Urbano,2024,35.582426457565234,41.507757319999996,21.457652000000053,690
46,Zona_46,Urbano,2024,30.793265016097582,35.63218094000001,27.288794120000034,738
47,Zona_47,Urbano,2024,38.5235451530435,41.03948858000001,36.47984989999998,207
48,Zona_48,Urbano,2024,39.32048120924904,41.66498624000002,35.63559896000004,253
49,Zona_49,Urbano,2024,34.54979041169233,38.04530306000004,28.389396560000023,195
50,Zona_50,Urbano,2024,38.59278406185187,42.194779340000025,35.42026370000002,486
51,Zona_51,Urbano,2024,35.566234003290226,40.78313708000002,32.624323340000046,541
52,Zona_52,Urbano,2024,35.511959471111126,38.02137692000002,27.67161236000004,81
53,Zona_53,Urbano,2024,37.9379223440876,40.36955666000006,35.611672820000024,274
54,Zona_54,Urbano,2024,45.02451718733593,47.67728341999998,38.39735912000003,259
55,Zona_55,Urbano,2024,41.318203696571445,46.96633526000005,34.69906148000001,490
56,Zona_56,Urbano,2024,34.02593514878507,39.573158000000035,29.059328479999976,321
57,Zona_57,Urbano,2024,39.28131727106385,42.20161538000002,36.281604740000034,282
58,Zona_58,Urbano,2024,34.72136625153848,36.96179072000001,32.14238252000001,78
59,Zona_59,Urbano,2024,25.99128095246577,31.175082860000032,16.01274613999999,438
60,Zona_60,Urbano,2024,29.85733822151573,37.559944220000034,15.725632460000043,541
61,Zona_61,Urbano,2024,40.79461373946156,42.786096799999996,36.74645545999999,260
62,Zona_62,Urbano,2024,37.78296121567012,45.49658666000005,30.761502440000015,388
63,Zona_63,Urbano,2024,42.28043090000001,44.437000460000036,37.80262363999998,544
64,Zona_64,Urbano,2024,42.15719910957896,49.844308100000035,34.63753712000005,1140
65,Zona_65,Urbano,2024,35.4397506687967,38.37001496000005,32.11162034000006,241
66,Zona_66,Urbano,2024,36.44336541685395,40.82415332000005,32.84307662000003,267
67,Zona_67,Urbano,2024,38.645974133870986,41.904247639999994,27.186253520000037,186
68,Zona_68,Urbano,2024,29.914802181520756,35.91587660000005,20.162222420000035,1302
69,Zona_69,Urbano,2024,33.040540723018886,38.657128639999996,27.312720259999992,477
70,Zona_70,Urbano,2024,29.510544005107935,35.25619874000006,20.43566401999999,278
71,Zona_71,Urbano,2024,33.0133999264789,37.771861460000025,26.77267310000002,852
72,Zona_72,Urbano,2024,38.67922924659093,42.79293284000005,35.03060942000002,352
73,Zona_73,Urbano,2024,40.97889017190637,42.99459602000002,38.96475043999999,299
74,Zona_74,Urbano,2024,36.029401322524286,37.41980540000003,33.54035270000003,412
75,Zona_75,Urbano,2024,38.29483595887757,43.37057822000003,31.301549600000044,392
76,Zona_76,Urbano,2024,36.307440512913054,43.17233306000003,29.53785128000004,460
77,Zona_77,Urbano,2024,35.04818373950002,37.30701074000001,30.563257280000016,120
78,Zona_78,Urbano,2024,37.771250106829285,40.998472340000035,35.12973199999999,246
79,Zona_79,Urbano,2024,37.82075089704038,44.53954106000003,26.181355639999992,669
80,Zona_80,Urbano,2024,34.780393476888904,38.657128639999996,30.87087908000001,405
81,Zona_81,Urbano,2024,31.225380240449454,37.313846780000006,18.47030252000002,267
82,Zona_82,Urbano,2024,34.67392184177517,39.26553620000004,26.776091120000046,169
83,Zona_83,Urbano,2024,39.50944704364386,43.75681448,33.01739564000002,730
84,Zona_84,Urbano,2024,36.09443278617243,42.143509040000026,27.96556208000004,580
85,Zona_85,Urbano,2024,40.92852535191979,42.35884429999999,37.51892798000006,349
86,Zona_86,Urbano,2024,35.86158115586209,38.872463900000014,32.58330710000001,174
87,Zona_87,Urbano,2024,41.24022141136096,44.77880246000001,37.89491018000001,338
88,Zona_88,Urbano,2024,33.73082963272729,37.1292737,28.208241499999986,66
89,Zona_89,Urbano,2024,38.25925105515894,41.31976622000002,34.99301120000001,409
90,Zona_90,Urbano,2024,35.645552788513534,41.07025076000002,30.740994320000027,148
91,Zona_91,Urbano,2024,41.36095073175386,43.56198734000003,39.36465878000001,325
92,Zona_92,Urbano,2024,35.9833569692461,41.98969814000003,30.83669888000003,703
93,Zona_93,Urbano,2024,36.618056795652194,42.02729636000004,32.03300588000002,345
94,Zona_94,Urbano,2024,40.88449058323355,42.61519580000004,38.87929994000001,167
95,Zona_95,Urbano,2024,36.07686158593409,38.37001496000005,32.80206038000006,364
96,Zona_96,Urbano,2024,40.66273612197185,42.78951482000002,37.279666580000026,355
97,Zona_97,Urbano,2024,29.857782145889583,41.01214442000003,16.56988339999998,326
98,Zona_98,Urbano,2024,40.38120138500002,42.76900669999998,37.06433132000001,408
99,Zona_99,Urbano,2024,40.94413102710662,43.603003580000006,35.80308194000003,394
100,Zona_100,Urbano,2024,41.43188772156199,44.867670980000014,37.45398560000001,589
101,Zona_101,Urbano,2024,34.33114027514452,36.753291500000046,31.995407660000012,173
102,Zona_102,Urbano,2024,27.89702965711162,31.479286640000055,23.31705488,457
103,Zona_103,Urbano,2024,38.006755390000016,40.766046980000056,28.929443719999995,234
104,Zona_104,Urbano,2024,31.02751219834864,38.39735912000003,25.685742740000023,218
105,Zona_105,Urbano,2024,29.242382440000018,38.035049000000015,21.778945880000038,396
106,Zona_106,Urbano,2024,35.85519421560119,38.81093954000005,33.36603367999999,341
107,Zona_107,Urbano,2024,37.279152364601785,43.032194240000024,33.50959052000002,226
108,Zona_108,Urbano,2024,44.80777552015627,48.61040288000004,40.97454620000002,256
109,Zona_109,Urbano,2024,39.36287464868134,41.78119892000001,34.79476604000001,182
110,Zona_110,Urbano,2024,39.211814001284814,43.948223600000006,34.51790642000003,467
111,Zona_111,Urbano,2024,40.63716971497819,43.71921626000005,37.689828980000016,458
112,Zona_112,Urbano,2024,39.62198303242822,43.39450436000004,36.32603900000004,383
113,Zona_113,Urbano,2024,36.76117923846156,40.48576934000005,33.01739564000002,377
114,Zona_114,Urbano,2024,39.09155580736844,41.82563318000001,34.39485769999999,323
115,Zona_115,Urbano,2024,35.00532121187972,40.099533080000015,25.039736960000027,266
116,Zona_116,Urbano,2024,34.616138890625024,38.85879182000002,31.892867060000015,480
117,Zona_117,Urbano,2024,39.2637093272414,42.833949080000025,35.80308194000003,116
118,Zona_118,Urbano,2024,38.830700675496715,41.33685632000004,32.12529242000005,302
119,Zona_119,Urbano,2024,40.65215855360002,42.608359759999985,37.970106620000024,375
120,Zona_120,Urbano,2024,32.34799619139927,43.20651326000001,24.072437300000047,1072
121,Zona_121,Urbano,2024,38.964710133160395,43.36716020000006,28.683346280000023,848
122,Zona_122,Urbano,2024,35.90983903188527,41.27874998000004,26.85470558000003,488
123,Zona_123,Urbano,2024,30.430404016277937,35.01010130000003,22.230124520000004,403
124,Zona_124,Urbano,2024,38.79548355314743,41.19671749999998,35.25619874000006,251
125,Zona_125,Urbano,2024,38.325018352236526,43.33981604000002,30.65212580000002,778
126,Zona_126,Urbano,2024,37.38465771575421,42.143509040000026,30.922149380000008,537
127,Zona_127,Urbano,2024,41.94664351716365,45.95801935999998,33.988113320000025,550
128,Zona_128,Urbano,2024,38.37090187137727,42.46822094000004,33.335271499999976,501
129,Zona_129,Urbano,2024,36.93538565236366,40.78313708000002,31.47586862000003,495
130,Zona_130,Urbano,2024,37.23289439432002,40.82757134000002,32.220996979999995,250
131,Zona_131,Urbano,2024,41.311456057630345,46.82277842000002,35.45786192000003,422
132,Zona_132,Urbano,2024,36.78577110876849,40.15763942000001,34.35725948000004,406
133,Zona_133,Urbano,2024,38.577794596842125,40.229417839999996,37.81287770000006,95
134,Zona_134,Urbano,2024,27.070086413600016,33.04815782000003,20.58263887999999,375
135,Zona_135,Urbano,2024,34.1020254096154,40.772883019999995,20.48351630000002,468
136,Zona_136,Urbano,2024,40.28702974943398,42.81002294000001,34.545250580000015,159
137,Zona_137,Urbano,2024,38.94475305862071,41.883739520000006,36.41832554000001,783
138,Zona_138,Urbano,2024,36.85155957500001,42.74166253999999,31.94755538000004,156
139,Zona_139,Urbano,2024,41.19308794130295,43.442356640000014,37.65223076000001,307
140,Zona_140,Urbano,2024,41.72327400356689,44.67626186000001,38.39735912000003,471
141,Zona_141,Urbano,2024,38.30863778746413,43.57907743999999,30.269307560000016,418
142,Zona_142,Urbano,2024,38.14828874440736,41.37103652000002,34.661463260000005,599
143,Zona_143,Urbano,2024,35.60395918027029,37.44031352000002,33.63605726000003,74
144,Zona_144,Urbano,2024,37.994648169927025,41.53168346000001,34.51790642000003,411
145,Zona_145,Urbano,2024,39.46748605264518,44.03709212000001,32.135546480000016,465
146,Zona_146,Urbano,2024,32.76082573616615,40.53020360000005,16.69976816000002,313
147,Zona_147,Urbano,2024,33.277192460479256,39.084381140000005,28.109118920000014,626
148,Zona_148,Urbano,2024,42.29782684974578,43.96873172000005,38.97500450000001,236
149,Zona_149,Urbano,2024,26.008231810000023,32.005661720000035,20.804810180000004,306
150,Zona_150,Urbano,2024,44.40246882977467,50.53474814000003,34.64095514000002,710
151,Zona_151,Urbano,2024,30.919287665307934,35.76890174000005,24.407403260000024,1364
152,Zona_152,Urbano,2024,38.39347399531455,42.5810156,32.57305303999999,461
153,Zona_153,Urbano,2024,37.64318479327588,41.42914286000001,30.566675300000043,232
154,Zona_154,Urbano,2024,39.64981691799513,43.75681448,32.84649464000006,409
155,Zona_155,Urbano,2024,41.499925032464475,47.144072300000005,34.630701079999994,844
156,Zona_156,Urbano,2024,38.711691032947385,44.293443620000005,34.52474246000003,760
157,Zona_157,Urbano,2024,23.06528460052358,27.11789312000002,16.925357480000002,191
158,Zona_158,Urbano,2024,39.72577004223882,43.77390458000002,35.608254800000054,670
159,Zona_159,Urbano,2024,38.56132642228573,41.98628012000006,33.85139251999999,245
160,Zona_160,Urbano,2024,29.979510200234394,33.70099964000002,27.189671540000006,256
161,Zona_161,Urbano,2024,36.905721381818196,38.74599716,32.05693201999998,396
162,Zona_162,Urbano,2024,42.788918795160164,46.92531902000002,37.01306102000001,281
163,Zona_163,Urbano,2024,39.66652181478601,45.72901202000003,34.446128000000044,1542
164,Zona_164,Urbano,2024,39.37016559000002,41.78119892000001,35.509132220000026,216
165,Zona_165,Urbano,2024,36.81850496434485,41.95551794000005,33.37286972000004,290
166,Zona_166,Urbano,2024,31.806990944482777,35.39975558000003,28.334708240000055,522
167,Zona_167,Urbano,2024,37.60470957025643,40.15763942000001,33.60187705999999,351
168,Zona_168,Urbano,2024,41.11203278590166,43.305635840000036,38.53749793999998,183
169,Zona_169,Urbano,2024,34.887720421286424,40.74895688000004,32.42607817999999,824
170,Zona_170,Urbano,2024,40.52261840493153,42.816858980000006,37.40271530000001,219
171,Zona_171,Urbano,2024,32.19925020019927,38.00428682000006,26.728238840000017,803
172,Zona_172,Urbano,2024,30.55816953758623,35.297214980000035,25.829299579999997,174
173,Zona_173,Urbano,2024,34.053608314011996,36.85241408000002,28.676510240000027,334
174,Zona_174,Urbano,2024,33.14866539695169,39.91496000000001,18.09090230000004,269
175,Zona_175,Urbano,2024,34.76687783529414,38.53066190000004,29.045656399999984,289
176,Zona_176,Urbano,2024,43.57964024650604,48.72319754,39.723550880000005,747
177,Zona_177,Urbano,2024,39.56943335023749,42.601523720000046,36.77379961999998,379
178,Zona_178,Urbano,2024,41.01177845018183,47.355989539999996,34.96566704000003,495
179,Zona_179,Urbano,2024,39.69470217395036,43.31930792000003,36.14146592000003,443
180,Zona_180,Urbano,2024,37.320442292666684,40.9061858,32.55596294000003,270
181,Zona_181,Urbano,2024,41.548357124019006,43.72605229999999,36.168810080000014,632
182,Zona_182,Urbano,2024,41.70429347000002,44.160140840000054,36.937864579999996,392
183,Zona_183,Urbano,2024,38.49568149464884,40.97796421999999,35.95689284000002,299
184,Zona_184,Urbano,2024,34.6844927246234,38.09315534000001,29.879653280000014,385
185,Zona_185,Urbano,2024,39.88690944920001,44.33104184000001,34.599938899999984,450
186,Zona_186,Urbano,2024,31.05018861144972,40.64641628000004,22.459131860000014,676
187,Zona_187,Urbano,2024,37.60792583048651,40.72844875999999,33.253239020000024,185
188,Zona_188,Urbano,2024,41.85787975725716,44.44383650000003,38.71865300000002,350
189,Zona_189,Urbano,2024,32.19620551848104,36.168810080000014,29.862563180000052,158
190,Zona_190,Urbano,2024,38.94993386461541,45.421390220000035,29.65406396000003,663
191,Zona_191,Urbano,2024,35.28608152650487,40.52678558000002,29.67115406000005,618
192,Zona_192,Urbano,2024,41.15668536858614,44.26268144000005,36.69518516000005,389
193,Zona_193,Urbano,2024,36.69159341598477,47.83451234000006,29.59253960000001,787
194,Zona_194,Urbano,2024,38.47183305170733,44.587393340000006,32.19365282000001,492
195,Zona_195,Urbano,2024,41.27220973019233,44.505360859999996,36.937864579999996,208
196,Zona_196,Urbano,2024,38.410917952349415,41.23773374000001,35.69028728000001,332
197,Zona_197,Urbano,2024,38.23802414727275,40.687432520000016,35.63901698000001,99
198,Zona_198,Urbano,2024,29.04999820918921,35.86118828000002,17.127020660000028,1554
199,Zona_199,Urbano,2024,38.842641427337874,48.92144270000006,31.13064860000003,1033
200,Zona_200,Urbano,2024,36.24582369518989,39.750895040000046,31.80058052000004,79
201,Zona_201,Urbano,2024,35.33759705905662,40.78655509999999,29.88648932000001,318
202,Zona_202,Urbano,2024,38.6535913867442,43.490208919999986,33.1472804,344
203,Zona_203,Urbano,2024,42.24189841697162,44.18748500000004,39.57999404000003,317
204,Zona_204,Urbano,2024,37.07179850517987,41.31976622000002,32.152636580000035,417
205,Zona_205,Urbano,2024,36.39990059195269,41.07366878000005,28.567133600000034,169
206,Zona_206,Urbano,2024,37.77658549200875,40.885677680000015,34.02912956,458
207,Zona_207,Urbano,2024,38.472323100201535,43.763650520000056,32.81573246000005,397
208,Zona_208,Urbano,2024,30.88651911090911,40.83782540000004,16.69976816000002,231
209,Zona_209,Urbano,2024,28.83208071242606,35.24252666000001,22.28823086,169
210,Zona_210,Urbano,2024,30.459384657500014,34.890470600000015,20.801392159999978,408
211,Zona_211,Urbano,2024,40.484218432246706,42.20503340000005,37.57703432000005,227
212,Zona_212,Urbano,2024,35.5892115457143,42.047804480000025,30.679469960000006,133
213,Zona_213,Urbano,2024,35.78927169750441,41.99995220000005,27.206761640000025,569
214,Zona_214,Urbano,2024,39.40929596512061,45.13085852000006,35.02377338000002,539
215,Zona_215,Urbano,2024,38.29005861066669,40.164475460000006,35.84068016000003,270
216,Zona_216,Urbano,2024,30.527815230322602,36.886594280000054,24.93719636000003,279
217,Zona_217,Urbano,2024,35.76074510136365,40.16789348000003,30.624781640000037,264
218,Zona_218,Urbano,2024,33.50490556829654,40.936947980000014,24.062183240000024,634
219,Zona_219,Urbano,2024,33.67378899640627,40.81389926000003,12.355464740000002,512
220,Zona_220,Urbano,2024,36.152717189054336,41.07025076000002,26.71798478000005,497
221,Zona_221,Urbano,2024,29.05716973052633,33.492500420000056,22.602688700000044,665
222,Zona_222,Urbano,2024,35.10486726085716,41.22064364000005,26.618862200000024,630
223,Zona_223,Urbano,2024,40.624431575360006,43.623511699999995,36.70202119999999,125
224,Zona_224,Urbano,2024,39.795282219834725,43.469700800000055,30.78542858000003,363
225,Zona_225,Urbano,2024,40.84172611748094,43.011686120000036,37.330936880000024,262
226,Zona_226,Urbano,2024,38.47459080833627,42.803186900000014,34.562340680000034,571
227,Zona_227,Urbano,2024,34.71811741710577,39.58341206,32.05351400000001,539
228,Zona_228,Urbano,2024,38.63004654678632,42.62203183999998,31.94755538000004,613
229,Zona_229,Urbano,2024,36.467387489629644,41.066832739999995,22.896638420000045,243
230,Zona_230,Urbano,2024,41.03806056625338,45.59229121999999,36.63366080000003,371
231,Zona_231,Urbano,2024,40.334150328171766,43.603003580000006,36.97204478000003,722
232,Zona_232,Urbano,2024,37.242136267682135,42.99117799999999,32.75420810000003,302
233,Zona_233,Urbano,2024,16.424536168571446,23.751143420000005,9.98677687999998,357
234,Zona_234,Urbano,2024,37.071008206075405,42.36909836000001,29.19604928000001,451
235,Zona_235,Urbano,2024,42.72523705500002,47.325227359999985,37.744517299999984,396
236,Zona_236,Urbano,2024,33.85550925127074,38.151261680000005,30.78542858000003,181
237,Zona_237,Urbano,2024,37.62714633047819,41.586371780000036,27.27854006000001,481
238,Zona_238,Urbano,2024,27.26984163730771,31.154574740000044,24.21599414000002,156
239,Zona_239,Urbano,2024,40.134119072328794,45.95460134000001,32.251759160000006,438
240,Zona_240,Urbano,2024,39.795203868073415,41.94526388000003,36.46959584000001,218
241,Zona_241,Urbano,2024,37.5281775074046,39.737222960000054,32.911437019999994,262
242,Zona_242,Urbano,2024,42.57710474920932,44.881343060000006,39.72696890000003,215
243,Zona_243,Urbano,2024,38.688859953719536,42.05805854000005,34.72982366000002,328
244,Zona_244,Urbano,2024,35.307734517281574,40.38664676000002,32.91485504000002,103
245,Zona_245,Urbano,2024,38.39877495255232,41.38812661999998,32.95245326000003,717
246,Zona_246,Urbano,2024,39.37957599585717,42.08882072000006,35.772319760000016,140
247,Zona_247,Urbano,2024,25.339847064883738,30.67605193999998,15.383830460000013,602
248,Zona_248,Urbano,2024,23.81977180781295,31.663859720000005,13.756852940000044,727
249,Zona_249,Urbano,2024,33.5052236490221,38.25380228000006,27.931381880000004,317
250,Zona_250,Urbano,2024,38.29854236284213,41.12493907999999,33.72150776000001,380
251,Zona_251,Urbano,2024,34.12617781336611,38.02479493999999,23.98356878000004,407
252,Zona_252,Urbano,2024,31.326812002962978,36.32603900000004,23.819503820000023,243
253,Zona_253,Urbano,2024,37.86951475538464,40.51653152000006,33.60187705999999,221
254,Zona_254,Urbano,2024,39.364427587665794,44.61473750000005,30.542749160000028,754
255,Zona_255,Urbano,2024,41.344623338210134,43.10739067999998,38.01454088000003,257
256,Zona_256,Urbano,2024,37.33280125454547,42.62203183999998,32.48760254000001,264
257,Zona_257,Urbano,2024,40.674389489283406,43.35007010000004,35.02719139999999,614
258,Zona_258,Urbano,2024,40.28473643319151,42.41353262000001,37.50867391999998,282
259,Zona_259,Urbano,2024,41.362758635335,43.68161803999999,35.65268906000006,403
260,Zona_260,Urbano,2024,39.21416537000002,44.89159712000003,29.025148280000053,204
261,Zona_261,Urbano,2024,29.77676965290325,32.24492312000001,26.615444180000054,279
262,Zona_262,Urbano,2024,40.609801118849575,44.39940224000003,36.98913488000005,226
263,Zona_263,Urbano,2024,39.562658200000016,42.92623562000006,37.495001839999986,153
264,Zona_264,Urbano,2024,35.730269430808335,38.086319300000014,32.32695560000002,433
265,Zona_265,Urbano,2024,41.85689072521741,44.64208166000003,38.78017736000004,207
266,Zona_266,Urbano,2024,39.41039300826232,42.83053106,32.15605460000006,305
267,Zona_267,Urbano,2024,35.722913834545466,37.53601808000002,34.49056226000005,33
268,Zona_268,Urbano,2024,39.57982223476193,42.56050748000001,36.64733288000002,378
269,Zona_269,Urbano,2024,40.08877992858409,45.10351436000002,32.47393046000002,452
270,Zona_270,Urbano,2024,42.83471184682753,47.49271034000003,33.95393311999999,829
271,Zona_271,Rural,2024,23.728014765568357,30.416282420000016,16.50152300000002,4346
272,Zona_272,Rural,2024,24.051486775133334,31.564737140000034,15.872607320000043,3863
273,Zona_273,Rural,2024,34.51392653369865,42.314410039999984,28.269765860000007,146
274,Zona_274,Rural,2024,22.551806286039746,37.41980540000003,11.760729260000005,9464
275,Zona_275,Rural,2024,16.53689800347216,25.617382340000006,7.307049200000051,3410
276,Zona_276,Rural,2024,21.060992594681295,26.601772100000005,14.939487859999986,3012
277,Zona_277,Rural,2024,30.68529824396449,43.06979246000003,24.065601259999994,3602
278,Zona_278,Rural,2024,25.746381929850045,34.336751359999994,16.67926004000003,3734
279,Zona_279,Rural,2024,19.837941677915925,26.359092680000003,11.685532820000049,1641
280,Zona_280,Rural,2024,30.765830739341155,43.25778356000001,25.945512259999987,3248
281,Zona_281,Rural,2024,24.320568325347285,32.90118296000003,11.99999065999998,8135
282,Zona_282,Rural,2024,22.35166454863723,36.26793266000004,7.477950200000009,16679
283,Zona_283,Rural,2024,26.774276038632834,39.40225700000002,14.857455380000033,4608
284,Zona_284,Rural,2024,30.11156563611798,39.28262630000006,25.326850640000032,2272
285,Zona_285,Rural,2024,18.421886391445273,29.284917800000017,8.944280779999985,3425
286,Zona_286,Rural,2024,23.10389703408959,29.749768520000032,16.689514099999997,5783
287,Zona_287,Rural,2024,28.766378639417436,35.297214980000035,15.94438574000003,3227
288,Zona_288,Rural,2024,18.2267587563497,27.09054895999998,9.19721426000001,2345
289,Zona_289,Rural,2024,28.15488092448343,38.66396468000005,23.01626912000006,7414
290,Zona_290,Rural,2024,17.96279846158963,26.15401148000001,8.725527499999998,1925
291,Zona_291,Rural,2024,28.903902814146782,34.63753712000005,16.658751919999986,2303
292,Zona_292,Rural,2024,37.359302208111615,44.43016441999998,28.748288660000014,4194
293,Zona_293,Rural,2024,26.921440429473368,36.086777600000005,11.152321700000016,3133
294,Zona_294,Rural,2024,32.394082610707564,35.96372888000002,29.336188100000015,424
295,Zona_295,Rural,2024,22.960710121014326,34.722987620000026,14.512235359999977,6921
296,Zona_296,Rural,2024,21.691967124860295,30.122332700000015,12.447751280000034,5654
297,Zona_297,Rural,2024,24.810222257656267,31.349401880000016,13.989278300000024,1152
298,Zona_298,Rural,2024,21.60418094416888,30.286397660000034,10.933568420000029,3411
299,Zona_299,Rural,2024,23.05847461598443,35.78940985999998,9.545852299999979,7441
300,Zona_300,Rural,2024,20.58684954162654,34.58284880000002,8.44524985999999,15567
301,Zona_301,Rural,2024,27.940818486707336,39.193757780000055,13.449231140000052,4428
302,Zona_302,Rural,2024,31.60594709813619,37.38220718000002,24.995302700000025,2629
303,Zona_303,Rural,2024,34.58736016180126,40.72161272000005,29.24390156000004,966
304,Zona_304,Rural,2024,29.07198578409373,40.772883019999995,11.203592000000015,7299
305,Zona_305,Rural,2024,22.68118798991239,38.14442564000001,10.051719260000027,19172
306,Zona_306,Rural,2024,19.658363770685,26.550501800000006,9.207468320000032,5533
307,Zona_307,Rural,2024,25.42143092288654,42.17085320000001,11.11472348000001,8169
308,Zona_308,Rural,2024,23.52319593116281,29.055910460000007,12.403317020000031,4644
309,Zona_309,Rural,2024,30.882037758827085,39.50821561999999,26.615444180000054,1995
310,Zona_310,Rural,2024,26.033460841676504,33.13019029999998,19.953723200000013,2207
311,Zona_311,Rural,2024,27.599193061250016,35.12289596000005,21.549938540000028,1312
312,Zona_312,Rural,2024,26.639892191004147,31.205845039999986,23.351235080000038,2908
313,Zona_313,Rural,2024,26.902054151789493,32.17998074000002,16.86041510000001,2185
314,Zona_314,Rural,2024,26.031123994400545,32.661921559999996,11.788073420000046,9158
315,Zona_315,Rural,2024,22.61204050105163,35.11264190000003,9.477491900000018,10289
316,Zona_316,Rural,2024,23.333517148036034,33.55402478000002,10.226038280000012,10774
317,Zona_317,Rural,2024,21.401098673156994,29.859145160000025,11.118141499999979,3440
318,Zona_318,Rural,2024,22.706000505427937,32.30644748000003,11.99657264000001,2185
319,Zona_319,Rural,2024,20.233881594519993,39.50137958000005,8.048759539999992,22759
320,Zona_320,Rural,2024,29.022576541417347,37.17028994000003,25.11493340000004,1143
321,Zona_321,Rural,2024,27.417136796558157,32.73028196000001,21.255988820000027,1935
322,Zona_322,Rural,2024,29.170932255240906,36.93102854000006,21.652479140000025,1702
323,Zona_323,Rural,2024,28.303932018838047,36.40123544000005,24.222830180000017,3408
324,Zona_324,Rural,2024,25.30504890523332,34.55550463999998,9.706499240000028,3279
325,Zona_325,Rural,2024,30.610888969221577,38.98867658000006,22.633450880000055,1503
326,Zona_326,Rural,2024,34.90268206027331,39.07070906000001,31.499794759999986,805
327,Zona_327,Rural,2024,33.1284223586207,37.21472419999998,28.946533820000013,58
328,Zona_328,Rural,2024,37.49617420434784,40.13713130000002,33.201968720000025,207
329,Zona_329,Rural,2024,35.4752092903226,41.95551794000005,31.29129554000002,372
330,Zona_330,Rural,2024,34.276439322633465,39.76456712000004,28.027086440000005,843
331,Zona_331,Rural,2024,31.1849485424554,37.48816580000005,16.070852479999985,2297
0,Zona_0,Urbano,2024,41.126923173160876,47.150909423828125,37.46765899658203,236
1,Zona_1,Urbano,2024,37.487872457396634,48.41899490356445,31.879194259643555,443
2,Zona_2,Urbano,2024,44.63524565825591,46.638206481933594,38.633201599121094,74
3,Zona_3,Urbano,2024,42.93636714429411,45.404300689697266,39.74406051635742,279
4,Zona_4,Urbano,2024,40.26557707248774,46.21778869628906,33.106266021728516,133
5,Zona_5,Urbano,2024,41.00533580270043,42.97750473022461,36.2610969543457,374
6,Zona_6,Urbano,2024,45.36868749648134,47.41751480102539,41.68549346923828,451
7,Zona_7,Urbano,2024,38.96843309094829,43.44235610961914,28.5739688873291,310
8,Zona_8,Urbano,2024,43.23932634241441,44.18748474121094,41.50775909423828,85
9,Zona_9,Urbano,2024,33.09118585699186,39.89786911010742,29.927505493164062,1016
10,Zona_10,Urbano,2024,34.432614256696006,38.995513916015625,21.27991485595703,410
11,Zona_11,Urbano,2024,32.10501262949586,39.44327163696289,26.854705810546875,1018
12,Zona_12,Urbano,2024,37.4101424468191,40.810482025146484,33.47199249267578,532
13,Zona_13,Urbano,2024,42.610242496427354,45.9887809753418,38.17860412597656,423
14,Zona_14,Urbano,2024,39.62609721797173,43.568824768066406,34.01203918457031,426
15,Zona_15,Urbano,2024,45.201643797728394,50.49031448364258,37.98377990722656,444
16,Zona_16,Urbano,2024,43.34163037637123,48.01566696166992,39.92179489135742,665
17,Zona_17,Urbano,2024,45.42014974755137,50.98592758178711,37.51209259033203,1149
18,Zona_18,Urbano,2024,38.94263995852975,42.78951644897461,35.37240982055664,689
19,Zona_19,Urbano,2024,40.05066671685858,43.02535629272461,32.651668548583984,455
20,Zona_20,Urbano,2024,39.06057278863315,41.64105987548828,35.86802291870117,261
21,Zona_21,Urbano,2024,36.40544673932697,41.497501373291016,28.806394577026367,293
22,Zona_22,Urbano,2024,38.37777143909085,41.78461837768555,31.54764747619629,713
23,Zona_23,Urbano,2024,36.25178429739816,41.309513092041016,28.912353515625,490
24,Zona_24,Urbano,2024,40.807453863961356,48.914608001708984,36.10728454589844,350
25,Zona_25,Urbano,2024,44.496993174318405,48.945369720458984,37.0164794921875,366
26,Zona_26,Urbano,2024,43.8390455683437,45.8657341003418,42.24263000488281,327
27,Zona_27,Urbano,2024,41.47301269246039,46.08106994628906,36.04917907714844,321
28,Zona_28,Urbano,2024,43.02268493592971,45.8725700378418,39.186920166015625,257
29,Zona_29,Urbano,2024,43.71538963870726,44.80614471435547,42.615196228027344,276
30,Zona_30,Urbano,2024,41.9315531787386,46.08790588378906,32.58330535888672,353
31,Zona_31,Urbano,2024,43.47666931152344,47.116729736328125,39.38174819946289,258
32,Zona_32,Urbano,2024,39.907545308377166,43.86619186401367,34.951995849609375,567
33,Zona_33,Urbano,2024,36.25165420517498,41.08392333984375,30.27956199645996,518
34,Zona_34,Urbano,2024,33.17675125863817,38.70156478881836,26.858123779296875,360
35,Zona_35,Urbano,2024,42.59601833781258,46.38185501098633,35.85776901245117,244
36,Zona_36,Urbano,2024,43.619444699830645,45.63330841064453,40.919857025146484,395
37,Zona_37,Urbano,2024,38.91003457395822,46.833030700683594,26.950410842895508,745
38,Zona_38,Urbano,2024,41.73268735068185,45.07275390625,33.90950012207031,140
39,Zona_39,Urbano,2024,42.62589568488683,45.80420684814453,39.053619384765625,253
40,Zona_40,Urbano,2024,42.52045944115635,54.55775833129883,36.60973358154297,466
41,Zona_41,Urbano,2024,38.46835360074308,43.114227294921875,35.119476318359375,811
42,Zona_42,Urbano,2024,38.67125362717962,41.21380615234375,34.910980224609375,415
43,Zona_43,Urbano,2024,35.35412038339151,37.46765899658203,30.901641845703125,74
44,Zona_44,Urbano,2024,43.400292836475664,48.21391296386719,39.057037353515625,646
45,Zona_45,Urbano,2024,42.13194723820341,44.3994026184082,40.02091979980469,690
46,Zona_46,Urbano,2024,34.444803400737484,39.91154098510742,30.850370407104492,738
47,Zona_47,Urbano,2024,40.557861493981406,43.596168518066406,38.489646911621094,207
48,Zona_48,Urbano,2024,41.96775793746526,43.32272720336914,39.634681701660156,253
49,Zona_49,Urbano,2024,38.48337048261593,41.84272384643555,32.28593826293945,195
50,Zona_50,Urbano,2024,42.87229274231711,46.28273010253906,38.10340881347656,486
51,Zona_51,Urbano,2024,37.52369806991267,43.093719482421875,33.36603546142578,541
52,Zona_52,Urbano,2024,37.9701486752357,40.16105651855469,30.419700622558594,81
53,Zona_53,Urbano,2024,39.753489751885404,42.29048538208008,37.7103385925293,274
54,Zona_54,Urbano,2024,47.24691644322458,50.53816604614258,40.40031814575195,259
55,Zona_55,Urbano,2024,44.017560530682,48.80522918701172,36.56529998779297,490
56,Zona_56,Urbano,2024,40.303922231323625,44.69335174560547,33.09600830078125,321
57,Zona_57,Urbano,2024,42.420841217041016,45.9921989440918,38.31874465942383,282
58,Zona_58,Urbano,2024,36.02648021013309,37.7821159362793,33.76935958862305,78
59,Zona_59,Urbano,2024,38.265874597035584,42.43745803833008,29.595956802368164,438
60,Zona_60,Urbano,2024,35.845203808627595,40.68401336669922,33.116519927978516,541
61,Zona_61,Urbano,2024,43.037912926307094,45.2880859375,38.663963317871094,260
62,Zona_62,Urbano,2024,39.26190680081083,46.95266342163086,32.14580154418945,388
63,Zona_63,Urbano,2024,45.10203780847437,46.96633529663086,39.88077926635742,544
64,Zona_64,Urbano,2024,44.43183151044344,51.93955612182617,37.248905181884766,1140
65,Zona_65,Urbano,2024,40.567433179166805,44.71727752685547,34.910980224609375,241
66,Zona_66,Urbano,2024,38.41679189446267,42.20845031738281,35.34506607055664,267
67,Zona_67,Urbano,2024,42.864821423766436,44.823238372802734,37.49158477783203,186
68,Zona_68,Urbano,2024,33.606951552418884,39.067291259765625,26.871795654296875,1302
69,Zona_69,Urbano,2024,34.99617127152609,41.309513092041016,28.775632858276367,477
70,Zona_70,Urbano,2024,40.44863831225059,42.15718078613281,38.14442443847656,278
71,Zona_71,Urbano,2024,35.9315866640476,40.25334548950195,32.87725830078125,852
72,Zona_72,Urbano,2024,41.0003658099608,44.65233612060547,36.913936614990234,352
73,Zona_73,Urbano,2024,42.8720159626326,45.67432403564453,40.04826354980469,299
74,Zona_74,Urbano,2024,39.97845877489998,41.84955978393555,37.58045196533203,412
75,Zona_75,Urbano,2024,43.226942772767984,46.88430404663086,36.2269172668457,392
76,Zona_76,Urbano,2024,37.46449968089228,44.994136810302734,31.735637664794922,460
77,Zona_77,Urbano,2024,36.7421259244283,39.484291076660156,32.617488861083984,120
78,Zona_78,Urbano,2024,40.604760906560635,44.3344612121582,36.9959716796875,246
79,Zona_79,Urbano,2024,41.26125113882113,49.082088470458984,26.63936996459961,669
80,Zona_80,Urbano,2024,41.00615232491199,43.787574768066406,37.98377990722656,405
81,Zona_81,Urbano,2024,39.66392117046685,42.39302444458008,34.20344924926758,267
82,Zona_82,Urbano,2024,36.37324414450742,40.55413055419922,29.45240020751953,169
83,Zona_83,Urbano,2024,40.709982163938754,46.52199172973633,34.12141799926758,730
84,Zona_84,Urbano,2024,37.51537430861901,44.850582122802734,30.392356872558594,580
85,Zona_85,Urbano,2024,42.72460182211802,44.3994026184082,38.981842041015625,349
86,Zona_86,Urbano,2024,42.389881462886414,44.20115661621094,39.30997085571289,174
87,Zona_87,Urbano,2024,44.082861217521355,47.99174118041992,40.09953308105469,338
88,Zona_88,Urbano,2024,35.895161339730926,39.80900192260742,30.33424949645996,66
89,Zona_89,Urbano,2024,39.7515301786017,43.40475845336914,35.71079635620117,409
90,Zona_90,Urbano,2024,37.71738109073124,43.79441452026367,33.01397705078125,148
91,Zona_91,Urbano,2024,43.187235565185546,45.8623161315918,41.21038818359375,325
92,Zona_92,Urbano,2024,38.043766689164876,44.03025436401367,32.87042236328125,703
93,Zona_93,Urbano,2024,39.505332548721974,45.9751091003418,34.32307815551758,345
94,Zona_94,Urbano,2024,43.400808322929336,45.387210845947266,41.333438873291016,167
95,Zona_95,Urbano,2024,40.75499470679315,42.570762634277344,37.44373321533203,364
96,Zona_96,Urbano,2024,43.46669695142289,46.12208557128906,39.78165817260742,355
97,Zona_97,Urbano,2024,40.6848953106652,43.45944595336914,35.88169479370117,326
98,Zona_98,Urbano,2024,42.83044729980768,45.476078033447266,39.685951232910156,408
99,Zona_99,Urbano,2024,42.22984437894095,44.4301643371582,36.842159271240234,394
100,Zona_100,Urbano,2024,43.57176559525961,47.783241271972656,39.73038864135742,589
101,Zona_101,Urbano,2024,36.98358304238733,41.316349029541016,33.109683990478516,173
102,Zona_102,Urbano,2024,28.13105560653319,35.519386291503906,19.83409309387207,457
103,Zona_103,Urbano,2024,41.63162409138476,43.82175827026367,36.50035858154297,234
104,Zona_104,Urbano,2024,34.74362358200216,40.930110931396484,28.5329532623291,214
105,Zona_105,Urbano,2024,32.49186638629798,39.74747848510742,26.933319091796875,396
106,Zona_106,Urbano,2024,38.12839810100119,41.79829025268555,35.18100357055664,341
107,Zona_107,Urbano,2024,39.014735247181584,44.24900817871094,35.13998794555664,226
108,Zona_108,Urbano,2024,46.339742705225945,49.87506866455078,42.587852478027344,256
109,Zona_109,Urbano,2024,42.415016300075656,45.65381622314453,36.13804626464844,182
110,Zona_110,Urbano,2024,43.50377847806289,47.91996383666992,39.074127197265625,467
111,Zona_111,Urbano,2024,43.296463862256715,45.80420684814453,40.73528289794922,458
112,Zona_112,Urbano,2024,41.33055583864217,45.045406341552734,37.7855339050293,383
113,Zona_113,Urbano,2024,39.321919974977206,42.77242660522461,35.075042724609375,377
114,Zona_114,Urbano,2024,41.388475813732796,44.20115661621094,35.608253479003906,323
115,Zona_115,Urbano,2024,41.15498165618208,43.708961486816406,38.94082260131836,266
116,Zona_116,Urbano,2024,36.68953821659088,43.062957763671875,33.116519927978516,480
117,Zona_117,Urbano,2024,41.10516758622794,44.5190315246582,36.9515380859375,116
118,Zona_118,Urbano,2024,40.782356224312686,43.83884811401367,34.955413818359375,302
119,Zona_119,Urbano,2024,43.1266591796875,44.75829315185547,40.39690017700195,375
120,Zona_120,Urbano,2024,34.53996729494921,43.47995376586914,27.787824630737305,1072
121,Zona_121,Urbano,2024,40.42594192837769,45.394046783447266,30.35475730895996,848
122,Zona_122,Urbano,2024,37.70131552994126,42.98434066772461,27.647686004638672,477
123,Zona_123,Urbano,2024,32.60391706745914,36.784053802490234,25.555858612060547,403
124,Zona_124,Urbano,2024,41.02617054061586,43.44577407836914,37.279666900634766,251
125,Zona_125,Urbano,2024,40.53611701926106,45.60596466064453,32.41582489013672,778
126,Zona_126,Urbano,2024,42.28036347714217,46.94582748413086,34.552085876464844,537
127,Zona_127,Urbano,2024,43.66833756186745,47.59183120727539,35.19125747680664,550
128,Zona_128,Urbano,2024,40.67555464479975,45.541019439697266,35.85093307495117,501
129,Zona_129,Urbano,2024,39.06365904374556,42.37593460083008,33.99153137207031,495
130,Zona_130,Urbano,2024,39.938434936523436,44.3207893371582,34.18635940551758,250
131,Zona_131,Urbano,2024,43.08696352701052,48.72661590576172,37.52576446533203,422
132,Zona_132,Urbano,2024,39.63369733124531,43.82175827026367,37.0164794921875,406
133,Zona_133,Urbano,2024,41.603066133197984,43.086883544921875,40.05168151855469,95
134,Zona_134,Urbano,2024,34.84173420715332,39.515052795410156,31.23660659790039,375
135,Zona_135,Urbano,2024,39.39588113116403,44.932613372802734,35.21176528930664,468
136,Zona_136,Urbano,2024,42.7502183734246,45.380374908447266,37.252323150634766,159
137,Zona_137,Urbano,2024,41.58809163469921,44.76854705810547,39.009185791015625,783
138,Zona_138,Urbano,2024,38.53184509277344,44.22166442871094,33.06866455078125,156
139,Zona_139,Urbano,2024,42.967864219839484,45.20263671875,39.689369201660156,307
140,Zona_140,Urbano,2024,43.311252699283024,45.68115997314453,39.169830322265625,471
141,Zona_141,Urbano,2024,40.51959796613483,46.0229606628418,31.762981414794922,418
142,Zona_142,Urbano,2024,42.03261443888007,44.55321502685547,38.05213928222656,599
143,Zona_143,Urbano,2024,38.79671313311603,41.04290771484375,37.190799713134766,74
144,Zona_144,Urbano,2024,40.09781166874869,43.179168701171875,36.09361267089844,411
145,Zona_145,Urbano,2024,42.016336642029465,47.130401611328125,33.91633605957031,465
146,Zona_146,Urbano,2024,39.568746450990915,42.734825134277344,35.64927291870117,313
147,Zona_147,Urbano,2024,38.284629949746424,41.96918869018555,32.839656829833984,626
148,Zona_148,Urbano,2024,43.462430323584606,44.946285247802734,40.68401336669922,236
149,Zona_149,Urbano,2024,32.906555724299814,38.622947692871094,27.47336769104004,306
150,Zona_150,Urbano,2024,46.189120859495354,52.31895446777344,36.2166633605957,710
151,Zona_151,Urbano,2024,34.07256142764497,38.94424057006836,29.479745864868164,1364
152,Zona_152,Urbano,2024,39.900590991767004,44.08152770996094,33.74543380737305,461
153,Zona_153,Urbano,2024,41.76415308590593,46.20753479003906,35.21518325805664,232
154,Zona_154,Urbano,2024,41.66184397839684,46.0639762878418,34.73324203491211,409
155,Zona_155,Urbano,2024,43.69851783553571,49.77252960205078,36.49010467529297,844
156,Zona_156,Urbano,2024,40.80631211431403,46.43654251098633,36.2645149230957,760
157,Zona_157,Urbano,2024,31.307472977962792,35.519386291503906,29.2849178314209,191
158,Zona_158,Urbano,2024,41.743758847820224,45.81446075439453,37.324100494384766,670
159,Zona_159,Urbano,2024,40.276823627705475,44.20799255371094,36.54479217529297,245
160,Zona_160,Urbano,2024,36.29360783100128,40.49944305419922,34.14534378051758,256
161,Zona_161,Urbano,2024,41.557793366788616,43.558570861816406,39.060455322265625,396
162,Zona_162,Urbano,2024,44.86917938286724,49.14703369140625,37.67957305908203,281
163,Zona_163,Urbano,2024,41.79207582634556,47.51663589477539,36.9652099609375,1542
164,Zona_164,Urbano,2024,41.88459398128368,43.44919204711914,39.617591857910156,216
165,Zona_165,Urbano,2024,39.71050345322181,46.14259338378906,35.133148193359375,290
166,Zona_166,Urbano,2024,38.166734388504906,41.94526290893555,33.39337921142578,522
167,Zona_167,Urbano,2024,39.62574673243931,42.19136047363281,35.615089416503906,350
168,Zona_168,Urbano,2024,43.367160317676316,45.2880859375,41.03948974609375,183
169,Zona_169,Urbano,2024,36.701365804209296,44.64891815185547,34.24104690551758,824
170,Zona_170,Urbano,2024,42.276671387833545,44.4438362121582,39.552650451660156,219
171,Zona_171,Urbano,2024,35.260425529622495,39.631263732910156,32.05693054199219,803
172,Zona_172,Urbano,2024,32.5319777850447,38.26063919067383,28.697017669677734,174
173,Zona_173,Urbano,2024,34.53192637209407,38.93398666381836,24.663755416870117,334
174,Zona_174,Urbano,2024,40.4382347759261,42.27681350708008,38.08290100097656,269
175,Zona_175,Urbano,2024,38.97757101883938,42.92623519897461,34.948577880859375,289
176,Zona_176,Urbano,2024,46.228189409656856,50.97909164428711,41.90766525268555,747
177,Zona_177,Urbano,2024,41.77875491622885,44.840328216552734,39.067291259765625,379
178,Zona_178,Urbano,2024,43.11869418211658,48.72661590576172,36.14830017089844,495
179,Zona_179,Urbano,2024,43.363078606047964,46.54249954223633,40.37297439575195,443
180,Zona_180,Urbano,2024,39.237571688051574,42.78609848022461,34.384605407714844,270
181,Zona_181,Urbano,2024,44.01560504527031,46.35451126098633,37.94618225097656,632
182,Zona_182,Urbano,2024,43.26143702682184,45.77344512939453,38.73232650756836,392
183,Zona_183,Urbano,2024,42.35001915513871,44.5292854309082,39.42276382446289,299
184,Zona_184,Urbano,2024,35.075105731518235,38.486228942871094,28.40306854248047,385
185,Zona_185,Urbano,2024,44.284488389756945,49.25640869140625,38.89297103881836,450
186,Zona_186,Urbano,2024,35.6329949734479,42.48872756958008,32.37480926513672,676
187,Zona_187,Urbano,2024,40.268050652581294,43.616676330566406,35.133148193359375,185
188,Zona_188,Urbano,2024,43.861776907784595,46.55617141723633,40.933528900146484,350
189,Zona_189,Urbano,2024,33.77572017379954,37.7786979675293,31.441688537597656,158
190,Zona_190,Urbano,2024,40.230015784906584,46.90481185913086,30.368431091308594,663
191,Zona_191,Urbano,2024,38.025099103119,43.199676513671875,34.21712112426758,618
192,Zona_192,Urbano,2024,43.627360248320514,46.689476013183594,39.31680679321289,389
193,Zona_193,Urbano,2024,38.369037773587955,50.02888107299805,30.905059814453125,787
194,Zona_194,Urbano,2024,40.355530304637384,46.795433044433594,33.38312530517578,492
195,Zona_195,Urbano,2024,42.73405410693242,45.9751091003418,38.25380325317383,208
196,Zona_196,Urbano,2024,42.425217731889475,45.479496002197266,39.87052536010742,332
197,Zona_197,Urbano,2024,39.86137667569247,42.90914535522461,37.95301818847656,99
198,Zona_198,Urbano,2024,33.380578986159314,38.79384994506836,28.122791290283203,1554
199,Zona_199,Urbano,2024,41.70426860414193,50.838951110839844,35.399757385253906,1033
200,Zona_200,Urbano,2024,37.59113920187648,40.813899993896484,33.58136749267578,79
201,Zona_201,Urbano,2024,37.44853605114439,42.745079040527344,31.653606414794922,318
202,Zona_202,Urbano,2024,40.60351212080135,45.462406158447266,36.4046516418457,344
203,Zona_203,Urbano,2024,45.6695362536313,48.01224899291992,43.186004638671875,317
204,Zona_204,Urbano,2024,40.254950507367546,46.17335510253906,34.914398193359375,417
205,Zona_205,Urbano,2024,38.23909868996524,42.587852478027344,30.826444625854492,169
206,Zona_206,Urbano,2024,43.10348006002768,46.662132263183594,38.17176818847656,458
207,Zona_207,Urbano,2024,41.025162262039764,46.38869094848633,35.65952682495117,397
208,Zona_208,Urbano,2024,40.27154370923063,41.96918869018555,37.399295806884766,231
209,Zona_209,Urbano,2024,40.067840440738834,41.405216217041016,38.42811965942383,169
210,Zona_210,Urbano,2024,40.335569278866636,42.29390335083008,35.478370666503906,408
211,Zona_211,Urbano,2024,43.29854388804163,45.8657341003418,40.43449783325195,227
212,Zona_212,Urbano,2024,39.138684093504025,46.0263786315918,34.11116027832031,133
213,Zona_213,Urbano,2024,38.06653801795678,44.25242614746094,29.127689361572266,569
214,Zona_214,Urbano,2024,41.74433631401558,47.08596420288086,36.3465461730957,539
215,Zona_215,Urbano,2024,42.93919876946343,45.59912872314453,40.33195877075195,270
216,Zona_216,Urbano,2024,33.62016783136621,39.070709228515625,27.722883224487305,279
217,Zona_217,Urbano,2024,37.94423838817712,42.35884475708008,32.661922454833984,264
218,Zona_218,Urbano,2024,35.409572998431955,43.121063232421875,27.428932189941406,634
219,Zona_219,Urbano,2024,36.773171264956694,42.12983703613281,27.316139221191406,495
220,Zona_220,Urbano,2024,39.91508379500637,43.579078674316406,34.16926956176758,497
221,Zona_221,Urbano,2024,28.750909988862233,34.63753890991211,21.1431941986084,665
222,Zona_222,Urbano,2024,37.26778488764687,43.148406982421875,30.69314193725586,630
223,Zona_223,Urbano,2024,43.545033996582035,46.35451126098633,40.35588455200195,125
224,Zona_224,Urbano,2024,41.039432073756025,45.035152435302734,32.08085632324219,363
225,Zona_225,Urbano,2024,42.38128308303484,44.973628997802734,39.080963134765625,262
226,Zona_226,Urbano,2024,41.98360429753773,46.22462463378906,37.7855339050293,571
227,Zona_227,Urbano,2024,36.448986364870656,41.69232940673828,33.150699615478516,539
228,Zona_228,Urbano,2024,40.647185781457104,44.4062385559082,34.620445251464844,613
229,Zona_229,Urbano,2024,41.15703760154944,44.17381286621094,34.562339782714844,243
230,Zona_230,Urbano,2024,42.916092134871576,47.123565673828125,38.15467834472656,371
231,Zona_231,Urbano,2024,43.10283173748661,47.174835205078125,39.42276382446289,722
232,Zona_232,Urbano,2024,41.165989200011,44.980464935302734,37.8128776550293,302
233,Zona_233,Urbano,2024,34.506082150114686,40.933528900146484,29.626720428466797,357
234,Zona_234,Urbano,2024,38.921127099419905,43.87302780151367,31.263952255249023,451
235,Zona_235,Urbano,2024,43.86325649300007,48.08744430541992,38.968170166015625,396
236,Zona_236,Urbano,2024,37.69184957683416,43.213348388671875,34.37434768676758,181
237,Zona_237,Urbano,2024,41.892224159161415,44.949703216552734,39.542396545410156,481
238,Zona_238,Urbano,2024,30.570925957117325,36.1756477355957,27.391334533691406,156
239,Zona_239,Urbano,2024,42.21464749340598,48.28569030761719,33.81379318237305,438
240,Zona_240,Urbano,2024,41.73844237721294,44.16014099121094,38.40077590942383,218
241,Zona_241,Urbano,2024,42.716470893102745,44.884761810302734,36.9378662109375,262
242,Zona_242,Urbano,2024,45.575678182202715,47.56790542602539,41.81538009643555,215
243,Zona_243,Urbano,2024,43.94307574993226,46.58009719848633,38.92373275756836,328
244,Zona_244,Urbano,2024,40.310255846930936,44.60106658935547,37.180545806884766,103
245,Zona_245,Urbano,2024,40.095190215809076,43.29538345336914,34.69222640991211,717
246,Zona_246,Urbano,2024,40.63579592023577,43.254364013671875,36.729366302490234,140
247,Zona_247,Urbano,2024,32.82261957124222,40.31145095825195,27.237524032592773,602
248,Zona_248,Urbano,2024,32.2314437750773,37.7650260925293,28.232168197631836,727
249,Zona_249,Urbano,2024,36.8998565914503,43.44235610961914,30.105241775512695,317
250,Zona_250,Urbano,2024,40.934006751211065,44.5019416809082,36.49694061279297,380
251,Zona_251,Urbano,2024,40.07495198730169,42.18794250488281,34.37434768676758,407
252,Zona_252,Urbano,2024,38.959081767517844,41.319766998291016,36.2303352355957,243
253,Zona_253,Urbano,2024,40.70150665352247,42.93307113647461,35.92613220214844,221
254,Zona_254,Urbano,2024,41.99643901045822,47.731971740722656,32.30302810668945,754
255,Zona_255,Urbano,2024,43.45062901537706,45.08642578125,40.26018142700195,257
256,Zona_256,Urbano,2024,39.838611328240596,44.11228942871094,34.500816345214844,264
257,Zona_257,Urbano,2024,44.32987836284824,47.126983642578125,39.662025451660156,614
258,Zona_258,Urbano,2024,43.51449856859573,46.13575744628906,39.128814697265625,282
259,Zona_259,Urbano,2024,43.47057433400497,46.0639762878418,37.52234649658203,403
260,Zona_260,Urbano,2024,41.55720140419754,46.97317123413086,30.949493408203125,204
261,Zona_261,Urbano,2024,32.16186156324161,36.57213592529297,25.67207145690918,279
262,Zona_262,Urbano,2024,42.737715155677456,45.561527252197266,40.38664627075195,226
263,Zona_263,Urbano,2024,41.54457366544437,45.0966796875,39.617591857910156,153
264,Zona_264,Urbano,2024,36.518861123100436,41.14886474609375,25.135440826416016,433
265,Zona_265,Urbano,2024,44.32389208660034,46.96975326538086,41.03265380859375,207
266,Zona_266,Urbano,2024,41.387700778148215,44.72411346435547,33.69074630737305,305
267,Zona_267,Urbano,2024,37.18924470381303,39.538978576660156,35.77231979370117,33
268,Zona_268,Urbano,2024,41.02493945126811,43.85935592651367,38.08631896972656,378
269,Zona_269,Urbano,2024,41.64404708727271,47.04494857788086,33.335269927978516,452
270,Zona_270,Urbano,2024,45.21498550580695,49.26666259765625,35.94322204589844,829
271,Zona_271,Rural,2024,24.542963199943298,32.00566101074219,8.048759460449219,4131
272,Zona_272,Rural,2024,25.46826741825404,32.33037185668945,18.374597549438477,3723
273,Zona_273,Rural,2024,36.37234609420985,43.199676513671875,30.594018936157227,146
274,Zona_274,Rural,2024,25.92079045733802,41.01898193359375,18.12849998474121,9352
275,Zona_275,Rural,2024,24.97358880868649,32.01933288574219,21.990863800048828,3396
276,Zona_276,Rural,2024,24.281605471876546,29.45240020751953,20.7501220703125,2938
277,Zona_277,Rural,2024,31.94326150556328,43.50729751586914,25.634471893310547,3602
278,Zona_278,Rural,2024,27.696621392714384,35.051116943359375,22.841949462890625,3734
279,Zona_279,Rural,2024,24.78190867147059,30.788846969604492,21.1842098236084,1553
280,Zona_280,Rural,2024,31.316475013793983,41.93842697143555,26.051471710205078,3248
281,Zona_281,Rural,2024,27.497074013717643,35.79282760620117,22.838531494140625,8135
282,Zona_282,Rural,2024,26.939528148377526,38.22645950317383,19.38291358947754,16564
283,Zona_283,Rural,2024,28.31697652199202,39.78849411010742,23.40250587463379,4608
284,Zona_284,Rural,2024,30.29389414652972,39.012603759765625,25.77461051940918,2272
285,Zona_285,Rural,2024,25.215736504395803,35.037445068359375,21.1534481048584,3360
286,Zona_286,Rural,2024,25.898133841182286,31.397254943847656,19.208595275878906,5648
287,Zona_287,Rural,2024,30.18068687798329,35.604835510253906,25.449899673461914,3227
288,Zona_288,Rural,2024,25.875968306811888,31.093050003051758,22.059223175048828,2345
289,Zona_289,Rural,2024,29.00783411859019,39.22452163696289,24.092945098876953,7414
290,Zona_290,Rural,2024,24.967745834262058,31.352819442749023,21.570446014404297,1896
291,Zona_291,Rural,2024,29.667906702269704,34.418785095214844,25.822463989257812,2283
292,Zona_292,Rural,2024,37.93638281351507,44.4404182434082,29.85914421081543,4194
293,Zona_293,Rural,2024,28.02481067838891,36.2645149230957,20.849245071411133,3133
294,Zona_294,Rural,2024,32.88967944091221,36.9857177734375,29.578866958618164,424
295,Zona_295,Rural,2024,24.883351791474382,35.126312255859375,17.492748260498047,6595
296,Zona_296,Rural,2024,25.255326169366516,32.40215301513672,16.29986000061035,5505
297,Zona_297,Rural,2024,28.861549120810295,32.50127410888672,25.521677017211914,1152
298,Zona_298,Rural,2024,27.523134401556824,31.933883666992188,21.0885066986084,3411
299,Zona_299,Rural,2024,26.883793210963915,37.9154167175293,21.30042266845703,7389
300,Zona_300,Rural,2024,24.992172673044898,39.207427978515625,19.239356994628906,15512
301,Zona_301,Rural,2024,28.55130038580321,39.091217041015625,22.442041397094727,4381
302,Zona_302,Rural,2024,33.45943051900824,40.06193542480469,26.441125869750977,2629
303,Zona_303,Rural,2024,34.632293383280434,40.803646087646484,29.42505645751953,966
304,Zona_304,Rural,2024,32.277487249566455,42.28364944458008,25.921586990356445,7299
305,Zona_305,Rural,2024,26.469095338357732,44.816402435302734,19.222267150878906,19099
306,Zona_306,Rural,2024,24.54431588782684,30.522241592407227,22.042133331298828,5524
307,Zona_307,Rural,2024,27.79431882618486,43.151824951171875,21.727676391601562,8169
308,Zona_308,Rural,2024,26.860262429272687,31.424598693847656,21.338022232055664,4644
309,Zona_309,Rural,2024,32.32703098019861,41.06683349609375,28.170642852783203,1995
310,Zona_310,Rural,2024,28.648071140415485,35.75522994995117,23.88786506652832,2207
311,Zona_311,Rural,2024,30.659852801299678,37.51892852783203,27.11105728149414,1312
312,Zona_312,Rural,2024,28.602476239368382,34.85628890991211,25.73017692565918,2908
313,Zona_313,Rural,2024,28.653176986380082,34.71957015991211,24.745786666870117,2185
314,Zona_314,Rural,2024,27.849004085903413,35.99107360839844,20.7774658203125,9057
315,Zona_315,Rural,2024,25.132163285480715,34.381187438964844,20.664670944213867,10147
316,Zona_316,Rural,2024,25.118229583279255,35.69028854370117,18.829195022583008,10493
317,Zona_317,Rural,2024,26.265904204928226,32.37139129638672,19.444438934326172,3369
318,Zona_318,Rural,2024,27.52061565495192,35.20492935180664,23.01968765258789,2185
319,Zona_319,Rural,2024,25.45033946012336,41.79829025268555,13.134773254394531,22546
320,Zona_320,Rural,2024,30.575114180931166,39.193756103515625,26.711149215698242,1143
321,Zona_321,Rural,2024,29.443476819375995,34.81185531616211,23.587078094482422,1935
322,Zona_322,Rural,2024,31.771099593748637,39.23135757446289,25.487497329711914,1702
323,Zona_323,Rural,2024,30.68132039135051,39.21084976196289,26.488977432250977,3408
324,Zona_324,Rural,2024,27.798934924278154,35.38949966430664,20.975711822509766,3271
325,Zona_325,Rural,2024,32.04703045208614,42.29732131958008,26.936738967895508,1503
326,Zona_326,Rural,2024,36.08164419328204,40.64983367919922,32.644832611083984,805
327,Zona_327,Rural,2024,34.9653724144245,38.643455505371094,32.10820388793945,58
328,Zona_328,Rural,2024,37.77067258162199,40.882259368896484,32.93878173828125,207
329,Zona_329,Rural,2024,36.50168100992838,42.42378616333008,32.05693054199219,372
330,Zona_330,Rural,2024,36.76859758587494,42.553672790527344,30.481224060058594,843
331,Zona_331,Rural,2024,32.03146280264616,37.53601837158203,26.529993057250977,2297
0,Zona_0,Urbano,2025,37.300464362711885,40.33537646000002,35.20492844,236
1,Zona_1,Urbano,2025,35.83449223214449,46.54933682000001,30.27956161999998,443
2,Zona_2,Urbano,2025,41.707434353243265,44.23533728000001,36.65416892000002,74
3,Zona_3,Urbano,2025,38.37516036645164,40.936947980000014,35.67319717999999,279
4,Zona_4,Urbano,2025,37.7125472482707,42.94674373999999,31.670695760000058,133
5,Zona_5,Urbano,2025,37.72524295727275,39.41251106000004,33.55060676000005,374
6,Zona_6,Urbano,2025,41.47301629188472,43.20651326000001,38.752833200000055,451
7,Zona_7,Urbano,2025,32.66263945134798,37.45056757999998,23.323890920000053,319
8,Zona_8,Urbano,2025,41.20958534000002,42.07514864000001,40.35246656000004,85
9,Zona_9,Urbano,2025,30.723224653031515,37.69666502000001,28.184315360000028,1016
10,Zona_10,Urbano,2025,36.111820848975626,38.72890705999998,30.959747600000014,410
11,Zona_11,Urbano,2025,29.953956602789805,36.87634022000003,25.14569558000005,1018
12,Zona_12,Urbano,2025,35.33398439439852,38.07948326000002,31.94755538000004,532
13,Zona_13,Urbano,2025,39.076187588510656,41.82905119999998,35.69370530000003,423
14,Zona_14,Urbano,2025,36.22716514915495,39.73380494000003,31.376746040000057,426
15,Zona_15,Urbano,2025,42.639029561081095,46.976589320000016,36.332875039999976,444
16,Zona_16,Urbano,2025,38.72992989606018,41.555609600000025,35.628762919999986,665
17,Zona_17,Urbano,2025,43.00248215665798,49.98444691999998,36.16197404000002,1149
18,Zona_18,Urbano,2025,37.867908318084204,41.23773374000001,33.7796141,689
19,Zona_19,Urbano,2025,37.494656281934084,41.0087264,31.339147819999994,455
20,Zona_20,Urbano,2025,35.306342795862086,40.308032300000036,31.36307396000001,261
21,Zona_21,Urbano,2025,34.38244550450514,38.81435756000002,27.815169200000014,293
22,Zona_22,Urbano,2025,36.7964266247686,40.11662318000003,28.734616580000022,713
23,Zona_23,Urbano,2025,32.307465910449004,37.10876558000001,26.24971604000001,490
24,Zona_24,Urbano,2025,38.96145937502859,48.65483714000004,34.10090797999999,350
25,Zona_25,Urbano,2025,41.61022320918035,45.95801935999998,34.55550463999998,366
26,Zona_26,Urbano,2025,40.796004305137636,42.84762116000002,39.38174888000003,327
27,Zona_27,Urbano,2025,39.91340538654207,43.49704496000004,34.15559630000001,321
28,Zona_28,Urbano,2025,39.18564496988329,41.92817378000001,36.37047326000004,257
29,Zona_29,Urbano,2025,40.726702597608714,42.00337022000002,39.41592908000001,276
30,Zona_30,Urbano,2025,38.42107223892353,41.623969999999986,30.778592539999977,353
31,Zona_31,Urbano,2025,40.09898990627909,43.329561979999994,37.00964299999998,258
32,Zona_32,Urbano,2025,37.97976991111113,42.539999360000024,33.48566438,567
33,Zona_33,Urbano,2025,34.83018675691122,39.76456712000004,29.57203148000002,518
34,Zona_34,Urbano,2025,32.39017947550002,36.77721764,24.745787240000027,360
35,Zona_35,Urbano,2025,39.867654042868864,42.90572750000001,33.56769686000001,244
36,Zona_36,Urbano,2025,39.89980822020255,41.702584460000026,36.99938894000002,395
37,Zona_37,Urbano,2025,37.418690529047,44.720696120000014,26.43087109999999,745
38,Zona_38,Urbano,2025,38.84104253042859,41.965772000000015,31.663859720000005,140
39,Zona_39,Urbano,2025,40.479703367747064,43.65085585999998,37.13610974000005,253
40,Zona_40,Urbano,2025,39.28235491214595,51.269622440000035,34.39485769999999,466
41,Zona_41,Urbano,2025,37.03440784034527,41.391544640000006,34.36409551999998,811
42,Zona_42,Urbano,2025,37.59744360568676,39.43985522000003,32.60039720000003,415
43,Zona_43,Urbano,2025,34.348899187837866,36.50377604000005,29.141360960000043,74
44,Zona_44,Urbano,2025,40.37834509842107,44.97021158000001,36.578972480000004,646
45,Zona_45,Urbano,2025,38.92273356226089,41.07708680000002,37.11218359999998,690
46,Zona_46,Urbano,2025,32.93854497536587,39.05703698000002,29.992447940000034,738
47,Zona_47,Urbano,2025,37.35590328695654,40.051680799999986,35.43735379999998,207
48,Zona_48,Urbano,2025,39.44488092529647,40.889095699999984,37.87098404000005,253
49,Zona_49,Urbano,2025,35.771057721846184,39.13565144000006,29.790784760000008,195
50,Zona_50,Urbano,2025,40.019019720000024,43.309053860000006,35.52622231999999,486
51,Zona_51,Urbano,2025,35.37668868347507,40.86175154,31.39041812000005,541
52,Zona_52,Urbano,2025,31.63529182444446,33.728343800000005,23.54948023999998,81
53,Zona_53,Urbano,2025,36.539977113138704,39.01260272000002,34.65120920000004,274
54,Zona_54,Urbano,2025,44.264080320772216,47.19876062000003,38.69472686000006,259
55,Zona_55,Urbano,2025,40.128656005510216,47.00051546000003,33.75226994000002,490
56,Zona_56,Urbano,2025,37.8073833127103,42.10932883999999,31.36307396000001,321
57,Zona_57,Urbano,2025,39.58000616063832,42.33491816000003,36.753291500000046,282
58,Zona_58,Urbano,2025,34.00437082538463,35.65268906000006,32.48760254000001,78
59,Zona_59,Urbano,2025,35.55125658520549,39.409093040000016,27.473367199999984,438
60,Zona_60,Urbano,2025,34.1601262821442,38.83486568000001,31.339147819999994,541
61,Zona_61,Urbano,2025,39.8555784756154,41.671822280000015,35.625344900000016,260
62,Zona_62,Urbano,2025,36.913092744329916,44.618155520000016,30.24196340000003,388
63,Zona_63,Urbano,2025,41.265404622500014,42.998014040000044,36.88317626000003,544
64,Zona_64,Urbano,2025,41.549466158789485,49.16412212,35.775737779999986,1140
65,Zona_65,Urbano,2025,37.944393465394214,42.478475,32.214160940000056,241
66,Zona_66,Urbano,2025,35.42972406247193,38.04872108000001,32.361135800000056,267
67,Zona_67,Urbano,2025,39.84878639774196,41.70942050000002,35.27328884000002,186
68,Zona_68,Urbano,2025,31.825803512442413,37.495001839999986,25.203801920000046,1302
69,Zona_69,Urbano,2025,31.96569166641511,37.38220718000002,26.37960080000005,477
70,Zona_70,Urbano,2025,37.46957570561153,39.44327324000005,35.577492620000044,278
71,Zona_71,Urbano,2025,34.78365346323945,38.54091596000001,31.595499320000044,852
72,Zona_72,Urbano,2025,38.954875081079564,43.31247188000003,35.478370040000016,352
73,Zona_73,Urbano,2025,38.40269763284283,40.57463786000005,36.56188238000004,299
74,Zona_74,Urbano,2025,38.774701891067984,40.31486834000003,36.50719406000002,412
75,Zona_75,Urbano,2025,39.771908887448994,42.82027700000003,33.55402478000002,392
76,Zona_76,Urbano,2025,35.09688928608698,41.50092128000006,28.59105973999999,460
77,Zona_77,Urbano,2025,34.214243826500024,36.53453822000006,30.641871740000056,120
78,Zona_78,Urbano,2025,38.78181689804879,43.16891504,35.184420320000015,246
79,Zona_79,Urbano,2025,38.3729271743498,44.980465640000034,28.109118920000014,669
80,Zona_80,Urbano,2025,38.87203348266669,41.04974263999998,35.96031086000005,405
81,Zona_81,Urbano,2025,37.4908925350562,39.35782274000002,34.40169374000004,267
82,Zona_82,Urbano,2025,30.06317466153848,34.95883100000003,24.653500699999995,169
83,Zona_83,Urbano,2025,38.442420797369884,42.43745876000003,32.43291422000004,730
84,Zona_84,Urbano,2025,34.78760587741381,41.16595532000002,28.765378760000033,580
85,Zona_85,Urbano,2025,38.165217778853886,40.11320516000001,34.972503080000024,349
86,Zona_86,Urbano,2025,40.1609199334483,41.93159179999998,37.41980540000003,174
87,Zona_87,Urbano,2025,40.88510126834321,44.62499156000001,38.17176979999999,338
88,Zona_88,Urbano,2025,30.737628088181836,33.971023220000006,25.832717600000024,66
89,Zona_89,Urbano,2025,37.09023807305625,40.42766300000005,34.022293520000005,409
90,Zona_90,Urbano,2025,35.431995822702724,40.02091862000003,31.448524460000044,148
91,Zona_91,Urbano,2025,39.197491309538485,41.22406166000002,37.25232242000004,325
92,Zona_92,Urbano,2025,34.484693767624485,39.30313441999999,29.797620800000004,703
93,Zona_93,Urbano,2025,36.729226657739154,40.74553886000001,31.974899540000024,345
94,Zona_94,Urbano,2025,38.246004282275464,40.41740894000003,35.20834646000003,167
95,Zona_95,Urbano,2025,39.40848267928573,40.950620060000006,36.67125901999998,364
96,Zona_96,Urbano,2025,39.915528065295796,42.635703920000026,36.51744812000004,355
97,Zona_97,Urbano,2025,38.92052587447855,40.83782540000004,36.05943344000002,326
98,Zona_98,Urbano,2025,38.14609276250002,41.29925810000003,36.00474512000005,408
99,Zona_99,Urbano,2025,38.96370941868022,40.96087412000003,34.169268380000005,394
100,Zona_100,Urbano,2025,39.6599490137861,44.82323672000001,36.03208928000004,589
101,Zona_101,Urbano,2025,36.785337907167644,38.63662052000001,33.824048360000006,173
102,Zona_102,Urbano,2025,29.13376203588623,33.59504102000005,24.793639520000056,457
103,Zona_103,Urbano,2025,39.81982511000002,42.10249280000005,34.018875500000036,234
104,Zona_104,Urbano,2025,27.137444821559647,32.84991266000003,22.623196820000032,218
105,Zona_105,Urbano,2025,28.672315397272747,36.61998872000004,16.542539239999996,396
106,Zona_106,Urbano,2025,35.009539982932566,37.90174622000001,32.25859520000006,341
107,Zona_107,Urbano,2025,36.0625187323894,41.70942050000002,32.16289064,226
108,Zona_108,Urbano,2025,44.083141928515644,47.34915350000006,40.2738521,256
109,Zona_109,Urbano,2025,40.59063870087914,43.080046519999996,36.85583210000004,182
110,Zona_110,Urbano,2025,40.15088389010708,44.847162860000026,36.787471700000026,467
111,Zona_111,Urbano,2025,39.52689532318779,42.65279401999999,37.21472419999998,458
112,Zona_112,Urbano,2025,39.701248968825084,43.14840692000001,34.72640564000005,383
113,Zona_113,Urbano,2025,36.49283293618039,41.63080604000004,32.648249480000004,377
114,Zona_114,Urbano,2025,38.38666061157897,42.10591082000002,32.856748700000026,323
115,Zona_115,Urbano,2025,38.25091109766919,40.90276777999998,35.25961676000003,266
116,Zona_116,Urbano,2025,35.35464483687502,40.687432520000016,32.34062768000001,480
117,Zona_117,Urbano,2025,37.1867317948276,39.89103385999999,33.642893300000026,116
118,Zona_118,Urbano,2025,37.30075191529804,40.59856400000001,32.32353757999999,302
119,Zona_119,Urbano,2025,38.88025698560002,40.35246656000004,35.97398294000004,375
120,Zona_120,Urbano,2025,33.17015753945898,42.84420313999999,26.28389623999999,1072
121,Zona_121,Urbano,2025,37.10495658365568,41.736764660000006,28.170643280000036,848
122,Zona_122,Urbano,2025,35.27528501971314,40.919857879999995,27.217015700000047,488
123,Zona_123,Urbano,2025,30.987066315682405,35.16049418,21.15003020000006,403
124,Zona_124,Urbano,2025,38.91828715617532,40.834407380000016,34.02571154000003,251
125,Zona_125,Urbano,2025,37.17408578740362,40.90276777999998,30.23170934000001,778
126,Zona_126,Urbano,2025,40.148142798324045,44.51219690000005,33.35577962000002,537
127,Zona_127,Urbano,2025,41.39507452247274,46.15284650000001,33.43439408000006,550
128,Zona_128,Urbano,2025,37.867054340359296,42.492147079999995,32.13212845999999,501
129,Zona_129,Urbano,2025,35.71909531927275,39.91154198000004,30.053972300000055,495
130,Zona_130,Urbano,2025,36.417067708640026,39.84659959999999,31.619425460000002,250
131,Zona_131,Urbano,2025,40.22445280146921,45.93751124000005,34.333333340000024,422
132,Zona_132,Urbano,2025,36.55247019684731,40.89934976000001,33.43439408000006,406
133,Zona_133,Urbano,2025,38.734807641894754,41.57611772000001,37.313846780000006,95
134,Zona_134,Urbano,2025,32.914618057280016,37.01306102000001,29.53785128000004,375
135,Zona_135,Urbano,2025,36.895672482692326,42.47163896000001,31.95097340000001,468
136,Zona_136,Urbano,2025,39.0840371883019,41.77436288000001,33.03448574000004,159
137,Zona_137,Urbano,2025,38.16182131011496,40.42082696,35.97398294000004,783
138,Zona_138,Urbano,2025,35.42773514115387,39.52188769999998,30.75466640000002,156
139,Zona_139,Urbano,2025,38.60046967003259,40.25334398000001,36.640496840000026,307
140,Zona_140,Urbano,2025,39.066246040254796,41.36420048000002,35.70395936,471
141,Zona_141,Urbano,2025,37.44604565401916,42.23579558000006,29.96852180000002,418
142,Zona_142,Urbano,2025,39.080654984641086,41.52826544000004,35.4544439,599
143,Zona_143,Urbano,2025,35.78904034432434,37.81629572000003,33.75226994000002,74
144,Zona_144,Urbano,2025,36.77661054642337,41.13861115999998,32.06035004,411
145,Zona_145,Urbano,2025,39.2236525914839,44.22508321999999,32.28935738000001,465
146,Zona_146,Urbano,2025,37.25729110722047,40.37981072000002,33.728343800000005,313
147,Zona_147,Urbano,2025,35.830578982683726,40.20890972000001,30.501732919999995,626
148,Zona_148,Urbano,2025,40.294838163474594,41.57953573999998,36.869504180000035,236
149,Zona_149,Urbano,2025,31.42950195000002,35.28696092000001,26.45821526000003,306
150,Zona_150,Urbano,2025,43.69698468766199,49.601628679999976,34.49398028000002,710
151,Zona_151,Urbano,2025,32.77926439177421,37.42322342,28.515863299999978,1364
152,Zona_152,Urbano,2025,36.30422595262475,40.14054931999999,31.776654380000025,461
153,Zona_153,Urbano,2025,39.6616434660345,43.16549702000003,31.663859720000005,232
154,Zona_154,Urbano,2025,39.135885436479235,43.07662850000003,33.13019029999998,409
155,Zona_155,Urbano,2025,41.875287615094805,48.777885860000026,36.09361364000006,844
156,Zona_156,Urbano,2025,37.495716925763176,43.343234059999986,34.26155491999998,760
157,Zona_157,Urbano,2025,29.99155317036651,33.48566438,27.64085018000003,191
158,Zona_158,Urbano,2025,38.622208719253756,43.27829168000005,34.79134801999999,670
159,Zona_159,Urbano,2025,37.50390264310206,41.92133774000001,32.610651260000054,245
160,Zona_160,Urbano,2025,34.48781182203126,38.84853776,33.00714158000005,256
161,Zona_161,Urbano,2025,38.654668701363654,39.77482118,36.36021920000002,396
162,Zona_162,Urbano,2025,42.30937423829183,46.58009900000002,35.83042610000001,281
163,Zona_163,Urbano,2025,39.467489756536985,45.96143738000001,34.50765236000001,1542
164,Zona_164,Urbano,2025,39.13218594750002,40.87200560000002,37.55652620000001,216
165,Zona_165,Urbano,2025,36.20922521993106,40.147385360000044,32.190234799999985,290
166,Zona_166,Urbano,2025,35.74329932965519,38.752833200000055,31.62284348000003,522
167,Zona_167,Urbano,2025,35.769544444615406,39.04336490000003,31.940719339999987,351
168,Zona_168,Urbano,2025,38.93897520721314,40.834407380000016,37.20788816000004,183
169,Zona_169,Urbano,2025,35.49836794584953,42.05464052000002,32.83282256000001,824
170,Zona_170,Urbano,2025,40.08124121041097,41.982862100000034,37.23865034000005,219
171,Zona_171,Urbano,2025,33.74411010894149,38.56826011999999,30.481224800000007,803
172,Zona_172,Urbano,2025,30.773995892413808,35.27670685999999,25.48066154000003,174
173,Zona_173,Urbano,2025,36.35506146922157,39.14248748,29.70533426000003,334
174,Zona_174,Urbano,2025,37.91122518996284,39.83976356000005,35.53989439999998,269
175,Zona_175,Urbano,2025,37.410946932941194,41.176209380000046,33.86848262000001,289
176,Zona_176,Urbano,2025,42.73499579951809,49.123105880000026,38.78017736000004,747
177,Zona_177,Urbano,2025,38.01443265773089,41.18988146000004,35.74497560000003,379
178,Zona_178,Urbano,2025,39.85142625854547,45.83497064000005,34.26839096000003,495
179,Zona_179,Urbano,2025,40.418982926636595,43.53464317999999,37.37537114000003,443
180,Zona_180,Urbano,2025,37.04562082533335,40.22258180000006,32.972961380000015,270
181,Zona_181,Urbano,2025,40.08594753215192,42.632285900000056,35.84409818000006,632
182,Zona_182,Urbano,2025,40.58533661137757,42.574179560000005,35.63218094000001,392
183,Zona_183,Urbano,2025,39.376993373913066,41.63422406000001,36.58922654000003,299
184,Zona_184,Urbano,2025,36.344434162181834,39.81583741999998,30.26588953999999,385
185,Zona_185,Urbano,2025,41.257451917600015,45.506840720000014,35.02377338000002,450
186,Zona_186,Urbano,2025,34.053935486213035,39.32364254000004,30.946075520000022,676
187,Zona_187,Urbano,2025,37.584202924108126,40.42082696,33.0447398,185
188,Zona_188,Urbano,2025,41.6440288945143,44.65917176000005,38.821193600000015,350
189,Zona_189,Urbano,2025,31.172227298987362,35.99107304000006,28.963623920000032,158
190,Zona_190,Urbano,2025,37.98401069230771,43.90378934,28.898681539999984,663
191,Zona_191,Urbano,2025,37.033325785825255,41.603461880000054,32.77129820000005,618
192,Zona_192,Urbano,2025,37.87282924359899,41.16937333999999,32.20390687999998,389
193,Zona_193,Urbano,2025,36.43538523829736,46.26564116000003,30.077898440000013,787
194,Zona_194,Urbano,2025,36.45503451902441,43.01852216000003,27.37766264000004,492
195,Zona_195,Urbano,2025,39.501921862019245,42.669884120000006,36.17906414000004,208
196,Zona_196,Urbano,2025,39.884012505662675,42.44087678000005,37.45056757999998,332
197,Zona_197,Urbano,2025,36.46500395454547,38.51698982000005,34.25471888000004,99
198,Zona_198,Urbano,2025,32.07723338718149,37.66248482000003,27.490457300000003,1554
199,Zona_199,Urbano,2025,39.23155452971928,49.32818708000002,33.75226994000002,1033
200,Zona_200,Urbano,2025,35.07378896379748,38.298236540000005,31.315221680000036,79
201,Zona_201,Urbano,2025,34.238338180377376,38.13417158000004,28.71752648000006,318
202,Zona_202,Urbano,2025,37.375569862093045,41.0087264,32.50811066000006,344
203,Zona_203,Urbano,2025,42.25579692731863,44.49852482000006,39.573158000000035,317
204,Zona_204,Urbano,2025,38.10234383021585,43.69529011999998,33.56769686000001,417
205,Zona_205,Urbano,2025,31.761526102130194,36.08335957999998,25.962602360000005,169
206,Zona_206,Urbano,2025,40.02304555384281,43.05953840000001,35.78940985999998,458
207,Zona_207,Urbano,2025,38.18027610670027,42.70406432000004,32.84649464000006,397
208,Zona_208,Urbano,2025,37.464831524935086,39.00234866000005,35.53647638000001,231
209,Zona_209,Urbano,2025,38.83543197917162,39.85685366000001,36.937864579999996,169
210,Zona_210,Urbano,2025,37.33709434250002,39.24502808,33.266911100000016,408
211,Zona_211,Urbano,2025,40.19924289691631,42.14692706000005,37.71033710000006,227
212,Zona_212,Urbano,2025,35.17874075293235,39.340732640000056,31.284459500000025,133
213,Zona_213,Urbano,2025,34.96184053957822,40.458425180000006,26.98800835999998,569
214,Zona_214,Urbano,2025,38.4211394075696,43.71921626000005,34.51107037999998,539
215,Zona_215,Urbano,2025,39.91241547400002,41.85639536000002,37.197634100000016,270
216,Zona_216,Urbano,2025,27.41074025290324,32.30644748000003,23.050449319999984,279
217,Zona_217,Urbano,2025,30.154687366590924,34.98959318000004,24.226248199999986,264
218,Zona_218,Urbano,2025,33.93812073410096,40.85833352000003,26.98459034000001,634
219,Zona_219,Urbano,2025,33.028130359062516,37.84705789999998,25.159367660000044,512
220,Zona_220,Urbano,2025,37.854519774647905,41.27874998000004,31.609171400000037,497
221,Zona_221,Urbano,2025,30.176147240451147,34.96908506,24.058765220000055,665
222,Zona_222,Urbano,2025,34.008247085428586,39.29288036000003,28.47826508000003,630
223,Zona_223,Urbano,2025,41.01548040752002,43.66452794000003,37.412969360000034,125
224,Zona_224,Urbano,2025,38.62122530595043,42.112746860000016,30.46071668000002,363
225,Zona_225,Urbano,2025,39.13329013610689,41.39838068000006,35.66294312000002,262
226,Zona_226,Urbano,2025,38.78072807425571,43.18942316000005,35.300633000000005,571
227,Zona_227,Urbano,2025,35.35450961951764,42.77926076000006,32.51836472000002,539
228,Zona_228,Urbano,2025,36.51413046600328,39.28604432000003,31.848432800000012,613
229,Zona_229,Urbano,2025,38.63273832444447,41.02581650000002,33.21222278000005,243
230,Zona_230,Urbano,2025,39.670935483180614,43.72947032000002,35.72104946000002,371
231,Zona_231,Urbano,2025,40.97661500157897,43.948223600000006,37.52234600000003,722
232,Zona_232,Urbano,2025,39.09603862543048,42.61519580000004,35.71079540000005,302
233,Zona_233,Urbano,2025,31.46409224857145,38.81093954000005,26.864959640000052,357
234,Zona_234,Urbano,2025,33.96572566793794,39.887615840000024,27.44602304,451
235,Zona_235,Urbano,2025,41.890791344090935,45.831552620000025,37.24548637999999,396
236,Zona_236,Urbano,2025,35.81537548154698,40.32170438000003,32.90118296000003,181
237,Zona_237,Urbano,2025,39.19890968124742,42.01020626000002,37.310428760000036,481
238,Zona_238,Urbano,2025,27.459081629230788,33.35919764000005,24.29802662000003,156
239,Zona_239,Urbano,2025,35.19247373698632,39.87394376000003,26.769255079999994,438
240,Zona_240,Urbano,2025,37.83365236284405,39.66886255999998,35.95347482,218
241,Zona_241,Urbano,2025,39.47618798984735,41.439396920000036,34.49398028000002,262
242,Zona_242,Urbano,2025,42.516279890976755,44.07469034000002,39.35782274000002,215
243,Zona_243,Urbano,2025,40.79692378871953,43.14157088000002,36.787471700000026,328
244,Zona_244,Urbano,2025,37.81612979669905,42.632285900000056,34.972503080000024,103
245,Zona_245,Urbano,2025,37.20803594050211,40.38664676000002,32.57305303999999,717
246,Zona_246,Urbano,2025,38.432027608571445,41.610297919999994,34.46663612000003,140
247,Zona_247,Urbano,2025,30.793712452392043,37.15661785999998,25.72334096000003,602
248,Zona_248,Urbano,2025,30.859933893535093,36.018417200000044,27.500711360000025,727
249,Zona_249,Urbano,2025,35.22788416422715,41.13519314000001,29.954849720000027,317
250,Zona_250,Urbano,2025,38.00900008968422,40.46184320000003,34.29573512000002,380
251,Zona_251,Urbano,2025,37.594939034103206,40.130295260000025,32.13896450000004,407
252,Zona_252,Urbano,2025,38.6909712577778,40.30119625999998,36.80456179999999,243
253,Zona_253,Urbano,2025,36.80881499230771,39.33731462000003,33.29425526,221
254,Zona_254,Urbano,2025,39.1930324707162,44.80272860000002,31.11355850000001,754
255,Zona_255,Urbano,2025,38.828242435019476,40.94720203999998,35.99107304000006,257
256,Zona_256,Urbano,2025,37.49416028204547,43.00485007999998,32.23125104000002,264
257,Zona_257,Urbano,2025,40.68043504257331,43.24752950000004,37.04382320000002,614
258,Zona_258,Urbano,2025,39.381300416383,42.748498580000046,36.10386770000002,282
259,Zona_259,Urbano,2025,38.93117242218364,41.36420048000002,34.99301120000001,403
260,Zona_260,Urbano,2025,35.87207903000002,39.897869900000046,28.55687954000001,204
261,Zona_261,Urbano,2025,31.645948805161304,34.19661254000005,27.469949180000015,279
262,Zona_262,Urbano,2025,40.09440605000002,42.61177778000001,37.720591160000026,226
263,Zona_263,Urbano,2025,39.43310854000002,42.98775998000002,37.50867391999998,153
264,Zona_264,Urbano,2025,38.46364344780602,40.12345922000003,33.73176182000003,433
265,Zona_265,Urbano,2025,40.04558780782611,42.478475,37.08825746000002,207
266,Zona_266,Urbano,2025,38.67476786452461,42.5810156,31.913375180000003,305
267,Zona_267,Urbano,2025,34.5958994218182,36.41832554000001,33.16095247999999,33
268,Zona_268,Urbano,2025,37.99962095142858,40.49602340000001,35.82017203999999,378
269,Zona_269,Urbano,2025,39.153611168982316,44.26951747999999,31.73905616000002,452
270,Zona_270,Urbano,2025,43.67022189129073,48.90435260000004,35.69712332000006,829
271,Zona_271,Rural,2025,23.377335823152343,29.57203148000002,16.43999864,4346
272,Zona_272,Rural,2025,24.221775486797842,29.52417920000005,17.12360264000006,3863
273,Zona_273,Rural,2025,33.9920697952055,41.46332305999999,27.401588779999997,146
274,Zona_274,Rural,2025,14.134855108920139,33.44123012,-2.519758299999978,9464
275,Zona_275,Rural,2025,19.988464717067465,26.78976320000004,-12.356819859999973,3410
276,Zona_276,Rural,2025,8.42950222934265,21.59779082,-11.488642779999964,3012
277,Zona_277,Rural,2025,29.57204761168797,40.184983579999994,22.886384360000022,3602
278,Zona_278,Rural,2025,25.469988237054114,32.596979180000005,20.774047999999993,3734
279,Zona_279,Rural,2025,18.525011668884844,25.887405919999992,4.8392387600000575,1641
280,Zona_280,Rural,2025,29.49736752710593,41.572699700000044,24.69109892000006,3248
281,Zona_281,Rural,2025,25.063076973644765,34.96224902000006,21.129522080000015,8135
282,Zona_282,Rural,2025,24.36816027541461,34.56575870000006,14.707062500000006,16679
283,Zona_283,Rural,2025,26.465356162460957,36.319202959999984,22.18569026,4608
284,Zona_284,Rural,2025,29.085959549559878,39.45010927999999,24.58855832000006,2272
285,Zona_285,Rural,2025,20.301947085751845,28.679928259999997,5.902242979999983,3425
286,Zona_286,Rural,2025,20.23760976791287,26.700894680000033,10.872044060000007,5783
287,Zona_287,Rural,2025,28.40832012533005,34.480308200000024,23.65885688000003,3227
288,Zona_288,Rural,2025,22.30835272187635,26.21553584000003,17.94392744000004,2345
289,Zona_289,Rural,2025,26.15653050633938,36.36363721999999,21.41663576000002,7414
290,Zona_290,Rural,2025,17.564850378254565,25.15253161999999,10.236292339999977,1925
291,Zona_291,Rural,2025,26.91610823889711,30.867461059999982,22.913728520000006,2303
292,Zona_292,Rural,2025,35.27022859557942,41.54193752000003,27.98265218000006,4194
293,Zona_293,Rural,2025,25.3016109678966,33.13360832000001,13.339854500000001,3133
294,Zona_294,Rural,2025,30.938457527311343,34.746913759999984,27.962144060000014,424
295,Zona_295,Rural,2025,22.892180820156064,31.735638139999992,15.65043602000003,6921
296,Zona_296,Rural,2025,22.85194481607006,28.474847060000002,15.37015838000002,5654
297,Zona_297,Rural,2025,26.739792459687518,30.023210120000044,23.41617746000003,1152
298,Zona_298,Rural,2025,24.48681435614778,28.796140939999987,18.76425224000002,3411
299,Zona_299,Rural,2025,24.692305631267324,35.327977160000046,19.167578600000013,7441
300,Zona_300,Rural,2025,22.656971038180785,31.42118030000006,17.01080797999998,15567
301,Zona_301,Rural,2025,25.553287517804893,35.94663878000006,14.279809999999998,4428
302,Zona_302,Rural,2025,30.485426793396748,37.54627214000004,24.547542080000028,2629
303,Zona_303,Rural,2025,32.16591590614909,38.56142408000005,27.34690046000003,966
304,Zona_304,Rural,2025,29.334210059654765,40.23625388000005,22.312157000000013,7299
305,Zona_305,Rural,2025,23.80726156059255,37.72400918000005,17.36970008000003,19172
306,Zona_306,Rural,2025,1.6642626534863738,17.161200860000008,-14.106846099999984,5533
307,Zona_307,Rural,2025,25.521566063591646,41.179627400000015,19.331643560000032,8169
308,Zona_308,Rural,2025,24.4318519655039,28.28343794,18.983005520000006,4644
309,Zona_309,Rural,2025,30.086322702827086,38.63662052000001,26.646206360000008,1995
310,Zona_310,Rural,2025,26.3616000539828,33.06866594000002,22.042133420000027,2207
311,Zona_311,Rural,2025,27.690083215030505,34.329915320000055,24.554378120000024,1312
312,Zona_312,Rural,2025,25.958616628975257,29.090090659999987,23.925462440000047,2908
313,Zona_313,Rural,2025,26.464765031048074,32.59014314000001,23.82975787999999,2185
314,Zona_314,Rural,2025,25.679716604280426,32.186816780000015,18.371179940000047,9158
315,Zona_315,Rural,2025,23.301612831046768,31.728802100000053,18.56942509999999,10289
316,Zona_316,Rural,2025,23.682501621843347,30.67605193999998,17.212471160000007,10774
317,Zona_317,Rural,2025,23.56172847620351,29.319098000000054,18.200278940000032,3440
318,Zona_318,Rural,2025,25.14403584580322,32.42266016000002,20.815064240000027,2185
319,Zona_319,Rural,2025,19.182238585248932,38.35292486000003,-11.157094840000013,22759
320,Zona_320,Rural,2025,27.78138672236222,35.86118828000002,24.721861100000012,1143
321,Zona_321,Rural,2025,27.01889595572095,32.37480788000005,21.734511620000035,1935
322,Zona_322,Rural,2025,28.93379757861341,36.069687499999986,22.58218058,1702
323,Zona_323,Rural,2025,27.80105783221833,36.03892532000003,23.74430738000001,3408
324,Zona_324,Rural,2025,25.1837795570357,34.53157850000002,18.767670260000045,3279
325,Zona_325,Rural,2025,29.69567829664672,38.14442564000001,24.516779900000017,1503
326,Zona_326,Rural,2025,33.18565563572673,38.45204744,30.122332700000015,805
327,Zona_327,Rural,2025,31.723734001379327,33.22589486000004,28.532953399999997,58
328,Zona_328,Rural,2025,36.298645303478274,38.89297202,33.15411644000005,207
329,Zona_329,Rural,2025,34.84738700919357,40.94036600000004,30.662379859999987,372
330,Zona_330,Rural,2025,33.57600066185055,38.7015629,27.863021480000043,843
331,Zona_331,Rural,2025,30.56729878732261,36.33971108000003,25.764357200000006,2297
0,Zona_0,Urbano,2025,40.96043962593222,46.846704560000035,37.481329759999994,236
1,Zona_1,Urbano,2025,37.70501332167045,49.03765538000005,31.639933580000047,443
2,Zona_2,Urbano,2025,43.03995406918921,44.96679356000004,38.311908620000054,74
3,Zona_3,Urbano,2025,41.827201303870986,44.587393340000006,38.80068548000003,279
4,Zona_4,Urbano,2025,39.15230465022558,44.55663116000005,32.58672511999998,133
5,Zona_5,Urbano,2025,40.50380990545455,42.43745876000003,35.53989439999998,374
6,Zona_6,Urbano,2025,44.95991204745014,46.86379466000005,41.50092128000006,451
7,Zona_7,Urbano,2025,39.39791750752353,44.112288560000025,28.86791936000003,319
8,Zona_8,Urbano,2025,43.55603596400002,44.63182760000001,42.59810570000002,85
9,Zona_9,Urbano,2025,32.44161065868113,39.69620672000002,29.271245720000024,1016
10,Zona_10,Urbano,2025,38.1127964500488,41.67865832000001,31.735638139999992,410
11,Zona_11,Urbano,2025,31.076698948369373,38.903226080000024,19.71446179999998,1018
12,Zona_12,Urbano,2025,37.73446241033836,40.84466143999998,33.184878620000006,532
13,Zona_13,Urbano,2025,42.51170979021279,46.07423204000003,38.212786040000026,423
14,Zona_14,Urbano,2025,38.981238775915514,43.37057822000003,33.22931288000001,426
15,Zona_15,Urbano,2025,44.84510742905407,50.42878952000001,38.08290127999999,444
16,Zona_16,Urbano,2025,42.53592857527821,46.292985320000014,38.97158648000004,665
17,Zona_17,Urbano,2025,45.06467565754571,50.75350142000002,35.78599184000001,1149
18,Zona_18,Urbano,2025,39.33004698676344,43.33639802000005,35.41000964,689
19,Zona_19,Urbano,2025,39.3961796853187,42.37251637999998,32.78497028000004,455
20,Zona_20,Urbano,2025,37.25052828689657,41.72651059999998,34.60335692000001,261
21,Zona_21,Urbano,2025,32.969030073720155,40.92327590000002,17.127020660000028,293
22,Zona_22,Urbano,2025,39.8903771015989,43.65769190000003,33.94709708000005,713
23,Zona_23,Urbano,2025,37.85501002816328,43.09371859999999,29.698498220000033,490
24,Zona_24,Urbano,2025,41.340205979600015,49.91608652000002,36.11412175999999,350
25,Zona_25,Urbano,2025,44.52729782442625,48.70268942000001,37.628304619999994,366
26,Zona_26,Urbano,2025,44.54940837155965,46.52199266000002,42.246049640000024,327
27,Zona_27,Urbano,2025,42.49107162822431,46.69631168000001,36.674677040000006,321
28,Zona_28,Urbano,2025,42.88279883665371,45.97510946,38.899808060000055,257
29,Zona_29,Urbano,2025,43.540971470652195,45.13085852000006,38.209368020000056,276
30,Zona_30,Urbano,2025,41.12125962504251,45.13427654000003,31.431434360000026,353
31,Zona_31,Urbano,2025,43.82069700883722,47.079129920000014,39.983320400000025,258
32,Zona_32,Urbano,2025,39.6624304130159,44.146468760000005,34.921232780000025,567
33,Zona_33,Urbano,2025,35.87151492343631,40.40373685999998,29.896743380000032,518
34,Zona_34,Urbano,2025,33.66908862550002,37.573616300000026,25.85664373999998,360
35,Zona_35,Urbano,2025,42.07821645303281,45.77686430000006,35.07846170000005,244
36,Zona_36,Urbano,2025,43.44838793098735,45.77686430000006,40.98480026000004,395
37,Zona_37,Urbano,2025,30.47236088773156,44.91210524000002,6.801182240000003,745
38,Zona_38,Urbano,2025,40.546463609428585,43.69187210000001,32.75079008,140
39,Zona_39,Urbano,2025,44.341093250592905,47.321809340000016,39.79191128000002,253
40,Zona_40,Urbano,2025,42.48095416472105,54.626118080000026,36.48326792,466
41,Zona_41,Urbano,2025,38.28396599040692,42.52632728000003,35.297214980000035,811
42,Zona_42,Urbano,2025,40.35741651185544,42.406696580000016,34.893888619999984,415
43,Zona_43,Urbano,2025,35.37961697567569,38.000868800000035,30.200947160000055,74
44,Zona_44,Urbano,2025,42.72355655789475,47.749061840000024,37.86072998000003,646
45,Zona_45,Urbano,2025,42.514502912260895,45.06933416000004,40.31828636,690
46,Zona_46,Urbano,2025,34.8749876178049,40.17472952000003,31.17850088,738
47,Zona_47,Urbano,2025,39.18304137913045,41.91450170000002,37.12243766000006,207
48,Zona_48,Urbano,2025,42.875586778181834,44.669425820000015,40.90276777999998,253
49,Zona_49,Urbano,2025,37.28478484584617,39.672280580000006,31.25711534000004,195
50,Zona_50,Urbano,2025,41.44843427740742,45.10351436000002,36.95837270000004,486
51,Zona_51,Urbano,2025,36.53000191988911,42.246049640000024,32.511528680000026,541
52,Zona_52,Urbano,2025,38.819590084444464,40.71477668,31.561319120000007,81
53,Zona_53,Urbano,2025,39.583960939124104,42.39986054000002,37.09509350000002,274
54,Zona_54,Urbano,2025,47.092353302393846,50.18269208000004,40.75237490000001,259
55,Zona_55,Urbano,2025,43.403851598367375,48.340379299999995,36.71911130000001,490
56,Zona_56,Urbano,2025,41.23034400205609,45.77686430000006,35.68686925999998,321
57,Zona_57,Urbano,2025,42.040798751063846,45.404300120000016,39.09463520000003,282
58,Zona_58,Urbano,2025,36.12959049153848,38.038467019999985,33.93342500000006,78
59,Zona_59,Urbano,2025,37.76382365041098,42.04096844000003,28.95336986000001,438
60,Zona_60,Urbano,2025,35.63241470476896,40.43108102000002,32.480766500000016,541
61,Zona_61,Urbano,2025,44.166819125230795,46.16651858,39.22793797999998,260
62,Zona_62,Urbano,2025,38.50929046567012,46.78176217999999,31.038362060000054,388
63,Zona_63,Urbano,2025,44.75928079062502,47.171416460000046,39.983320400000025,544
64,Zona_64,Urbano,2025,44.34157773673686,51.273040460000004,36.924192500000004,1140
65,Zona_65,Urbano,2025,41.56514034456434,46.15284650000001,36.65758693999999,241
66,Zona_66,Urbano,2025,38.07391457573035,42.13325498000006,34.329915320000055,267
67,Zona_67,Urbano,2025,44.10778632935485,46.125502340000025,38.95449638000002,186
68,Zona_68,Urbano,2025,33.60225508986177,39.99699248000002,26.287314260000016,1302
69,Zona_69,Urbano,2025,33.58556085132078,39.576576020000005,27.510965420000048,477
70,Zona_70,Urbano,2025,40.42165072741009,42.49556510000002,37.95985256000006,278
71,Zona_71,Urbano,2025,36.343654640633815,41.066832739999995,32.877256820000014,852
72,Zona_72,Urbano,2025,40.6382110899432,45.27783338000006,36.069687499999986,352
73,Zona_73,Urbano,2025,42.103944601137144,44.406238280000025,39.279208280000034,299
74,Zona_74,Urbano,2025,42.414179720873804,44.72753216000001,40.410572900000034,412
75,Zona_75,Urbano,2025,43.551654805051044,47.00735150000003,36.2918588,392
76,Zona_76,Urbano,2025,36.87207512547828,43.31247188000003,30.334249940000007,460
77,Zona_77,Urbano,2025,36.91929333800002,39.24502808,32.091112220000014,120
78,Zona_78,Urbano,2025,40.573984823658556,44.92919533999998,36.27476869999998,246
79,Zona_79,Urbano,2025,41.4880513362332,49.16412212,27.96556208000004,669
80,Zona_80,Urbano,2025,43.17524470666669,45.339357740000025,39.92521406000003,405
81,Zona_81,Urbano,2025,40.58132028112361,42.83053106,36.907102399999985,267
82,Zona_82,Urbano,2025,37.05411770994085,41.244569780000006,29.876235260000044,169
83,Zona_83,Urbano,2025,40.70625035887673,45.38721002,34.17610442,730
84,Zona_84,Urbano,2025,36.8954398800345,43.50388099999998,30.22829132000004,580
85,Zona_85,Urbano,2025,42.121375156905465,44.061018260000026,37.79920562000001,349
86,Zona_86,Urbano,2025,44.12629458448278,46.26905918,41.24115175999998,174
87,Zona_87,Urbano,2025,44.022712166035525,47.95414304000002,40.02775466000003,338
88,Zona_88,Urbano,2025,36.843195783636375,40.72844875999999,31.04861612000002,66
89,Zona_89,Urbano,2025,39.25825723809293,42.70748234000001,35.14682210000001,409
90,Zona_90,Urbano,2025,37.94837447932434,43.767068540000025,32.72002789999999,148
91,Zona_91,Urbano,2025,43.036422067815394,46.23146096000005,41.357364440000026,325
92,Zona_92,Urbano,2025,36.737669738605994,42.43404074,31.698039920000042,703
93,Zona_93,Urbano,2025,40.02254341791306,46.67580356000002,34.302571160000014,345
94,Zona_94,Urbano,2025,42.13219068634733,44.0507642,40.184983579999994,167
95,Zona_95,Urbano,2025,43.42824322225277,44.78222047999998,40.23283586000002,364
96,Zona_96,Urbano,2025,43.22660736630988,46.01954372,39.39883898000005,355
97,Zona_97,Urbano,2025,43.19834566006137,45.537602900000024,39.313388480000015,326
98,Zona_98,Urbano,2025,42.474235985000014,45.40771814000004,39.41934709999998,408
99,Zona_99,Urbano,2025,42.19097093700509,44.93944940000006,36.63024278,394
100,Zona_100,Urbano,2025,42.3173580097114,46.97317129999999,38.16151574000003,589
101,Zona_101,Urbano,2025,39.53451264092487,41.702584460000026,36.84557804000002,173
102,Zona_102,Urbano,2025,30.637571167789954,34.78793000000002,26.553919820000033,457
103,Zona_103,Urbano,2025,42.048271901538484,44.58055730000001,36.07652354000004,234
104,Zona_104,Urbano,2025,34.44292948587158,40.12004120000006,28.727780540000026,218
105,Zona_105,Urbano,2025,32.51076048863638,40.308032300000036,26.318076440000027,396
106,Zona_106,Urbano,2025,37.672829091671574,40.80706322000003,34.28889908000002,341
107,Zona_107,Urbano,2025,37.79849479283187,43.35690613999998,33.68732756000003,226
108,Zona_108,Urbano,2025,47.283663702734394,50.897058259999994,42.98775998000002,256
109,Zona_109,Urbano,2025,43.195507986813205,45.746102120000046,37.72400918000005,182
110,Zona_110,Urbano,2025,42.62829699014991,47.37991568000001,37.99403275999998,467
111,Zona_111,Urbano,2025,43.10529359786028,46.02296174000003,40.475515280000025,458
112,Zona_112,Urbano,2025,42.547977714778085,46.13575639999999,38.704980920000025,383
113,Zona_113,Urbano,2025,39.8462550780902,43.61325764000003,35.15707616000003,377
114,Zona_114,Urbano,2025,41.56337686526317,44.30369768000003,36.00474512000005,323
115,Zona_115,Urbano,2025,40.80919627007521,43.66110992000006,38.86562786000002,266
116,Zona_116,Urbano,2025,37.22903715875001,42.803186900000014,34.06330976000004,480
117,Zona_117,Urbano,2025,40.0376256660345,43.22018534000006,36.134629880000034,116
118,Zona_118,Urbano,2025,40.343842284370886,42.929653640000026,34.722987620000026,302
119,Zona_119,Urbano,2025,41.815679905760014,43.81150280000003,39.29629838000005,375
120,Zona_120,Urbano,2025,34.81631040673509,43.45261070000004,27.46311314000002,1072
121,Zona_121,Urbano,2025,39.747549572311335,44.31736976000002,30.08473448000001,848
122,Zona_122,Urbano,2025,35.827638452541,42.64595798000005,9.477491900000018,488
123,Zona_123,Urbano,2025,32.57214552600498,37.084839439999996,24.174977900000044,403
124,Zona_124,Urbano,2025,42.249740012191246,44.98730168000003,38.15809772,251
125,Zona_125,Urbano,2025,39.409817941413905,44.24559134000003,31.011017900000013,778
126,Zona_126,Urbano,2025,44.0760397259218,48.66850922000003,35.89195046000003,537
127,Zona_127,Urbano,2025,44.261289373672746,48.46684604000001,35.60141876,550
128,Zona_128,Urbano,2025,40.35301235161679,44.754876319999994,36.40807147999999,501
129,Zona_129,Urbano,2025,38.458503700000016,42.51949123999998,32.873838800000044,495
130,Zona_130,Urbano,2025,38.38006393880002,42.54341738000005,33.09942812000003,250
131,Zona_131,Urbano,2025,42.47977093175358,48.388231580000024,35.922712639999986,422
132,Zona_132,Urbano,2025,39.495932636798045,44.91210524000002,36.38414534000003,406
133,Zona_133,Urbano,2025,41.706290313263175,43.31930792000003,40.09269704000002,95
134,Zona_134,Urbano,2025,34.51570977248002,39.019438760000014,31.216099100000008,375
135,Zona_135,Urbano,2025,39.82208918307694,44.79931058,36.10386770000002,468
136,Zona_136,Urbano,2025,43.56697463962266,46.142592440000044,37.38904322000002,159
137,Zona_137,Urbano,2025,40.98912625977013,44.20115708000003,38.37343298000002,783
138,Zona_138,Urbano,2025,37.87952909000002,43.40134039999998,32.64141344000001,156
139,Zona_139,Urbano,2025,42.06280146026061,44.13963272000001,39.29629838000005,307
140,Zona_140,Urbano,2025,42.789972007388556,45.20605496000002,38.50331774000006,471
141,Zona_141,Urbano,2025,39.23564079062202,44.65575374000002,30.37526618000004,418
142,Zona_142,Urbano,2025,42.382907389048434,44.83690880000006,39.29288036000003,599
143,Zona_143,Urbano,2025,37.939852524054075,39.96623030000001,36.10386770000002,74
144,Zona_144,Urbano,2025,40.79573635080294,44.69335196000003,36.79430774000002,411
145,Zona_145,Urbano,2025,41.18025219935487,46.6655495,32.501274620000004,465
146,Zona_146,Urbano,2025,39.27508044753995,42.41011460000004,33.284001200000034,313
147,Zona_147,Urbano,2025,37.89954034127797,42.66304808000001,31.516884860000005,626
148,Zona_148,Urbano,2025,43.190712159067814,44.259263420000025,40.15763942000001,236
149,Zona_149,Urbano,2025,28.08036734000002,38.39052307999998,17.273995520000028,306
150,Zona_150,Urbano,2025,46.40121138707045,52.03525892000005,37.00280696000004,710
151,Zona_151,Urbano,2025,34.25711450105574,38.55117002000003,29.742932480000036,1364
152,Zona_152,Urbano,2025,39.41945831540132,44.15672282000003,32.98321543999998,461
153,Zona_153,Urbano,2025,42.04700890637933,45.800790440000014,34.890470600000015,232
154,Zona_154,Urbano,2025,41.75845111941322,46.72707386000002,34.67513534,409
155,Zona_155,Urbano,2025,44.655656545118504,49.91608652000002,36.24742454,844
156,Zona_156,Urbano,2025,41.051078366236865,46.42628810000002,36.722529320000035,760
157,Zona_157,Urbano,2025,29.710541819267032,32.54229085999998,27.664776319999987,191
158,Zona_158,Urbano,2025,40.98751937143285,44.895015140000055,36.70543922000002,670
159,Zona_159,Urbano,2025,40.230771096897975,43.54147922000004,35.184420320000015,245
160,Zona_160,Urbano,2025,35.158838576562516,40.41399092000006,32.51836472000002,256
161,Zona_161,Urbano,2025,42.113161165454564,43.490208919999986,39.38858492000003,396
162,Zona_162,Urbano,2025,44.44544211793596,48.863336360000005,36.96179072000001,281
163,Zona_163,Urbano,2025,42.12407376155644,48.11137196000004,36.466177819999984,1542
164,Zona_164,Urbano,2025,42.480358075833344,44.69335196000003,39.870525740000005,216
165,Zona_165,Urbano,2025,39.04954090855174,44.75829434000002,34.087235899999996,290
166,Zona_166,Urbano,2025,37.6109067672414,41.19671749999998,33.82063033999998,522
167,Zona_167,Urbano,2025,40.498165748717966,43.42526654000005,35.66636114000005,351
168,Zona_168,Urbano,2025,41.894964820655765,44.62499156000001,39.18008570000001,183
169,Zona_169,Urbano,2025,36.58256057138351,43.965313700000024,33.45148418000002,824
170,Zona_170,Urbano,2025,42.371002462465775,45.08642426000006,39.32364254000004,219
171,Zona_171,Urbano,2025,35.79434747295145,40.424244980000026,31.841596760000016,803
172,Zona_172,Urbano,2025,32.69401951793105,38.185441879999985,28.922607680000056,174
173,Zona_173,Urbano,2025,39.056760672994024,42.748498580000046,30.959747600000014,334
174,Zona_174,Urbano,2025,41.19970350260225,43.592749519999984,38.68447279999998,269
175,Zona_175,Urbano,2025,39.47288819529413,43.66452794000003,35.01693734000003,289
176,Zona_176,Urbano,2025,45.751995573494,50.65779686000002,42.29048390000003,747
177,Zona_177,Urbano,2025,40.286757605593685,43.473118820000025,37.66932086000003,379
178,Zona_178,Urbano,2025,43.29131468145456,49.99811900000003,36.428579600000035,495
179,Zona_179,Urbano,2025,42.48437744988715,46.33400156000005,39.69278870000005,443
180,Zona_180,Urbano,2025,38.828536013333355,43.42868456000002,33.1472804,270
181,Zona_181,Urbano,2025,42.52472643518989,44.63524561999998,37.52918204000002,632
182,Zona_182,Urbano,2025,43.350462474744916,46.19728076000001,38.08973732000004,392
183,Zona_183,Urbano,2025,42.56202787016724,44.87450702000001,39.132233420000034,299
184,Zona_184,Urbano,2025,39.39014744342859,43.44919268000001,31.91679320000003,385
185,Zona_185,Urbano,2025,44.907365585600026,49.34527718000004,38.56484210000002,450
186,Zona_186,Urbano,2025,33.78199559026629,41.05316066,28.447502900000018,676
187,Zona_187,Urbano,2025,40.94492951859461,44.47801670000001,35.43051776000004,185
188,Zona_188,Urbano,2025,43.75941217520001,46.93557308000004,41.12835710000002,350
189,Zona_189,Urbano,2025,32.41528329405065,36.70202119999999,30.012956060000022,158
190,Zona_190,Urbano,2025,39.40356646769233,45.568365080000035,29.71900634000002,663
191,Zona_191,Urbano,2025,38.67043015796118,44.08836242000001,34.17268640000003,618
192,Zona_192,Urbano,2025,42.2515237440103,45.55811102000001,37.97694266000002,389
193,Zona_193,Urbano,2025,37.62698866058452,50.07331543999999,28.621821920000002,787
194,Zona_194,Urbano,2025,39.65123057878051,46.65529544000003,32.81573246000005,492
195,Zona_195,Urbano,2025,43.24054556490386,46.86037664000003,38.89297202,208
196,Zona_196,Urbano,2025,42.271962761506046,46.063977980000004,39.805583360000014,332
197,Zona_197,Urbano,2025,39.53279774363637,41.80512506000002,37.23523232000002,99
198,Zona_198,Urbano,2025,33.4730612560618,38.76308726000002,28.379142500000057,1554
199,Zona_199,Urbano,2025,41.185020790706695,51.040615100000025,34.57943078000005,1033
200,Zona_200,Urbano,2025,37.276681220759514,40.308032300000036,33.54035270000003,79
201,Zona_201,Urbano,2025,35.98324813886794,40.882259660000045,29.349860180000007,318
202,Zona_202,Urbano,2025,40.5702461017442,45.85547875999998,35.645853020000004,344
203,Zona_203,Urbano,2025,45.211101122018945,47.287629140000035,42.82711304000003,317
204,Zona_204,Urbano,2025,40.05704143568348,45.482914580000056,35.13998606000001,417
205,Zona_205,Urbano,2025,38.91277226603552,42.898891460000016,31.561319120000007,169
206,Zona_206,Urbano,2025,42.08604451161573,45.16845674000001,37.132691720000025,458
207,Zona_207,Urbano,2025,40.04846941093201,45.52734884000006,34.75033178000001,397
208,Zona_208,Urbano,2025,39.79038722779223,41.83246922000001,35.25961676000003,231
209,Zona_209,Urbano,2025,42.87354957207103,44.18748500000004,40.63616222000002,169
210,Zona_210,Urbano,2025,39.85598240000002,42.00337022000002,34.51790642000003,408
211,Zona_211,Urbano,2025,43.85601234678416,46.71340178000003,40.81389926000003,227
212,Zona_212,Urbano,2025,38.65843930932333,44.41991036000002,33.97444124000003,133
213,Zona_213,Urbano,2025,36.86480665514941,42.37935242000003,28.768796780000002,569
214,Zona_214,Urbano,2025,41.4398344772913,46.95949922,36.59264456000005,539
215,Zona_215,Urbano,2025,43.37113523066669,45.455570420000015,40.308032300000036,270
216,Zona_216,Urbano,2025,33.5472132419355,40.181565560000024,28.013414360000013,279
217,Zona_217,Urbano,2025,37.0876360018182,41.65815020000002,31.120394540000007,264
218,Zona_218,Urbano,2025,32.58177060835964,41.24798780000003,9.501418040000033,634
219,Zona_219,Urbano,2025,38.00761805433595,43.95847766000003,27.900619699999993,512
220,Zona_220,Urbano,2025,40.38282297907446,44.50877888000002,34.049637680000046,497
221,Zona_221,Urbano,2025,30.94402470800002,35.07846170000005,25.436227280000026,665
222,Zona_222,Urbano,2025,36.78206797314288,43.33298000000002,29.944595660000005,630
223,Zona_223,Urbano,2025,42.03024952928001,44.652335719999996,38.29140050000001,125
224,Zona_224,Urbano,2025,41.4531631603306,44.99755574000005,32.00907974000006,363
225,Zona_225,Urbano,2025,42.4613588082443,45.55811102000001,38.42470328000002,262
226,Zona_226,Urbano,2025,42.10240899565676,46.44679622000001,37.97694266000002,571
227,Zona_227,Urbano,2025,36.979337401521356,41.391544640000006,34.182940460000054,539
228,Zona_228,Urbano,2025,39.926741853605236,44.10203450000006,33.926588960000004,613
229,Zona_229,Urbano,2025,42.53983056888891,45.90674906000004,35.63901698000001,243
230,Zona_230,Urbano,2025,43.34262600253371,47.178252499999985,38.67080071999999,371
231,Zona_231,Urbano,2025,42.9010076025762,47.2978832,39.13906946000003,722
232,Zona_232,Urbano,2025,40.902824369735114,44.717278100000044,37.27624856,302
233,Zona_233,Urbano,2025,33.39847136000002,41.066832739999995,28.307364080000013,357
234,Zona_234,Urbano,2025,39.44809333028827,44.20115708000003,31.253697320000015,451
235,Zona_235,Urbano,2025,44.29351267090912,48.945368840000015,39.21768392000001,396
236,Zona_236,Urbano,2025,37.828834754696146,43.92771548000002,34.34358740000005,181
237,Zona_237,Urbano,2025,43.868138183367996,46.28273125999999,41.38129058000004,481
238,Zona_238,Urbano,2025,30.535299629230792,35.724467480000044,27.42893293999998,156
239,Zona_239,Urbano,2025,41.34678262465756,47.12014615999999,32.385061940000014,438
240,Zona_240,Urbano,2025,41.23800028284405,44.02000201999999,38.25038426000003,218
241,Zona_241,Urbano,2025,43.48472965129773,46.033215799999994,37.07800340000006,262
242,Zona_242,Urbano,2025,45.662114214604664,47.899454719999994,42.539999360000024,215
243,Zona_243,Urbano,2025,43.13402622609758,46.146010460000014,39.40567501999999,328
244,Zona_244,Urbano,2025,40.538566134368956,45.37011991999998,37.58045234000002,103
245,Zona_245,Urbano,2025,39.004541531966545,42.721154420000005,33.21222278000005,717
246,Zona_246,Urbano,2025,40.29902337585717,43.66794596,35.755229660000055,140
247,Zona_247,Urbano,2025,32.31503795219271,40.39690082000004,26.45821526000003,602
248,Zona_248,Urbano,2025,30.005080979532348,37.313846780000006,25.46357144000001,727
249,Zona_249,Urbano,2025,37.57331439287068,43.999493900000004,30.696560060000024,317
250,Zona_250,Urbano,2025,40.91629594336844,44.33104184000001,35.48520608000001,380
251,Zona_251,Urbano,2025,40.78500145454547,43.158660980000036,34.777675939999995,407
252,Zona_252,Urbano,2025,42.96646416814817,45.19921892000002,40.571219840000026,243
253,Zona_253,Urbano,2025,40.68399903384617,42.898891460000016,35.91245858000002,221
254,Zona_254,Urbano,2025,41.97208219076925,47.373079640000014,32.251759160000006,754
255,Zona_255,Urbano,2025,42.56484317852142,43.910625380000056,39.44669126000002,257
256,Zona_256,Urbano,2025,40.59225878886365,45.50000468000002,35.37582944000002,264
257,Zona_257,Urbano,2025,44.525468169837154,46.85354060000003,39.33731462000003,614
258,Zona_258,Urbano,2025,43.47271883893619,45.99903560000001,39.51846968000001,282
259,Zona_259,Urbano,2025,42.63287960074443,45.0932603,37.06433132000001,403
260,Zona_260,Urbano,2025,39.99566883500002,45.930675199999996,29.117434820000028,204
261,Zona_261,Urbano,2025,32.96369964838711,36.20982632000005,29.021730260000027,279
262,Zona_262,Urbano,2025,43.200478791061954,46.00245361999998,40.64983430000001,226
263,Zona_263,Urbano,2025,41.94671598000003,45.69141380000002,39.67569860000003,153
264,Zona_264,Urbano,2025,41.69800604983836,43.51071704000003,36.934446560000026,433
265,Zona_265,Urbano,2025,43.28681196173914,45.52393082000003,40.82757134000002,207
266,Zona_266,Urbano,2025,40.506669691803296,44.12596064000002,32.86358474000002,305
267,Zona_267,Urbano,2025,37.05604521090911,39.24502808,35.49546013999998,33
268,Zona_268,Urbano,2025,40.648622620952395,43.589331500000014,37.75135334000004,378
269,Zona_269,Urbano,2025,41.044018212699136,46.95266318000006,32.65166750000003,452
270,Zona_270,Urbano,2025,45.084342112714126,48.94195081999999,36.021835220000014,829
271,Zona_271,Rural,2025,23.348988907630023,31.585245260000022,10.704561080000019,4346
272,Zona_272,Rural,2025,24.92848186893608,31.879194980000022,16.809144800000013,3863
273,Zona_273,Rural,2025,35.91510403383563,43.89011726000001,29.862563180000052,146
274,Zona_274,Rural,2025,25.117172593153022,42.58785164000005,20.100698060000013,9464
275,Zona_275,Rural,2025,23.00772908175955,29.97193981999999,19.851182600000016,3410
276,Zona_276,Rural,2025,22.6400088938048,27.801497120000022,20.278435100000024,3012
277,Zona_277,Rural,2025,30.51944836013883,43.06295641999998,23.18717012000002,3602
278,Zona_278,Rural,2025,25.767507929737565,33.82063033999998,20.996219300000007,3734
279,Zona_279,Rural,2025,23.632050105228537,30.631617679999977,20.206656680000037,1641
280,Zona_280,Rural,2025,30.377797072272188,42.047804480000025,24.79022150000003,3248
281,Zona_281,Rural,2025,25.5622549504364,33.93342500000006,20.69201552000004,8135
282,Zona_282,Rural,2025,26.494777151254894,40.49944142000004,8.838322160000018,16679
283,Zona_283,Rural,2025,27.083241903789077,39.576576020000005,22.12074788000001,4608
284,Zona_284,Rural,2025,30.134179930413755,40.39006477999999,24.779967440000007,2272
285,Zona_285,Rural,2025,23.8514026787679,32.00224370000001,19.63242932000003,3425
286,Zona_286,Rural,2025,24.526014405357103,31.63651556000002,18.39852410000003,5783
287,Zona_287,Rural,2025,29.971401749296575,36.807979820000014,23.94255254000001,3227
288,Zona_288,Rural,2025,24.105416455872085,28.379142500000057,20.26818104000006,2345
289,Zona_289,Rural,2025,27.961144102435952,40.51994954000003,22.199362339999993,7414
290,Zona_290,Rural,2025,23.61662435755846,28.31420012000001,20.206656680000037,1925
291,Zona_291,Rural,2025,28.45434042415981,33.98127728000003,23.54948023999998,2303
292,Zona_292,Rural,2025,37.835384147381994,45.339357740000025,29.021730260000027,4194
293,Zona_293,Rural,2025,26.879213208879687,35.01693734000003,19.659773480000013,3133
294,Zona_294,Rural,2025,32.448617764717,36.89343031999999,28.683346280000023,424
295,Zona_295,Rural,2025,23.112175669622903,32.251759160000006,6.520904599999994,6921
296,Zona_296,Rural,2025,21.841378246020536,29.814710900000023,7.337811380000062,5654
297,Zona_297,Rural,2025,26.67584700218752,31.205845039999986,23.41617746000003,1152
298,Zona_298,Rural,2025,25.21253986617416,31.40409020000004,18.309655580000026,3411
299,Zona_299,Rural,2025,25.411816526224992,37.24206836000002,19.27011920000001,7441
300,Zona_300,Rural,2025,23.232491216434784,36.32262098000001,15.82817306000004,15567
301,Zona_301,Rural,2025,27.298835132682946,37.95985256000006,20.363885600000003,4428
302,Zona_302,Rural,2025,31.843203710445056,38.527243880000015,25.00213874000002,2629
303,Zona_303,Rural,2025,33.93474479447207,39.76456712000004,28.4304128,966
304,Zona_304,Rural,2025,31.36176697358818,42.423786680000035,23.48111984000002,7299
305,Zona_305,Rural,2025,24.6230881307459,39.750895040000046,14.628448040000023,19172
306,Zona_306,Rural,2025,22.792489194646684,29.04907442000001,19.912706960000037,5533
307,Zona_307,Rural,2025,26.32716731042969,42.03755042,19.74522397999999,8169
308,Zona_308,Rural,2025,24.662005269573662,30.805936700000018,18.76425224000002,4644
309,Zona_309,Rural,2025,30.610698369624078,39.92521406000003,26.84103349999998,1995
310,Zona_310,Rural,2025,27.545989671155432,35.66636114000005,21.90883064000002,2207
311,Zona_311,Rural,2025,29.031689932606724,37.33777292000002,24.95428646000005,1312
312,Zona_312,Rural,2025,28.13574727044706,32.50469264000003,21.997699160000025,2908
313,Zona_313,Rural,2025,27.116927939981714,35.96031086000005,6.681551539999987,2185
314,Zona_314,Rural,2025,26.457325111747128,36.54137426,6.244044980000012,9158
315,Zona_315,Rural,2025,22.820758309559743,33.09601010000006,5.7039978200000405,10289
316,Zona_316,Rural,2025,24.127634801557473,33.13360832000001,12.79980734000003,10774
317,Zona_317,Rural,2025,23.15574122737793,30.580347380000035,10.321742840000013,3440
318,Zona_318,Rural,2025,25.840884868842124,33.51984458000004,20.97229316000005,2185
319,Zona_319,Rural,2025,24.06062088391847,41.41888879999999,19.52988872000003,22759
320,Zona_320,Rural,2025,29.10276992929136,38.510153779999996,25.224310039999978,1143
321,Zona_321,Rural,2025,28.307109715720948,34.79134801999999,21.77552786000001,1935
322,Zona_322,Rural,2025,30.60179937156289,38.164933760000054,23.43326755999999,1702
323,Zona_323,Rural,2025,28.979373089031714,36.753291500000046,24.164723840000022,3408
324,Zona_324,Rural,2025,26.085292495407153,36.04234334,18.53182688000004,3279
325,Zona_325,Rural,2025,31.551733654730555,39.77482118,24.88592606000003,1503
326,Zona_326,Rural,2025,35.62627052529194,40.06193486000001,31.86894092,805
327,Zona_327,Rural,2025,34.93808715448277,39.788493259999996,29.913833479999994,58
328,Zona_328,Rural,2025,37.713788144347845,40.608818059999976,34.83236426000002,207
329,Zona_329,Rural,2025,35.903766518387116,43.16549702000003,31.42118030000006,372
330,Zona_330,Rural,2025,35.006719771316746,40.64983430000001,28.635493999999994,843
331,Zona_331,Rural,2025,32.04941743532435,38.838283700000034,25.95576632000001,2297
0,Zona_0,Urbano,2026,36.11745288118646,39.49796156000002,33.236148920000005,236
1,Zona_1,Urbano,2026,34.34572462695261,43.77390458000002,29.110598780000032,443
2,Zona_2,Urbano,2026,40.98068939810812,44.00632994,34.63411910000002,74
3,Zona_3,Urbano,2026,36.39341932258066,38.86562786000002,33.70099964000002,279
4,Zona_4,Urbano,2026,36.51744812000001,42.88863739999999,29.21313938000003,133
5,Zona_5,Urbano,2026,36.68693256090911,39.61417424000001,32.87042078000002,374
6,Zona_6,Urbano,2026,41.95755662598672,43.86960914000002,38.479391599999985,451
7,Zona_7,Urbano,2026,35.26778143473356,40.21916378000003,26.10274118000001,319
8,Zona_8,Urbano,2026,39.96984938000002,41.00530838000003,38.79726746000006,85
9,Zona_9,Urbano,2026,30.748102859626005,37.07458538000003,28.016832379999983,1016
10,Zona_10,Urbano,2026,33.972290388390256,37.28308460000005,27.14523728000006,410
11,Zona_11,Urbano,2026,28.810491251866424,33.824048360000006,24.243338300000005,1018
12,Zona_12,Urbano,2026,34.301601007706786,37.84705789999998,31.120394540000007,532
13,Zona_13,Urbano,2026,39.58674119531917,42.93648968000002,35.187838339999985,423
14,Zona_14,Urbano,2026,36.555567868873254,41.032652540000015,33.08575603999998,426
15,Zona_15,Urbano,2026,40.652343927297316,46.029797780000024,33.87873668000003,444
16,Zona_16,Urbano,2026,37.30211243464663,39.58683008000003,34.31966126000003,665
17,Zona_17,Urbano,2026,40.57187429117495,47.70804559999999,33.22247684000001,1149
18,Zona_18,Urbano,2026,34.24034732130626,38.81093954000005,31.366491979999978,689
19,Zona_19,Urbano,2026,36.82855554918683,39.68595266,30.354758059999995,455
20,Zona_20,Urbano,2026,35.97664140000001,37.922254339999995,33.34210754000003,261
21,Zona_21,Urbano,2026,32.38349874996589,37.26257648000001,25.89082394000002,293
22,Zona_22,Urbano,2026,35.412152494053316,38.39052307999998,30.23170934000001,713
23,Zona_23,Urbano,2026,31.37979435579594,36.27135068000001,25.57294808000006,490
24,Zona_24,Urbano,2026,36.68603463217144,46.20411680000001,31.482704660000024,350
25,Zona_25,Urbano,2026,39.72641790770494,44.39940224000003,33.22589486000004,366
26,Zona_26,Urbano,2026,38.42170336642204,40.43791706000002,36.63024278,327
27,Zona_27,Urbano,2026,39.14924898373834,42.90914552000004,31.711712000000034,321
28,Zona_28,Urbano,2026,37.229859245758774,39.77823920000003,34.69564346000004,257
29,Zona_29,Urbano,2026,38.271833573913064,40.48918736000002,37.00622498000001,276
30,Zona_30,Urbano,2026,36.5130230912748,39.94572218000002,30.067644380000047,353
31,Zona_31,Urbano,2026,40.125843885116296,43.92771548000002,36.23717048000003,258
32,Zona_32,Urbano,2026,34.94215684952383,38.70839894000005,30.658961840000018,567
33,Zona_33,Urbano,2026,31.79024727806952,37.49841986000001,26.98459034000001,518
34,Zona_34,Urbano,2026,30.912635891000022,35.92954868000004,24.61248446000002,360
35,Zona_35,Urbano,2026,37.015876684016405,40.53703963999999,33.21564080000002,244
36,Zona_36,Urbano,2026,37.790664896607616,39.68595266,35.35532132000003,395
37,Zona_37,Urbano,2026,33.454163540644316,39.98673842000005,24.140797700000007,745
38,Zona_38,Urbano,2026,39.47205785128573,42.41695063999998,32.81231444000002,140
39,Zona_39,Urbano,2026,39.375899067114645,42.07856665999998,36.907102399999985,253
40,Zona_40,Urbano,2026,38.002739175751096,47.28421112000001,32.93194514000004,466
41,Zona_41,Urbano,2026,33.8372526222195,39.576576020000005,30.720486199999982,811
42,Zona_42,Urbano,2026,36.4864059094458,38.67080071999999,32.50469264000003,415
43,Zona_43,Urbano,2026,32.131758944324346,33.80012222000005,27.760480880000046,74
44,Zona_44,Urbano,2026,40.21086211842107,44.25242738000003,35.659525099999996,646
45,Zona_45,Urbano,2026,38.09200609269567,40.23625388000005,35.54673044000003,690
46,Zona_46,Urbano,2026,30.762095267317097,35.5569845,27.729718700000035,738
47,Zona_47,Urbano,2026,35.38851078956524,37.92567236000002,33.39337784000003,207
48,Zona_48,Urbano,2026,38.031293230988155,39.62442829999998,36.19273622000003,253
49,Zona_49,Urbano,2026,35.371009155384634,39.14248748,29.53785128000004,195
50,Zona_50,Urbano,2026,39.354306258518534,42.96041581999998,36.315784940000015,486
51,Zona_51,Urbano,2026,33.3976424675416,38.95449638000002,29.472908899999993,541
52,Zona_52,Urbano,2026,32.1915851288889,34.41194780000001,26.420617040000025,81
53,Zona_53,Urbano,2026,37.2787434651095,40.051680799999986,34.97592110000005,274
54,Zona_54,Urbano,2026,42.42968573382242,45.02148188000001,37.00622498000001,259
55,Zona_55,Urbano,2026,38.13163247942859,44.51219690000005,32.415824120000025,490
56,Zona_56,Urbano,2026,37.64393593887852,41.20355354000003,30.624781640000037,321
57,Zona_57,Urbano,2026,38.90394119765959,41.16937333999999,36.00816314000002,282
58,Zona_58,Urbano,2026,31.792648960769245,33.37628774000001,29.941177639999978,78
59,Zona_59,Urbano,2026,34.85239635438358,39.86027167999998,26.912811920000024,438
60,Zona_60,Urbano,2026,31.584518693826265,37.11218359999998,28.960205900000005,541
61,Zona_61,Urbano,2026,38.95368131369233,40.458425180000006,34.83236426000002,260
62,Zona_62,Urbano,2026,35.262330033608265,43.24069345999999,29.373786320000022,388
63,Zona_63,Urbano,2026,42.077705871875025,43.763650520000056,36.42174355999998,544
64,Zona_64,Urbano,2026,39.56159969552633,47.47562024000001,33.25665704000005,1140
65,Zona_65,Urbano,2026,37.044149401078855,40.75237490000001,32.57305303999999,241
66,Zona_66,Urbano,2026,35.186084524494404,38.64687458000003,32.58330710000001,267
67,Zona_67,Urbano,2026,39.48906735741937,40.97796421999999,36.18590018000003,186
68,Zona_68,Urbano,2026,29.042784423133657,34.25813690000001,23.751143420000005,1302
69,Zona_69,Urbano,2026,33.2089695701887,38.872463900000014,28.023668420000035,477
70,Zona_70,Urbano,2026,36.70424660151081,38.643456560000004,33.499336459999995,278
71,Zona_71,Urbano,2026,31.427980234154948,34.84945435999998,28.42357676000006,852
72,Zona_72,Urbano,2026,36.198776016704564,40.916439860000025,33.27032912000004,352
73,Zona_73,Urbano,2026,37.35147929451507,39.96281227999998,35.00668328000006,299
74,Zona_74,Urbano,2026,37.82633407970876,39.38858492000003,35.56382054000005,412
75,Zona_75,Urbano,2026,40.09107522438777,43.58249546000002,33.608713100000045,392
76,Zona_76,Urbano,2026,32.310266745826105,39.39200294,28.09886486000005,460
77,Zona_77,Urbano,2026,33.210855572000014,35.300633000000005,29.373786320000022,120
78,Zona_78,Urbano,2026,35.53091862390246,39.07754510000001,32.22783302000005,246
79,Zona_79,Urbano,2026,37.67321403076235,45.339357740000025,25.26532628000001,669
80,Zona_80,Urbano,2026,38.07219992355558,41.05316066,34.808438120000005,405
81,Zona_81,Urbano,2026,35.891796841123615,37.7616074,33.19513268000003,267
82,Zona_82,Urbano,2026,34.214228489230784,37.63514066000005,27.179417479999984,169
83,Zona_83,Urbano,2026,35.7748247472603,39.932050100000026,30.44020856000003,730
84,Zona_84,Urbano,2026,34.57172844872416,41.14202918000001,26.830779440000015,580
85,Zona_85,Urbano,2026,36.8835092476218,38.609276360000024,34.039383620000024,349
86,Zona_86,Urbano,2026,39.60415590551726,42.07173062000004,37.15661785999998,174
87,Zona_87,Urbano,2026,40.034418787751505,44.20115708000003,36.20640830000002,338
88,Zona_88,Urbano,2026,30.29722139000002,33.71125370000004,25.371284899999978,66
89,Zona_89,Urbano,2026,35.165700601662614,38.66054666000002,31.70487595999998,409
90,Zona_90,Urbano,2026,33.10917409594597,38.14442564000001,29.021730260000027,148
91,Zona_91,Urbano,2026,37.18113295113848,39.09805322,35.42026370000002,325
92,Zona_92,Urbano,2026,35.071319350953075,39.43301918000003,30.628199660000007,703
93,Zona_93,Urbano,2026,35.71924633060871,42.49898312000005,31.479286640000055,345
94,Zona_94,Urbano,2026,38.34559760754493,39.672280580000006,36.74987348000002,167
95,Zona_95,Urbano,2026,38.516595433076944,40.05509882000001,35.96372888000002,364
96,Zona_96,Urbano,2026,38.02930094946481,40.184983579999994,35.52280430000002,355
97,Zona_97,Urbano,2026,37.284500037730076,39.456945320000045,33.39337784000003,326
98,Zona_98,Urbano,2026,36.819364842500015,39.5389778,33.94709708000005,408
99,Zona_99,Urbano,2026,37.11714580162438,38.98184054000001,32.95245326000003,394
100,Zona_100,Urbano,2026,37.77736859239391,43.68845408000004,34.562340680000034,589
101,Zona_101,Urbano,2026,35.53090480982661,37.52234600000003,33.13360832000001,173
102,Zona_102,Urbano,2026,29.24967554564553,33.77277806000001,25.40204707999999,457
103,Zona_103,Urbano,2026,38.28939935153847,41.48041316000001,32.01933380000003,234
104,Zona_104,Urbano,2026,32.47435379275231,39.95939426000001,25.68916076000005,218
105,Zona_105,Urbano,2026,28.398071080454567,34.55550463999998,22.42836968000006,396
106,Zona_106,Urbano,2026,35.19894439912026,37.98719672000004,32.450004320000005,341
107,Zona_107,Urbano,2026,36.09553438575223,41.589789800000005,31.626261500000055,226
108,Zona_108,Urbano,2026,42.10024972437502,45.72901202000003,37.64539472000001,256
109,Zona_109,Urbano,2026,39.8095835702198,42.46480292000001,34.37434958000006,182
110,Zona_110,Urbano,2026,39.72979407284799,43.69187210000001,35.79966392000006,467
111,Zona_111,Urbano,2026,37.508487346855915,40.04142674000002,35.481788059999985,458
112,Zona_112,Urbano,2026,38.43687607185381,41.897411600000055,34.398275720000015,383
113,Zona_113,Urbano,2026,36.19355219294432,40.913021840000056,32.84649464000006,377
114,Zona_114,Urbano,2026,35.43533261789476,38.68447279999998,31.03152602,323
115,Zona_115,Urbano,2026,37.482113591654155,39.73038692,35.48862410000004,266
116,Zona_116,Urbano,2026,31.85803173950002,36.62682475999998,29.325934039999993,480
117,Zona_117,Urbano,2026,38.53628984672415,41.23773374000001,34.449546020000014,116
118,Zona_118,Urbano,2026,36.68584785370863,39.21426589999999,32.15947262000003,302
119,Zona_119,Urbano,2026,36.59078515712002,38.02479493999999,33.93342500000006,375
120,Zona_120,Urbano,2026,30.17242008449629,40.00724653999998,24.650082680000025,1072
121,Zona_121,Urbano,2026,38.16823892084907,43.910625380000056,30.023210120000044,848
122,Zona_122,Urbano,2026,32.13850923094264,36.66784100000001,24.00749492,488
123,Zona_123,Urbano,2026,29.57169222243178,33.99153134000005,22.66421306000001,403
124,Zona_124,Urbano,2026,37.6488535928287,40.345630519999986,34.336751359999994,251
125,Zona_125,Urbano,2026,35.160836860668404,38.89297202,29.15161502000001,778
126,Zona_126,Urbano,2026,39.67718165150839,44.39598422000006,31.66727774000003,537
127,Zona_127,Urbano,2026,39.70724381730911,44.37205807999999,31.229771180000057,550
128,Zona_128,Urbano,2026,36.7725033649102,41.13519314000001,32.37480788000005,501
129,Zona_129,Urbano,2026,36.05179640945456,39.638100380000026,31.37332802000003,495
130,Zona_130,Urbano,2026,37.25496113144003,40.52678558000002,31.988571620000016,250
131,Zona_131,Urbano,2026,37.962695510284384,42.635703920000026,32.31328352000003,422
132,Zona_132,Urbano,2026,36.66959210384239,40.65325231999998,33.759105980000015,406
133,Zona_133,Urbano,2026,37.745200904000015,39.09463520000003,36.24742454,95
134,Zona_134,Urbano,2026,30.570421449920016,34.70589752000001,27.473367199999984,375
135,Zona_135,Urbano,2026,36.86411422538464,41.439396920000036,32.23466905999999,468
136,Zona_136,Urbano,2026,38.19855503849058,40.90276777999998,33.677073500000006,159
137,Zona_137,Urbano,2026,35.97854466528737,38.86562786000002,33.0447398,783
138,Zona_138,Urbano,2026,35.281176578461555,39.340732640000056,31.513466839999978,156
139,Zona_139,Urbano,2026,37.248548124299695,39.610756219999985,34.65804523999998,307
140,Zona_140,Urbano,2026,37.23765613885352,39.69278870000005,34.05989174000001,471
141,Zona_141,Urbano,2026,36.53083400215313,40.889095699999984,29.336188100000015,418
142,Zona_142,Urbano,2026,37.527373171318885,40.147385360000044,34.24788283999999,599
143,Zona_143,Urbano,2026,35.53943250540542,37.56336224000006,33.50959052000002,74
144,Zona_144,Urbano,2026,35.203456445985424,38.17518782000002,31.91679320000003,411
145,Zona_145,Urbano,2026,39.33308068554841,43.96873172000005,32.740536020000036,465
146,Zona_146,Urbano,2026,36.313568141086286,40.23283586000002,33.468574279999984,313
147,Zona_147,Urbano,2026,34.83695620060705,39.29629838000005,28.700436380000042,626
148,Zona_148,Urbano,2026,38.00311368601697,39.45352730000002,34.87679852000002,236
149,Zona_149,Urbano,2026,28.782770450000015,34.31966126000003,23.583660440000017,306
150,Zona_150,Urbano,2026,41.98344460763382,48.336961280000025,32.921691080000016,710
151,Zona_151,Urbano,2026,30.091284849706764,35.16733022000005,26.94015608000001,1364
152,Zona_152,Urbano,2026,35.82837973661607,39.62442829999998,30.744412340000054,461
153,Zona_153,Urbano,2026,38.23190927258623,42.10591082000002,32.29277539999998,232
154,Zona_154,Urbano,2026,38.10078529662593,44.67626186000001,31.80741655999998,409
155,Zona_155,Urbano,2026,39.39596768120855,46.00245361999998,32.81573246000005,844
156,Zona_156,Urbano,2026,35.89800395331581,41.38470860000001,32.29619342000001,760
157,Zona_157,Urbano,2026,29.043365789738235,32.94903524000006,26.143757420000043,191
158,Zona_158,Urbano,2026,36.26580022364181,39.932050100000026,31.83817873999999,670
159,Zona_159,Urbano,2026,36.11671666497961,39.460363340000015,32.20390687999998,245
160,Zona_160,Urbano,2026,31.583683118046896,36.172228099999984,29.992447940000034,256
161,Zona_161,Urbano,2026,37.14020963772729,38.71865300000002,34.777675939999995,396
162,Zona_162,Urbano,2026,39.3592945564413,43.93113349999999,34.07698184000003,281
163,Zona_163,Urbano,2026,37.9211970147471,43.917461419999995,33.465156260000015,1542
164,Zona_164,Urbano,2026,38.63266447833335,41.30609414000003,36.73278338,216
165,Zona_165,Urbano,2026,36.44216917606898,40.09611505999999,32.29619342000001,290
166,Zona_166,Urbano,2026,34.89443209827588,39.23477402000003,30.55300322000005,522
167,Zona_167,Urbano,2026,34.53704148923078,37.13952776000002,31.120394540000007,351
168,Zona_168,Urbano,2026,37.01203374622953,38.95791440000005,34.722987620000026,183
169,Zona_169,Urbano,2026,33.02768703274273,38.91689816000002,30.392356280000058,824
170,Zona_170,Urbano,2026,36.66078645643837,38.84511974000003,34.11458005999998,219
171,Zona_171,Urbano,2026,31.294696533748464,35.69370530000003,28.792722920000017,803
172,Zona_172,Urbano,2026,28.75923025275864,33.724925780000035,24.745787240000027,174
173,Zona_173,Urbano,2026,34.85923767473056,37.17370796,27.948471980000022,334
174,Zona_174,Urbano,2026,36.73448603680299,39.19033976000003,33.89924480000002,269
175,Zona_175,Urbano,2026,34.582907935294145,37.98719672000004,31.082796320000057,289
176,Zona_176,Urbano,2026,41.07165548843375,47.355989539999996,37.35144500000001,747
177,Zona_177,Urbano,2026,35.94784726200529,38.906644099999994,33.27032912000004,379
178,Zona_178,Urbano,2026,38.830156408000015,47.94730700000002,32.98321543999998,495
179,Zona_179,Urbano,2026,39.659179455936815,42.72457244000003,36.92077447999998,443
180,Zona_180,Urbano,2026,36.38818366733335,39.83976356000005,30.091570520000005,270
181,Zona_181,Urbano,2026,38.23887007553799,40.65325231999998,34.056473719999985,632
182,Zona_182,Urbano,2026,37.80992181025512,41.408634740000025,32.21074292000003,392
183,Zona_183,Urbano,2026,38.23719230321072,40.130295260000025,35.331395180000015,299
184,Zona_184,Urbano,2026,34.87003350379222,38.17176979999999,29.578867520000017,385
185,Zona_185,Urbano,2026,41.102972604800016,45.71192192000001,34.839200300000016,450
186,Zona_186,Urbano,2026,31.185276245088776,37.149781820000044,27.056368760000055,676
187,Zona_187,Urbano,2026,37.73847571870272,41.27191393999999,32.23466905999999,185
188,Zona_188,Urbano,2026,39.68606984925716,42.051222499999994,35.07504368000002,350
189,Zona_189,Urbano,2026,31.3693259079747,35.22201854000002,28.55346152000004,158
190,Zona_190,Urbano,2026,36.21448678769232,42.70064630000002,27.975816140000006,663
191,Zona_191,Urbano,2026,33.782274403592254,39.43985522000003,30.78542858000003,618
192,Zona_192,Urbano,2026,39.61257506354758,42.748498580000046,35.65610708000003,389
193,Zona_193,Urbano,2026,34.401585162490484,45.568365080000035,28.006578320000017,787
194,Zona_194,Urbano,2026,36.20009329963417,42.74508056000002,29.749768520000032,492
195,Zona_195,Urbano,2026,40.12787964009617,43.623511699999995,35.68003322000004,208
196,Zona_196,Urbano,2026,38.07752716421688,40.93011194000002,35.738139560000036,332
197,Zona_197,Urbano,2026,35.93762763636366,37.78895155999999,34.17610442,99
198,Zona_198,Urbano,2026,29.27225089061778,34.75374980000004,25.531931840000027,1554
199,Zona_199,Urbano,2026,36.684457937502444,47.714881640000044,30.467552720000015,1033
200,Zona_200,Urbano,2026,33.87817422101268,37.559944220000034,30.470970739999984,79
201,Zona_201,Urbano,2026,34.4344551392453,38.81777557999999,29.609629700000028,318
202,Zona_202,Urbano,2026,37.55717204680234,42.328082119999976,32.30644748000003,344
203,Zona_203,Urbano,2026,42.72276099722399,45.15136663999999,39.96281227999998,317
204,Zona_204,Urbano,2026,37.05050350287772,41.524847420000015,32.562798980000025,417
205,Zona_205,Urbano,2026,34.836227229349134,38.84853776,29.370368299999996,169
206,Zona_206,Urbano,2026,39.06347002200876,41.8461413,34.78451198000005,458
207,Zona_207,Urbano,2026,36.27082549304787,40.916439860000025,31.882612999999992,397
208,Zona_208,Urbano,2026,36.69540710935066,39.02627480000001,33.92317093999998,231
209,Zona_209,Urbano,2026,37.23466602082843,38.94082430000003,35.461279940000054,169
210,Zona_210,Urbano,2026,37.14169753250002,40.34904854000001,32.64141344000001,408
211,Zona_211,Urbano,2026,37.84261597973569,40.10978713999998,35.75181164000003,227
212,Zona_212,Urbano,2026,34.93626692812032,39.36807680000004,30.829862840000033,133
213,Zona_213,Urbano,2026,35.77583389304044,41.46674108000002,28.635493999999994,569
214,Zona_214,Urbano,2026,37.4099571902412,42.980923940000025,32.94561722000003,539
215,Zona_215,Urbano,2026,38.92127828933335,40.97454620000002,36.50719406000002,270
216,Zona_216,Urbano,2026,31.6459733070968,35.97398294000004,25.993364540000016,279
217,Zona_217,Urbano,2026,35.178568255454564,39.47745343999998,30.727322240000035,264
218,Zona_218,Urbano,2026,31.463560513280775,38.68789082000001,24.13737967999998,634
219,Zona_219,Urbano,2026,31.74132593890627,36.95153665999999,24.315116719999992,512
220,Zona_220,Urbano,2026,36.07280291863181,38.95791440000005,30.73415828000003,497
221,Zona_221,Urbano,2026,29.074095354375963,34.27522700000003,23.25211250000001,665
222,Zona_222,Urbano,2026,33.29562246800002,39.27579026000001,28.013414360000013,630
223,Zona_223,Urbano,2026,40.44759689264002,43.97214974000002,36.575554460000035,125
224,Zona_224,Urbano,2026,35.902100943636384,39.54923186000002,28.90209956000001,363
225,Zona_225,Urbano,2026,37.45388123297712,39.757731079999985,33.60187705999999,262
226,Zona_226,Urbano,2026,38.560568078493894,42.87496532,34.96224902000006,571
227,Zona_227,Urbano,2026,31.838337275250485,40.37981072000002,29.004640160000008,539
228,Zona_228,Urbano,2026,35.965134004045694,38.83144765999998,31.920211220000056,613
229,Zona_229,Urbano,2026,37.47485943407409,39.74405899999999,32.039841920000015,243
230,Zona_230,Urbano,2026,37.86789768770891,42.37251637999998,34.09065392000002,371
231,Zona_231,Urbano,2026,38.89377681695293,42.454548860000045,35.42368171999999,722
232,Zona_232,Urbano,2026,36.25779177947022,42.50581915999999,32.743954040000006,302
233,Zona_233,Urbano,2026,30.524385680000023,37.806041660000005,25.508005700000012,357
234,Zona_234,Urbano,2026,35.627012226829294,42.51949123999998,30.27956161999998,451
235,Zona_235,Urbano,2026,39.47670251136366,44.242173320000006,33.32843546000004,396
236,Zona_236,Urbano,2026,34.81363124430941,39.07412708000004,31.564737140000034,181
237,Zona_237,Urbano,2026,37.85852709808734,40.81731728,35.37924745999999,481
238,Zona_238,Urbano,2026,27.881601486153865,32.856748700000026,25.14911360000002,156
239,Zona_239,Urbano,2026,38.5033645621918,43.360324160000005,32.55938096,438
240,Zona_240,Urbano,2026,37.04297653449543,38.98867658000006,34.777675939999995,218
241,Zona_241,Urbano,2026,39.58269453671757,42.05464052000002,34.09407194000005,262
242,Zona_242,Urbano,2026,41.41879341339536,43.999493900000004,37.24548637999999,215
243,Zona_243,Urbano,2026,39.666695035121975,41.98969814000003,35.66294312000002,328
244,Zona_244,Urbano,2026,36.803168044271864,41.84272328000003,33.97785926000006,103
245,Zona_245,Urbano,2026,37.85741683648538,40.81389926000003,33.36603367999999,717
246,Zona_246,Urbano,2026,35.19740879600002,38.11024544000003,31.24686128000002,140
247,Zona_247,Urbano,2026,30.17489753249171,38.15467970000003,24.458673560000022,602
248,Zona_248,Urbano,2026,29.49885670244844,34.463218100000006,24.926942300000007,727
249,Zona_249,Urbano,2026,34.38203742940065,39.5389778,29.021730260000027,317
250,Zona_250,Urbano,2026,36.74699514736844,39.15615955999999,34.04621966000002,380
251,Zona_251,Urbano,2026,36.24005102265358,38.937406280000005,30.751248379999993,407
252,Zona_252,Urbano,2026,37.51704314592594,39.067291039999986,36.13121186000001,243
253,Zona_253,Urbano,2026,37.10265644923078,40.07218892000003,33.15411644000005,221
254,Zona_254,Urbano,2026,37.60343557793105,43.767068540000025,29.619883759999993,754
255,Zona_255,Urbano,2026,38.04147274964983,39.68595266,34.99301120000001,257
256,Zona_256,Urbano,2026,37.30263463863638,42.314410039999984,31.70487595999998,264
257,Zona_257,Urbano,2026,41.324781913843665,43.97556775999999,36.490103960000056,614
258,Zona_258,Urbano,2026,37.67472666468087,40.14054931999999,34.70589752000001,282
259,Zona_259,Urbano,2026,37.643596654888356,39.76114910000001,33.73176182000003,403
260,Zona_260,Urbano,2026,38.404697810000016,41.85981337999999,30.614527580000015,204
261,Zona_261,Urbano,2026,27.686117505806468,31.216099100000008,24.64324664000003,279
262,Zona_262,Urbano,2026,37.52136294115046,39.757731079999985,34.839200300000016,226
263,Zona_263,Urbano,2026,36.746455460000014,40.25334398000001,33.75226994000002,153
264,Zona_264,Urbano,2026,36.67657155454967,38.78359538000001,32.911437019999994,433
265,Zona_265,Urbano,2026,37.9136184730435,40.22599982000003,35.30746904,207
266,Zona_266,Urbano,2026,36.11264248577051,39.689370680000025,29.98219388000001,305
267,Zona_267,Urbano,2026,34.271394674545476,35.755229660000055,33.28741922000006,33
268,Zona_268,Urbano,2026,36.01825443714288,38.73232508000001,33.150698420000026,378
269,Zona_269,Urbano,2026,37.24957741721241,41.788034960000005,31.431434360000026,452
270,Zona_270,Urbano,2026,40.906004385186996,45.36328388000004,32.067186080000056,829
271,Zona_271,Rural,2026,24.353278842517273,31.53739298000005,15.209511440000028,4346
272,Zona_272,Rural,2026,22.77146615663993,28.96704194000006,15.86577127999999,3863
273,Zona_273,Rural,2026,32.846728750958924,39.193757780000055,26.67696854000002,146
274,Zona_274,Rural,2026,23.39469673561921,38.27772842000002,18.552335000000028,9464
275,Zona_275,Rural,2026,21.15434532495603,27.247777880000058,12.6049802,3410
276,Zona_276,Rural,2026,21.78992621250998,26.994844400000034,19.670027539999978,3012
277,Zona_277,Rural,2026,29.234690366179922,39.788493259999996,23.34781706000001,3602
278,Zona_278,Rural,2026,25.154527143192304,32.13212845999999,18.43612231999998,3734
279,Zona_279,Rural,2026,22.42050677597808,28.105700899999988,19.752060020000044,1641
280,Zona_280,Rural,2026,29.133828266908885,40.34904854000001,22.589016620000052,3248
281,Zona_281,Rural,2026,24.99161115436757,32.84649464000006,20.17247648,8135
282,Zona_282,Rural,2026,23.298747088601253,32.75079008,16.829652920000058,16679
283,Zona_283,Rural,2026,25.269325096367208,33.38995982000006,20.186148559999992,4608
284,Zona_284,Rural,2026,27.087472441117974,36.40807147999999,23.159825960000035,2272
285,Zona_285,Rural,2026,22.645588094376663,30.334249940000007,19.66660952000001,3425
286,Zona_286,Rural,2026,21.995161798793035,27.032442619999983,17.16803690000006,5783
287,Zona_287,Rural,2026,27.445021042194007,35.20492844,22.206198380000046,3227
288,Zona_288,Rural,2026,22.747853248341173,26.56075586000003,19.775986160000002,2345
289,Zona_289,Rural,2026,27.888091416549784,36.85925012000001,22.640286919999994,7414
290,Zona_290,Rural,2026,22.157838279885734,27.750226820000023,19.35215168000002,1925
291,Zona_291,Rural,2026,26.57197017138517,31.581827240000052,21.90883064000002,2303
292,Zona_292,Rural,2026,34.178750655321906,39.92863208000006,27.657940280000048,4194
293,Zona_293,Rural,2026,25.152796726562418,32.93536316000001,17.79695258000004,3133
294,Zona_294,Rural,2026,30.065185662783037,33.171206540000014,26.69064062000001,424
295,Zona_295,Rural,2026,22.878545285955806,32.11162034000006,15.496625120000033,6921
296,Zona_296,Rural,2026,21.85478614584013,29.992447940000034,11.928212239999993,5654
297,Zona_297,Rural,2026,27.48284686484377,30.747830360000023,24.96795854000004,1152
298,Zona_298,Rural,2026,25.672386308284977,30.18043904000001,19.45127425999999,3411
299,Zona_299,Rural,2026,23.508288528472,33.888990740000054,17.366282060000003,7441
300,Zona_300,Rural,2026,23.299177627581443,34.72982366000002,14.659210219999977,15567
301,Zona_301,Rural,2026,25.521148249349615,36.11070374000002,17.902911200000005,4428
302,Zona_302,Rural,2026,31.12254884168887,37.55652620000001,25.631054420000055,2629
303,Zona_303,Rural,2026,31.626799325093184,36.77038160000001,26.639370320000012,966
304,Zona_304,Rural,2026,29.616232533538863,40.54729370000001,23.963060659999996,7299
305,Zona_305,Rural,2026,23.871479403075337,36.886594280000054,17.116766600000005,19172
306,Zona_306,Rural,2026,22.03551544634016,27.06662282000002,19.065038000000015,5533
307,Zona_307,Rural,2026,24.8482638227323,38.56484210000002,14.105490980000013,8169
308,Zona_308,Rural,2026,26.095294989573663,30.416282420000016,20.186148559999992,4644
309,Zona_309,Rural,2026,30.508493575097766,39.10488926000005,24.831237740000006,1995
310,Zona_310,Rural,2026,26.42548311106481,32.93536316000001,21.211554560000025,2207
311,Zona_311,Rural,2026,28.500617680304895,35.42709974000002,23.351235080000038,1312
312,Zona_312,Rural,2026,26.146138750302633,31.98173558000002,23.152989919999982,2908
313,Zona_313,Rural,2026,27.37524577917622,31.858686860000034,24.28093652000001,2185
314,Zona_314,Rural,2026,23.893707100880125,31.209263060000012,15.332560160000014,9158
315,Zona_315,Rural,2026,21.798607218682108,33.52326260000001,15.277871839999989,10289
316,Zona_316,Rural,2026,22.000386877230387,30.84695294000005,14.730988640000021,10774
317,Zona_317,Rural,2026,22.78722203558141,28.751706679999984,10.783175540000002,3440
318,Zona_318,Rural,2026,25.888177125427934,32.40898808000003,20.671507399999996,2185
319,Zona_319,Rural,2026,22.94882859224836,36.91735646000001,17.127020660000028,22759
320,Zona_320,Rural,2026,29.54911011228348,36.61998872000004,25.767775220000033,1143
321,Zona_321,Rural,2026,27.000314998418627,33.150698420000026,20.16905846000003,1935
322,Zona_322,Rural,2026,29.74304092481788,37.512091940000005,22.930818620000025,1702
323,Zona_323,Rural,2026,29.234928254559875,36.117539780000016,24.229666220000013,3408
324,Zona_324,Rural,2026,25.913107262214105,32.070604100000025,17.690993960000014,3279
325,Zona_325,Rural,2026,29.75057811089822,37.78211552000005,25.56269401999998,1503
326,Zona_326,Rural,2026,33.446236139354056,38.28114644000004,30.28981568000006,805
327,Zona_327,Rural,2026,32.441046750344846,34.96566704000003,29.630137820000016,58
328,Zona_328,Rural,2026,34.458644227826106,37.412969360000034,31.154574740000044,207
329,Zona_329,Rural,2026,32.62118096677421,37.26257648000001,29.39087642000004,372
330,Zona_330,Rural,2026,34.036784627330974,39.77823920000003,28.03392248,843
331,Zona_331,Rural,2026,29.092885192677425,35.12631398000002,23.833175900000015,2297
